"file","date","composition_name","temp_series","replicate","sample_ID","magnification","predict_spec","mean.dens.ml","biomass","day"
"20260212_001",2026-02-12,"DLPT","TS1",3,"DLPT_TS1_3",2.5,"D",955.28136,4.1080272367153e-05,1
"20260212_001",2026-02-12,"DLPT","TS1",3,"DLPT_TS1_3",2.5,"L",94.52344,4.9602161872027e-06,1
"20260212_001",2026-02-12,"DLPT","TS1",3,"DLPT_TS1_3",2.5,"P",354.92424,9.28043006743238e-05,1
"20260212_001",2026-02-12,"DLPT","TS1",3,"DLPT_TS1_3",2.5,"T",488.20024,1.05369915680377e-05,1
"20260212_002",2026-02-12,"LPT","TS1",1,"LPT_TS1_1",2.5,"L",1752.68192,5.74078560319092e-05,1
"20260212_002",2026-02-12,"LPT","TS1",1,"LPT_TS1_1",2.5,"P",537.40984,0.00012462089333121,1
"20260212_002",2026-02-12,"LPT","TS1",1,"LPT_TS1_1",2.5,"T",1112.95712,2.52526298065988e-05,1
"20260212_003",2026-02-12,"DLPT","TS1",2,"DLPT_TS1_2",2.5,"D",1576.14248,5.34108185803956e-05,1
"20260212_003",2026-02-12,"DLPT","TS1",2,"DLPT_TS1_2",2.5,"L",309.81544,6.75739067642496e-06,1
"20260212_003",2026-02-12,"DLPT","TS1",2,"DLPT_TS1_2",2.5,"P",159.9312,4.30178659926978e-05,1
"20260212_003",2026-02-12,"DLPT","TS1",2,"DLPT_TS1_2",2.5,"T",401.26328,5.10858520187215e-06,1
"20260212_004",2026-02-12,"CD","TS1",3,"CD_TS1_3",2.5,"C",1244.38776,0.00012221872571076,1
"20260212_004",2026-02-12,"CD","TS1",3,"CD_TS1_3",2.5,"D",1482.84928,6.29244934650732e-05,1
"20260212_005",2026-02-12,"CLT","TS1",1,"CLT_TS1_1",2.5,"C",1032.3764,8.23174394552253e-05,1
"20260212_005",2026-02-12,"CLT","TS1",1,"CLT_TS1_1",2.5,"L",614.0948,2.58476254539304e-05,1
"20260212_005",2026-02-12,"CLT","TS1",1,"CLT_TS1_1",2.5,"T",665.76488,1.8813606296735e-05,1
"20260212_006",2026-02-12,"DPT","TS1",3,"DPT_TS1_3",2.5,"D",1394.68208,5.59532596644045e-05,1
"20260212_006",2026-02-12,"DPT","TS1",3,"DPT_TS1_3",2.5,"P",1057.39128,0.0002139195715996,1
"20260212_006",2026-02-12,"DPT","TS1",3,"DPT_TS1_3",2.5,"T",776.89656,1.48108278079072e-05,1
"20260212_007",2026-02-12,"CLT","TS1",2,"CLT_TS1_2",2.5,"C",874.29056,7.44282249788985e-05,1
"20260212_007",2026-02-12,"CLT","TS1",2,"CLT_TS1_2",2.5,"L",573.49688,2.61652317741839e-05,1
"20260212_007",2026-02-12,"CLT","TS1",2,"CLT_TS1_2",2.5,"T",751.67664,2.37188069585006e-05,1
"20260212_008",2026-02-12,"CDLP","TS1",2,"CDLP_TS1_2",2.5,"C",650.38688,6.50563429674088e-05,1
"20260212_008",2026-02-12,"CDLP","TS1",2,"CDLP_TS1_2",2.5,"D",2245.39304,8.15776973901997e-05,1
"20260212_008",2026-02-12,"CDLP","TS1",2,"CDLP_TS1_2",2.5,"L",391.83144,1.01623943745328e-05,1
"20260212_008",2026-02-12,"CDLP","TS1",2,"CDLP_TS1_2",2.5,"P",642.18528,0.00013947770794101,1
"20260212_009",2026-02-12,"PT","TS1",1,"PT_TS1_1",2.5,"P",695.90576,0.00015359695312599,1
"20260212_009",2026-02-12,"PT","TS1",1,"PT_TS1_1",2.5,"T",1266.73712,1.73179234656686e-05,1
"20260212_010",2026-02-12,"LPT","TS1",2,"LPT_TS1_2",2.5,"L",2066.59816,6.30237354328931e-05,1
"20260212_010",2026-02-12,"LPT","TS1",2,"LPT_TS1_2",2.5,"P",496.60688,9.99528720387288e-05,1
"20260212_010",2026-02-12,"LPT","TS1",2,"LPT_TS1_2",2.5,"T",1084.6616,2.62796579153749e-05,1
"20260212_011",2026-02-12,"CDLT","TS1",3,"CDLT_TS1_3",2.5,"C",732.19784,5.6692812128678e-05,1
"20260212_011",2026-02-12,"CDLT","TS1",3,"CDLT_TS1_3",2.5,"D",746.55064,3.27182895495228e-05,1
"20260212_011",2026-02-12,"CDLT","TS1",3,"CDLT_TS1_3",2.5,"L",123.22904,4.12312774092067e-06,1
"20260212_011",2026-02-12,"CDLT","TS1",3,"CDLT_TS1_3",2.5,"T",497.63208,1.35065272270752e-05,1
"20260212_012",2026-02-12,"DLPT","TS1",1,"DLPT_TS1_1",2.5,"D",2074.79976,7.29026382040169e-05,1
"20260212_012",2026-02-12,"DLPT","TS1",1,"DLPT_TS1_1",2.5,"L",273.11328,4.78337233286908e-06,1
"20260212_012",2026-02-12,"DLPT","TS1",1,"DLPT_TS1_1",2.5,"P",797.40056,0.000174105619128,1
"20260212_012",2026-02-12,"DLPT","TS1",1,"DLPT_TS1_1",2.5,"T",353.694,8.50498237904802e-06,1
"20260212_013",2026-02-12,"LT","TS1",3,"LT_TS1_3",2.5,"L",1366.18152,4.7212754313463e-05,1
"20260212_013",2026-02-12,"LT","TS1",3,"LT_TS1_3",2.5,"T",2403.47888,7.24307907991649e-05,1
"20260212_014",2026-02-12,"CDLT","TS1",2,"CDLT_TS1_2",2.5,"C",839.84384,8.11641549447796e-05,1
"20260212_014",2026-02-12,"CDLT","TS1",2,"CDLT_TS1_2",2.5,"D",1069.07856,4.29095060979827e-05,1
"20260212_014",2026-02-12,"CDLT","TS1",2,"CDLT_TS1_2",2.5,"L",106.00568,5.09238886685825e-06,1
"20260212_014",2026-02-12,"CDLT","TS1",2,"CDLT_TS1_2",2.5,"T",439.8108,1.62056665416592e-05,1
"20260212_015",2026-02-12,"LT","TS1",2,"LT_TS1_2",2.5,"L",1679.68768,5.06573299857831e-05,1
"20260212_015",2026-02-12,"LT","TS1",2,"LT_TS1_2",2.5,"T",2472.57736,7.69394556202222e-05,1
"20260212_016",2026-02-12,"CDLT","TS1",1,"CDLT_TS1_1",2.5,"C",869.57464,7.54082466063195e-05,1
"20260212_016",2026-02-12,"CDLT","TS1",1,"CDLT_TS1_1",2.5,"D",1214.65696,5.09020652012436e-05,1
"20260212_016",2026-02-12,"CDLT","TS1",1,"CDLT_TS1_1",2.5,"L",202.57952,6.02646839380735e-06,1
"20260212_016",2026-02-12,"CDLT","TS1",1,"CDLT_TS1_1",2.5,"T",452.52328,1.20029210616264e-05,1
"20260212_017",2026-02-12,"DPT","TS1",1,"DPT_TS1_1",2.5,"D",1650.36696,6.13370074720167e-05,1
"20260212_017",2026-02-12,"DPT","TS1",1,"DPT_TS1_1",2.5,"P",907.302,0.00020905404339685,1
"20260212_017",2026-02-12,"DPT","TS1",1,"DPT_TS1_1",2.5,"T",700.41664,1.52435397956753e-05,1
"20260212_018",2026-02-12,"DPT","TS1",2,"DPT_TS1_2",2.5,"D",1802.71168,6.4064305754752e-05,1
"20260212_018",2026-02-12,"DPT","TS1",2,"DPT_TS1_2",2.5,"P",982.55168,0.00020330412276643,1
"20260212_018",2026-02-12,"DPT","TS1",2,"DPT_TS1_2",2.5,"T",527.56792,1.17885063043885e-05,1
"20260212_019",2026-02-12,"PT","TS1",3,"PT_TS1_3",2.5,"P",535.35944,0.00014005900737456,1
"20260212_019",2026-02-12,"PT","TS1",3,"PT_TS1_3",2.5,"T",842.50936,1.17292605271932e-05,1
"20260212_020",2026-02-12,"CDLP","TS1",1,"CDLP_TS1_1",2.5,"C",655.1028,6.54954359624096e-05,1
"20260212_020",2026-02-12,"CDLP","TS1",1,"CDLP_TS1_1",2.5,"D",1845.97512,6.59622611179425e-05,1
"20260212_020",2026-02-12,"CDLP","TS1",1,"CDLP_TS1_1",2.5,"L",718.46016,2.02198395013792e-05,1
"20260212_020",2026-02-12,"CDLP","TS1",1,"CDLP_TS1_1",2.5,"P",669.4556,0.00014611014898206,1
"20260212_021",2026-02-12,"CDLP","TS1",3,"CDLP_TS1_3",2.5,"C",516.29072,6.04677878451392e-05,1
"20260212_021",2026-02-12,"CDLP","TS1",3,"CDLP_TS1_3",2.5,"D",1711.26384,5.78112388996552e-05,1
"20260212_021",2026-02-12,"CDLP","TS1",3,"CDLP_TS1_3",2.5,"L",645.05584,1.59191150650071e-05,1
"20260212_021",2026-02-12,"CDLP","TS1",3,"CDLP_TS1_3",2.5,"P",648.9516,0.00015352463065347,1
"20260212_022",2026-02-12,"CD","TS1",1,"CD_TS1_1",2.5,"C",1055.75096,0.00010183013547438,1
"20260212_022",2026-02-12,"CD","TS1",1,"CD_TS1_1",2.5,"D",1346.0876,5.32959580323071e-05,1
"20260212_023",2026-02-12,"LPT","TS1",3,"LPT_TS1_3",2.5,"L",1303.64432,4.28585388130367e-05,1
"20260212_023",2026-02-12,"LPT","TS1",3,"LPT_TS1_3",2.5,"P",690.16464,0.00017492376353061,1
"20260212_023",2026-02-12,"LPT","TS1",3,"LPT_TS1_3",2.5,"T",839.22872,1.5191782321688e-05,1
"20260212_024",2026-02-12,"LT","TS1",1,"LT_TS1_1",2.5,"L",1365.15632,4.88685550661669e-05,1
"20260212_024",2026-02-12,"LT","TS1",1,"LT_TS1_1",2.5,"T",1982.12168,6.86560348009522e-05,1
"20260212_025",2026-02-12,"CLT","TS1",3,"CLT_TS1_3",2.5,"C",670.89088,4.68979686946764e-05,1
"20260212_025",2026-02-12,"CLT","TS1",3,"CLT_TS1_3",2.5,"L",473.84744,2.02184922947661e-05,1
"20260212_025",2026-02-12,"CLT","TS1",3,"CLT_TS1_3",2.5,"T",721.53576,2.47062953363612e-05,1
"20260212_026",2026-02-12,"CD","TS1",2,"CD_TS1_2",2.5,"C",1213.8368,0.00012845323144723,1
"20260212_026",2026-02-12,"CD","TS1",2,"CD_TS1_2",2.5,"D",1399.60304,6.52028997311493e-05,1
"20260212_027",2026-02-12,"PT","TS1",2,"PT_TS1_2",2.5,"P",1439.58584,0.00034352028930675,1
"20260212_027",2026-02-12,"PT","TS1",2,"PT_TS1_2",2.5,"T",1159.5012,1.66650562360098e-05,1
"20260212_028",2026-02-12,"CLT","TS2",1,"CLT_TS2_1",2.5,"C",1094.50352,9.08831199597093e-05,1
"20260212_028",2026-02-12,"CLT","TS2",1,"CLT_TS2_1",2.5,"L",680.7328,3.15923525604732e-05,1
"20260212_028",2026-02-12,"CLT","TS2",1,"CLT_TS2_1",2.5,"T",937.23784,3.04472028061408e-05,1
"20260212_029",2026-02-12,"CP","TS2",1,"CP_TS2_1",2.5,"C",279.26448,4.96270317500055e-05,1
"20260212_029",2026-02-12,"CP","TS2",1,"CP_TS2_1",2.5,"P",763.774,0.00015732748680844,1
"20260212_030",2026-02-12,"CDPT","TS2",1,"CDPT_TS2_1",2.5,"C",253.83952,2.48710774847311e-05,1
"20260212_030",2026-02-12,"CDPT","TS2",1,"CDPT_TS2_1",2.5,"D",987.67768,2.81502517369589e-05,1
"20260212_030",2026-02-12,"CDPT","TS2",1,"CDPT_TS2_1",2.5,"P",508.70424,0.00011496907280527,1
"20260212_030",2026-02-12,"CDPT","TS2",1,"CDPT_TS2_1",2.5,"T",462.16016,8.0504441869673e-06,1
"20260212_031",2026-02-12,"CDPT","TS2",3,"CDPT_TS2_3",2.5,"C",186.99648,2.67464991999157e-05,1
"20260212_031",2026-02-12,"CDPT","TS2",3,"CDPT_TS2_3",2.5,"D",1188.82192,4.174044407838e-05,1
"20260212_031",2026-02-12,"CDPT","TS2",3,"CDPT_TS2_3",2.5,"P",541.3056,9.68808884836757e-05,1
"20260212_031",2026-02-12,"CDPT","TS2",3,"CDPT_TS2_3",2.5,"T",552.5828,1.07222833791008e-05,1
"20260212_032",2026-02-12,"LT","TS2",3,"LT_TS2_3",2.5,"L",1517.70608,4.95703244824248e-05,1
"20260212_032",2026-02-12,"LT","TS2",3,"LT_TS2_3",2.5,"T",2009.18696,6.15561472403703e-05,1
"20260212_033",2026-02-12,"PT","TS2",3,"PT_TS2_3",2.5,"P",914.68344,0.00018959714450421,1
"20260212_033",2026-02-12,"PT","TS2",3,"PT_TS2_3",2.5,"T",1073.79448,1.69235172662831e-05,1
"20260212_034",2026-02-12,"DPT","TS2",3,"DPT_TS2_3",2.5,"D",1863.8136,5.24471222834896e-05,1
"20260212_034",2026-02-12,"DPT","TS2",3,"DPT_TS2_3",2.5,"P",746.3456,0.00015370049249511,1
"20260212_034",2026-02-12,"DPT","TS2",3,"DPT_TS2_3",2.5,"T",706.3628,1.39696138455177e-05,1
"20260212_035",2026-02-12,"PT","TS2",1,"PT_TS2_1",2.5,"P",958.562,0.00021393699743688,1
"20260212_035",2026-02-12,"PT","TS2",1,"PT_TS2_1",2.5,"T",991.57344,1.59364653358265e-05,1
"20260212_036",2026-02-12,"CDLT","TS2",3,"CDLT_TS2_3",2.5,"C",753.93208,4.86293938955308e-05,1
"20260212_036",2026-02-12,"CDLT","TS2",3,"CDLT_TS2_3",2.5,"D",1363.92608,5.09903168638125e-05,1
"20260212_036",2026-02-12,"CDLT","TS2",3,"CDLT_TS2_3",2.5,"L",368.86696,1.27166113923276e-05,1
"20260212_036",2026-02-12,"CDLT","TS2",3,"CDLT_TS2_3",2.5,"T",257.53024,1.08710581197439e-05,1
"20260212_037",2026-02-12,"CDLP","TS2",2,"CDLP_TS2_2",2.5,"C",316.58176,3.86090848850544e-05,1
"20260212_037",2026-02-12,"CDLP","TS2",2,"CDLP_TS2_2",2.5,"D",1652.00728,5.18793997618241e-05,1
"20260212_037",2026-02-12,"CDLP","TS2",2,"CDLP_TS2_2",2.5,"L",661.254,1.58053066256584e-05,1
"20260212_037",2026-02-12,"CDLP","TS2",2,"CDLP_TS2_2",2.5,"P",625.372,0.00012743440978132,1
"20260212_038",2026-02-12,"CDLT","TS2",2,"CDLT_TS2_2",2.5,"C",863.01336,7.58133257708051e-05,1
"20260212_038",2026-02-12,"CDLT","TS2",2,"CDLT_TS2_2",2.5,"D",2140.00248,8.20899982915954e-05,1
"20260212_038",2026-02-12,"CDLT","TS2",2,"CDLT_TS2_2",2.5,"L",170.1832,4.49880945648731e-06,1
"20260212_038",2026-02-12,"CDLT","TS2",2,"CDLT_TS2_2",2.5,"T",409.25984,1.26611245717032e-05,1
"20260212_039",2026-02-12,"CDPT","TS2",2,"CDPT_TS2_2",2.5,"C",468.5164,4.94386518803411e-05,1
"20260212_039",2026-02-12,"CDPT","TS2",2,"CDPT_TS2_2",2.5,"D",731.17264,3.61338701891984e-05,1
"20260212_039",2026-02-12,"CDPT","TS2",2,"CDPT_TS2_2",2.5,"P",454.57368,0.0001190221430841,1
"20260212_039",2026-02-12,"CDPT","TS2",2,"CDPT_TS2_2",2.5,"T",388.96088,8.18207079768572e-06,1
"20260212_040",2026-02-12,"CLT","TS2",3,"CLT_TS2_3",2.5,"C",641.36512,5.91179878544172e-05,1
"20260212_040",2026-02-12,"CLT","TS2",3,"CLT_TS2_3",2.5,"L",1003.46576,3.68825432006724e-05,1
"20260212_040",2026-02-12,"CLT","TS2",3,"CLT_TS2_3",2.5,"T",702.87712,1.73367441936554e-05,1
"20260212_041",2026-02-12,"PT","TS2",2,"PT_TS2_2",2.5,"P",581.49344,0.00012017130635478,1
"20260212_041",2026-02-12,"PT","TS2",2,"PT_TS2_2",2.5,"T",1667.38528,2.57136563840221e-05,1
"20260212_042",2026-02-12,"DLP","TS2",3,"DLP_TS2_3",2.5,"D",1723.15616,5.36367021791495e-05,1
"20260212_042",2026-02-12,"DLP","TS2",3,"DLP_TS2_3",2.5,"L",509.93448,1.26142870707253e-05,1
"20260212_042",2026-02-12,"DLP","TS2",3,"DLP_TS2_3",2.5,"P",337.2908,6.80744590773793e-05,1
"20260212_043",2026-02-12,"CDLP","TS2",1,"CDLP_TS2_1",2.5,"C",503.3732,5.12877432435504e-05,1
"20260212_043",2026-02-12,"CDLP","TS2",1,"CDLP_TS2_1",2.5,"D",1657.95344,5.58913965858892e-05,1
"20260212_043",2026-02-12,"CDLP","TS2",1,"CDLP_TS2_1",2.5,"L",436.53016,8.8910185620482e-06,1
"20260212_043",2026-02-12,"CDLP","TS2",1,"CDLP_TS2_1",2.5,"P",316.37672,8.15744848871193e-05,1
"20260212_044",2026-02-12,"LT","TS2",2,"LT_TS2_2",2.5,"L",1750.42648,5.93111953421267e-05,1
"20260212_044",2026-02-12,"LT","TS2",2,"LT_TS2_2",2.5,"T",1703.67736,5.92572203886351e-05,1
"20260212_045",2026-02-12,"CLT","TS2",2,"CLT_TS2_2",2.5,"C",853.17144,7.06068658062415e-05,1
"20260212_045",2026-02-12,"CLT","TS2",2,"CLT_TS2_2",2.5,"L",742.03976,2.80756765773034e-05,1
"20260212_045",2026-02-12,"CLT","TS2",2,"CLT_TS2_2",2.5,"T",572.0616,1.61672664720394e-05,1
"20260212_046",2026-02-12,"DPT","TS2",1,"DPT_TS2_1",2.5,"D",1792.0496,5.04069581747278e-05,1
"20260212_046",2026-02-12,"DPT","TS2",1,"DPT_TS2_1",2.5,"P",666.58504,0.00014787694986785,1
"20260212_046",2026-02-12,"DPT","TS2",1,"DPT_TS2_1",2.5,"T",542.12576,1.07922711006417e-05,1
"20260212_047",2026-02-12,"DLP","TS2",2,"DLP_TS2_2",2.5,"D",1526.11272,4.0909636522188e-05,1
"20260212_047",2026-02-12,"DLP","TS2",2,"DLP_TS2_2",2.5,"L",312.48096,6.48149172290703e-06,1
"20260212_047",2026-02-12,"DLP","TS2",2,"DLP_TS2_2",2.5,"P",375.01816,7.72321251818583e-05,1
"20260212_048",2026-02-12,"DPT","TS2",2,"DPT_TS2_2",2.5,"D",1691.99008,5.19487740757319e-05,1
"20260212_048",2026-02-12,"DPT","TS2",2,"DPT_TS2_2",2.5,"P",701.2368,0.00013391120229862,1
"20260212_048",2026-02-12,"DPT","TS2",2,"DPT_TS2_2",2.5,"T",665.96992,1.03986740605842e-05,1
"20260212_049",2026-02-12,"CP","TS2",3,"CP_TS2_3",2.5,"C",695.0856,6.7231005965706e-05,1
"20260212_049",2026-02-12,"CP","TS2",3,"CP_TS2_3",2.5,"P",1289.49656,7.67598032729563e-05,1
"20260212_050",2026-02-12,"CP","TS2",2,"CP_TS2_2",2.5,"C",364.56112,5.41561434637945e-05,1
"20260212_050",2026-02-12,"CP","TS2",2,"CP_TS2_2",2.5,"P",406.79936,9.88912434424474e-05,1
"20260212_051",2026-02-12,"CDLT","TS2",1,"CDLT_TS2_1",2.5,"C",753.93208,4.08875712152839e-05,1
"20260212_051",2026-02-12,"CDLT","TS2",1,"CDLT_TS2_1",2.5,"D",986.2424,4.08456405193199e-05,1
"20260212_051",2026-02-12,"CDLT","TS2",1,"CDLT_TS2_1",2.5,"L",132.04576,4.62364396452846e-06,1
"20260212_051",2026-02-12,"CDLT","TS2",1,"CDLT_TS2_1",2.5,"T",1149.86432,2.88668766766756e-05,1
"20260212_052",2026-02-12,"CDLP","TS2",3,"CDLP_TS2_3",2.5,"C",350.20832,2.45233183994982e-05,1
"20260212_052",2026-02-12,"CDLP","TS2",3,"CDLP_TS2_3",2.5,"D",1609.97408,5.30906999850794e-05,1
"20260212_052",2026-02-12,"CDLP","TS2",3,"CDLP_TS2_3",2.5,"L",445.55192,1.09087472395108e-05,1
"20260212_052",2026-02-12,"CDLP","TS2",3,"CDLP_TS2_3",2.5,"P",603.43272,0.00015466085208131,1
"20260212_053",2026-02-12,"DLP","TS2",1,"DLP_TS2_1",2.5,"D",2379.28416,7.12480571067628e-05,1
"20260212_053",2026-02-12,"DLP","TS2",1,"DLP_TS2_1",2.5,"L",824.67088,1.74237324381772e-05,1
"20260212_053",2026-02-12,"DLP","TS2",1,"DLP_TS2_1",2.5,"P",596.05128,0.00011963208683837,1
"20260212_054",2026-02-12,"LT","TS2",1,"LT_TS2_1",2.5,"L",1967.97392,6.49464789372398e-05,1
"20260212_054",2026-02-12,"LT","TS2",1,"LT_TS2_1",2.5,"T",2124.62448,6.44402449086183e-05,1
"20260212_055",2026-02-12,"CDLP","TS3",3,"CDLP_TS3_3",2.5,"C",447.60232,3.76987984476838e-05,1
"20260212_055",2026-02-12,"CDLP","TS3",3,"CDLP_TS3_3",2.5,"D",1861.7632,6.43735231948378e-05,1
"20260212_055",2026-02-12,"CDLP","TS3",3,"CDLP_TS3_3",2.5,"L",743.06496,1.93245662821425e-05,1
"20260212_055",2026-02-12,"CDLP","TS3",3,"CDLP_TS3_3",2.5,"P",727.68696,0.00010366941942174,1
"20260212_056",2026-02-12,"CDPT","TS3",2,"CDPT_TS3_2",2.5,"C",506.24376,4.54670594118786e-05,1
"20260212_056",2026-02-12,"CDPT","TS3",2,"CDPT_TS3_2",2.5,"D",956.30656,4.74894735359945e-05,1
"20260212_056",2026-02-12,"CDPT","TS3",2,"CDPT_TS3_2",2.5,"P",359.02504,0.00011007266449051,1
"20260212_056",2026-02-12,"CDPT","TS3",2,"CDPT_TS3_2",2.5,"T",462.77528,1.24842646178534e-05,1
"20260212_057",2026-02-12,"CDLT","TS3",2,"CDLT_TS3_2",2.5,"C",574.31704,3.90901155679652e-05,1
"20260212_057",2026-02-12,"CDLT","TS3",2,"CDLT_TS3_2",2.5,"D",1970.84448,7.3746627915188e-05,1
"20260212_057",2026-02-12,"CDLT","TS3",2,"CDLT_TS3_2",2.5,"L",69.09848,2.73048009504575e-06,1
"20260212_057",2026-02-12,"CDLT","TS3",2,"CDLT_TS3_2",2.5,"T",548.68704,1.38830329557723e-05,1
"20260212_058",2026-02-12,"LT","TS3",1,"LT_TS3_1",2.5,"L",1628.0176,5.42553101786154e-05,1
"20260212_058",2026-02-12,"LT","TS3",1,"LT_TS3_1",2.5,"T",1833.67272,5.69948921129728e-05,1
"20260212_059",2026-02-12,"LT","TS3",3,"LT_TS3_3",2.5,"L",1878.98656,5.99117139756981e-05,1
"20260212_059",2026-02-12,"LT","TS3",3,"LT_TS3_3",2.5,"T",2242.1124,5.80201829564673e-05,1
"20260212_060",2026-02-12,"CDLT","TS3",1,"CDLT_TS3_1",2.5,"C",474.25752,3.06665044562459e-05,1
"20260212_060",2026-02-12,"CDLT","TS3",1,"CDLT_TS3_1",2.5,"D",1182.87576,4.94470060899371e-05,1
"20260212_060",2026-02-12,"CDLT","TS3",1,"CDLT_TS3_1",2.5,"L",227.18432,1.07096234986902e-05,1
"20260212_060",2026-02-12,"CDLT","TS3",1,"CDLT_TS3_1",2.5,"T",597.89664,1.84559507873058e-05,1
"20260212_061",2026-02-12,"DLP","TS3",1,"DLP_TS3_1",2.5,"D",2363.49608,7.28135807779087e-05,1
"20260212_061",2026-02-12,"DLP","TS3",1,"DLP_TS3_1",2.5,"L",420.12696,9.74326887861973e-06,1
"20260212_061",2026-02-12,"DLP","TS3",1,"DLP_TS3_1",2.5,"P",440.42592,9.59596159401559e-05,1
"20260212_062",2026-02-12,"DLP","TS3",2,"DLP_TS3_2",2.5,"D",2293.16736,6.98243407983666e-05,1
"20260212_062",2026-02-12,"DLP","TS3",2,"DLP_TS3_2",2.5,"L",452.52328,8.55422187437394e-06,1
"20260212_062",2026-02-12,"DLP","TS3",2,"DLP_TS3_2",2.5,"P",470.15672,0.00010025942048247,1
"20260212_063",2026-02-12,"DLP","TS3",3,"DLP_TS3_3",2.5,"D",2321.25784,6.92504409255641e-05,1
"20260212_063",2026-02-12,"DLP","TS3",3,"DLP_TS3_3",2.5,"L",620.45104,1.41369287448909e-05,1
"20260212_063",2026-02-12,"DLP","TS3",3,"DLP_TS3_3",2.5,"P",650.59192,0.00014574203303709,1
"20260212_064",2026-02-12,"DPT","TS3",2,"DPT_TS3_2",2.5,"D",1366.79664,4.18883882767219e-05,1
"20260212_064",2026-02-12,"DPT","TS3",2,"DPT_TS3_2",2.5,"P",626.60224,0.00016080772327506,1
"20260212_064",2026-02-12,"DPT","TS3",2,"DPT_TS3_2",2.5,"T",542.12576,1.11286770277912e-05,1
"20260212_065",2026-02-12,"CD","TS3",2,"CD_TS3_2",2.5,"C",588.4648,6.59425530567968e-05,1
"20260212_065",2026-02-12,"CD","TS3",2,"CD_TS3_2",2.5,"D",1063.95256,3.84870338772843e-05,1
"20260212_066",2026-02-12,"CDLP","TS3",1,"CDLP_TS3_1",2.5,"C",448.62752,4.31964089632947e-05,1
"20260212_066",2026-02-12,"CDLP","TS3",1,"CDLP_TS3_1",2.5,"D",1621.45632,5.39010317463824e-05,1
"20260212_066",2026-02-12,"CDLP","TS3",1,"CDLP_TS3_1",2.5,"L",522.03184,1.43905915348678e-05,1
"20260212_066",2026-02-12,"CDLP","TS3",1,"CDLP_TS3_1",2.5,"P",500.09256,0.00010370139714584,1
"20260212_067",2026-02-12,"CLT","TS3",1,"CLT_TS3_1",2.5,"C",868.13936,8.09227672299122e-05,1
"20260212_067",2026-02-12,"CLT","TS3",1,"CLT_TS3_1",2.5,"L",436.94024,1.84794897303868e-05,1
"20260212_067",2026-02-12,"CLT","TS3",1,"CLT_TS3_1",2.5,"T",787.76368,2.13583515694279e-05,1
"20260212_068",2026-02-12,"CDLP","TS3",2,"CDLP_TS3_2",2.5,"C",506.85888,3.70224547930837e-05,1
"20260212_068",2026-02-12,"CDLP","TS3",2,"CDLP_TS3_2",2.5,"D",2048.96472,6.36849051153843e-05,1
"20260212_068",2026-02-12,"CDLP","TS3",2,"CDLP_TS3_2",2.5,"L",836.97328,2.53687362458938e-05,1
"20260212_068",2026-02-12,"CDLP","TS3",2,"CDLP_TS3_2",2.5,"P",441.8612,8.88759367161942e-05,1
"20260212_069",2026-02-12,"PT","TS3",3,"PT_TS3_3",2.5,"P",646.08104,0.00014070437272706,1
"20260212_069",2026-02-12,"PT","TS3",3,"PT_TS3_3",2.5,"T",687.29408,8.71857805792817e-06,1
"20260212_070",2026-02-12,"CD","TS3",3,"CD_TS3_3",2.5,"C",781.81752,9.57588405259206e-05,1
"20260212_070",2026-02-12,"CD","TS3",3,"CD_TS3_3",2.5,"D",1640.93512,6.32089472669491e-05,1
"20260212_071",2026-02-12,"CDLT","TS3",3,"CDLT_TS3_3",2.5,"C",766.02944,6.70149065015308e-05,1
"20260212_071",2026-02-12,"CDLT","TS3",3,"CDLT_TS3_3",2.5,"D",1267.35224,4.93625827580294e-05,1
"20260212_071",2026-02-12,"CDLT","TS3",3,"CDLT_TS3_3",2.5,"L",146.80864,4.52607510124271e-06,1
"20260212_071",2026-02-12,"CDLT","TS3",3,"CDLT_TS3_3",2.5,"T",514.6504,1.42612000864728e-05,1
"20260212_072",2026-02-12,"DPT","TS3",3,"DPT_TS3_3",2.5,"D",1499.04744,5.63587777408529e-05,1
"20260212_072",2026-02-12,"DPT","TS3",3,"DPT_TS3_3",2.5,"P",630.498,0.00014273024639416,1
"20260212_072",2026-02-12,"DPT","TS3",3,"DPT_TS3_3",2.5,"T",833.89768,1.9082705888372e-05,1
"20260212_073",2026-02-12,"CLT","TS3",3,"CLT_TS3_3",2.5,"C",500.91272,3.67318858815213e-05,1
"20260212_073",2026-02-12,"CLT","TS3",3,"CLT_TS3_3",2.5,"L",713.5392,3.25615295477962e-05,1
"20260212_073",2026-02-12,"CLT","TS3",3,"CLT_TS3_3",2.5,"T",562.42472,1.51924979943966e-05,1
"20260212_074",2026-02-12,"CD","TS3",1,"CD_TS3_1",2.5,"C",747.78088,8.48587395340537e-05,1
"20260212_074",2026-02-12,"CD","TS3",1,"CD_TS3_1",2.5,"D",2086.89712,7.48790537428636e-05,1
"20260212_075",2026-02-12,"PT","TS3",2,"PT_TS3_2",2.5,"P",951.18056,0.00022269278320493,1
"20260212_075",2026-02-12,"PT","TS3",2,"PT_TS3_2",2.5,"T",1536.97984,2.29201471136741e-05,1
"20260212_076",2026-02-12,"PT","TS3",1,"PT_TS3_1",2.5,"P",591.33536,0.00015128286694775,1
"20260212_076",2026-02-12,"PT","TS3",1,"PT_TS3_1",2.5,"T",1232.08536,1.81034137948356e-05,1
"20260212_077",2026-02-12,"CDPT","TS3",3,"CDPT_TS3_3",2.5,"C",257.73528,4.16655833018051e-05,1
"20260212_077",2026-02-12,"CDPT","TS3",3,"CDPT_TS3_3",2.5,"D",885.97784,2.70171512895772e-05,1
"20260212_077",2026-02-12,"CDPT","TS3",3,"CDPT_TS3_3",2.5,"P",307.76504,7.86337648586303e-05,1
"20260212_077",2026-02-12,"CDPT","TS3",3,"CDPT_TS3_3",2.5,"T",300.99872,8.55167603254214e-06,1
"20260212_078",2026-02-12,"CDPT","TS3",1,"CDPT_TS3_1",2.5,"C",317.19688,2.95016131452422e-05,1
"20260212_078",2026-02-12,"CDPT","TS3",1,"CDPT_TS3_1",2.5,"D",1090.8128,3.60451058272708e-05,1
"20260212_078",2026-02-12,"CDPT","TS3",1,"CDPT_TS3_1",2.5,"P",644.23568,0.00015117079889207,1
"20260212_078",2026-02-12,"CDPT","TS3",1,"CDPT_TS3_1",2.5,"T",464.82568,8.87723506711158e-06,1
"20260212_079",2026-02-12,"DPT","TS3",1,"DPT_TS3_1",2.5,"D",1706.75296,5.43395871928746e-05,1
"20260212_079",2026-02-12,"DPT","TS3",1,"DPT_TS3_1",2.5,"P",673.14632,0.00012741024576354,1
"20260212_079",2026-02-12,"DPT","TS3",1,"DPT_TS3_1",2.5,"T",952.82088,1.61685443909286e-05,1
"20260212_080",2026-02-12,"CLT","TS3",2,"CLT_TS3_2",2.5,"C",871.62504,6.79976462480737e-05,1
"20260212_080",2026-02-12,"CLT","TS3",2,"CLT_TS3_2",2.5,"L",539.87032,2.55745920044428e-05,1
"20260212_080",2026-02-12,"CLT","TS3",2,"CLT_TS3_2",2.5,"T",906.2768,2.69485673197345e-05,1
"20260212_081",2026-02-12,"LT","TS3",2,"LT_TS3_2",2.5,"L",1235.57104,3.814540394634e-05,1
"20260212_081",2026-02-12,"LT","TS3",2,"LT_TS3_2",2.5,"T",1878.78152,5.61199793400989e-05,1
"20260212_082",2026-02-12,"PT","TS4",1,"PT_TS4_1",2.5,"P",577.80272,0.00016016342884085,1
"20260212_082",2026-02-12,"PT","TS4",1,"PT_TS4_1",2.5,"T",884.95264,1.30505490729021e-05,1
"20260212_083",2026-02-12,"DPT","TS4",2,"DPT_TS4_2",2.5,"D",1244.79784,3.66601750627949e-05,1
"20260212_083",2026-02-12,"DPT","TS4",2,"DPT_TS4_2",2.5,"P",265.32176,6.47759600820609e-05,1
"20260212_083",2026-02-12,"DPT","TS4",2,"DPT_TS4_2",2.5,"T",662.2792,1.08628944109266e-05,1
"20260212_084",2026-02-12,"CDLP","TS4",3,"CDLP_TS4_3",2.5,"C",480.61376,4.33256200319348e-05,1
"20260212_084",2026-02-12,"CDLP","TS4",3,"CDLP_TS4_3",2.5,"D",2370.67248,6.80980409000748e-05,1
"20260212_084",2026-02-12,"CDLP","TS4",3,"CDLP_TS4_3",2.5,"L",942.36384,2.07970098703217e-05,1
"20260212_084",2026-02-12,"CDLP","TS4",3,"CDLP_TS4_3",2.5,"P",689.13944,9.72229214823321e-05,1
"20260212_085",2026-02-12,"PT","TS4",2,"PT_TS4_2",2.5,"P",1007.15648,0.00020957715460165,1
"20260212_085",2026-02-12,"PT","TS4",2,"PT_TS4_2",2.5,"T",1094.70856,1.93301168206039e-05,1
"20260212_086",2026-02-12,"CDPT","TS4",1,"CDPT_TS4_1",2.5,"C",436.53016,3.80375811378406e-05,1
"20260212_086",2026-02-12,"CDPT","TS4",1,"CDPT_TS4_1",2.5,"D",653.87256,2.23173412439611e-05,1
"20260212_086",2026-02-12,"CDPT","TS4",1,"CDPT_TS4_1",2.5,"P",578.2128,0.00013585624298885,1
"20260212_086",2026-02-12,"CDPT","TS4",1,"CDPT_TS4_1",2.5,"T",450.88296,8.38950285058885e-06,1
"20260212_087",2026-02-12,"PT","TS4",3,"PT_TS4_3",2.5,"P",1020.68912,0.00025239413438907,1
"20260212_087",2026-02-12,"PT","TS4",3,"PT_TS4_3",2.5,"T",1195.17816,2.89110347947016e-05,1
"20260212_088",2026-02-12,"DPT","TS4",3,"DPT_TS4_3",2.5,"D",1428.1036,5.77511732291604e-05,1
"20260212_088",2026-02-12,"DPT","TS4",3,"DPT_TS4_3",2.5,"P",689.34448,0.00015574595371955,1
"20260212_088",2026-02-12,"DPT","TS4",3,"DPT_TS4_3",2.5,"T",1021.71432,2.25787436338363e-05,1
"20260212_089",2026-02-12,"CDLT","TS4",2,"CDLT_TS4_2",2.5,"C",725.22648,4.92086403216868e-05,1
"20260212_089",2026-02-12,"CDLT","TS4",2,"CDLT_TS4_2",2.5,"D",1299.9536,5.36351033445799e-05,1
"20260212_089",2026-02-12,"CDLT","TS4",2,"CDLT_TS4_2",2.5,"L",361.48552,9.34761647377413e-06,1
"20260212_089",2026-02-12,"CDLT","TS4",2,"CDLT_TS4_2",2.5,"T",620.04096,2.08469828259888e-05,1
"20260212_090",2026-02-12,"CDPT","TS4",2,"CDPT_TS4_2",2.5,"C",434.47976,3.67327514801853e-05,1
"20260212_090",2026-02-12,"CDPT","TS4",2,"CDPT_TS4_2",2.5,"D",650.79696,2.35842721750382e-05,1
"20260212_090",2026-02-12,"CDPT","TS4",2,"CDPT_TS4_2",2.5,"P",401.8784,8.39281074537419e-05,1
"20260212_090",2026-02-12,"CDPT","TS4",2,"CDPT_TS4_2",2.5,"T",464.21056,1.05835531715945e-05,1
"20260212_091",2026-02-12,"CLT","TS4",1,"CLT_TS4_1",2.5,"C",695.70072,6.14802833829735e-05,1
"20260212_091",2026-02-12,"CLT","TS4",1,"CLT_TS4_1",2.5,"L",368.66192,1.6011480454948e-05,1
"20260212_091",2026-02-12,"CLT","TS4",1,"CLT_TS4_1",2.5,"T",619.63088,2.04124872109701e-05,1
"20260212_092",2026-02-12,"LP","TS4",3,"LP_TS4_3",2.5,"L",3508.02936,0.00010349971675653,1
"20260212_092",2026-02-12,"LP","TS4",3,"LP_TS4_3",2.5,"P",706.15776,0.00013286299128249,1
"20260212_093",2026-02-12,"CLT","TS4",3,"CLT_TS4_3",2.5,"C",813.80376,7.88867300064865e-05,1
"20260212_093",2026-02-12,"CLT","TS4",3,"CLT_TS4_3",2.5,"L",646.08104,2.92462999558391e-05,1
"20260212_093",2026-02-12,"CLT","TS4",3,"CLT_TS4_3",2.5,"T",616.76032,2.33713908742495e-05,1
"20260212_094",2026-02-12,"CDLP","TS4",2,"CDLP_TS4_2",2.5,"C",404.13384,3.58463190692487e-05,1
"20260212_094",2026-02-12,"CDLP","TS4",2,"CDLP_TS4_2",2.5,"D",1919.58448,6.74867787782966e-05,1
"20260212_094",2026-02-12,"CDLP","TS4",2,"CDLP_TS4_2",2.5,"L",610.40408,1.54361117509607e-05,1
"20260212_094",2026-02-12,"CDLP","TS4",2,"CDLP_TS4_2",2.5,"P",433.45456,8.87841003284013e-05,1
"20260212_095",2026-02-12,"LP","TS4",2,"LP_TS4_2",2.5,"L",2277.17424,6.88242482208911e-05,1
"20260212_095",2026-02-12,"LP","TS4",2,"LP_TS4_2",2.5,"P",543.56104,8.42347035729912e-05,1
"20260212_096",2026-02-12,"CDLT","TS4",3,"CDLT_TS4_3",2.5,"C",659.2036,5.1013598304935e-05,1
"20260212_096",2026-02-12,"CDLT","TS4",3,"CDLT_TS4_3",2.5,"D",1708.18824,6.90916543030175e-05,1
"20260212_096",2026-02-12,"CDLT","TS4",3,"CDLT_TS4_3",2.5,"L",200.73416,7.64555054858714e-06,1
"20260212_096",2026-02-12,"CDLT","TS4",3,"CDLT_TS4_3",2.5,"T",418.69168,1.34623229435684e-05,1
"20260212_097",2026-02-12,"LP","TS4",1,"LP_TS4_1",2.5,"L",2501.69304,6.70227760311922e-05,1
"20260212_097",2026-02-12,"LP","TS4",1,"LP_TS4_1",2.5,"P",547.86688,8.99617445963103e-05,1
"20260212_098",2026-02-12,"CDLT","TS4",1,"CDLT_TS4_1",2.5,"C",932.11184,6.26703351887086e-05,1
"20260212_098",2026-02-12,"CDLT","TS4",1,"CDLT_TS4_1",2.5,"D",986.85752,4.27168954467741e-05,1
"20260212_098",2026-02-12,"CDLT","TS4",1,"CDLT_TS4_1",2.5,"L",157.06064,4.78761889650319e-06,1
"20260212_098",2026-02-12,"CDLT","TS4",1,"CDLT_TS4_1",2.5,"T",482.04904,1.5320093339663e-05,1
"20260212_099",2026-02-12,"CDLP","TS4",1,"CDLP_TS4_1",2.5,"C",414.38584,3.4841796496242e-05,1
"20260212_099",2026-02-12,"CDLP","TS4",1,"CDLP_TS4_1",2.5,"D",1757.80792,5.35742524167012e-05,1
"20260212_099",2026-02-12,"CDLP","TS4",1,"CDLP_TS4_1",2.5,"L",540.2804,1.36250418431438e-05,1
"20260212_099",2026-02-12,"CDLP","TS4",1,"CDLP_TS4_1",2.5,"P",432.6344,9.06876053093023e-05,1
"20260212_100",2026-02-12,"DPT","TS4",1,"DPT_TS4_1",2.5,"D",1897.6452,6.5619148330723e-05,1
"20260212_100",2026-02-12,"DPT","TS4",1,"DPT_TS4_1",2.5,"P",743.47504,0.00015408042663802,1
"20260212_100",2026-02-12,"DPT","TS4",1,"DPT_TS4_1",2.5,"T",884.7476,1.52747465398406e-05,1
"20260212_101",2026-02-12,"LT","TS4",1,"LT_TS4_1",2.5,"L",1460.08984,5.40369718076002e-05,1
"20260212_101",2026-02-12,"LT","TS4",1,"LT_TS4_1",2.5,"T",1793.48488,5.90274609121299e-05,1
"20260212_102",2026-02-12,"CDPT","TS4",3,"CDPT_TS4_3",2.5,"C",430.584,4.49550359038366e-05,1
"20260212_102",2026-02-12,"CDPT","TS4",3,"CDPT_TS4_3",2.5,"D",726.8668,2.46145896025132e-05,1
"20260212_102",2026-02-12,"CDPT","TS4",3,"CDPT_TS4_3",2.5,"P",505.21856,0.0001039361429058,1
"20260212_102",2026-02-12,"CDPT","TS4",3,"CDPT_TS4_3",2.5,"T",404.33888,1.01478470387888e-05,1
"20260212_103",2026-02-12,"LPT","TS4",1,"LPT_TS4_1",2.5,"L",1379.09904,5.34724939785285e-05,1
"20260212_103",2026-02-12,"LPT","TS4",1,"LPT_TS4_1",2.5,"P",555.04328,0.00013709915446804,1
"20260212_103",2026-02-12,"LPT","TS4",1,"LPT_TS4_1",2.5,"T",1064.56768,2.86532342373305e-05,1
"20260212_104",2026-02-12,"LT","TS4",3,"LT_TS4_3",2.5,"L",1586.80456,5.54424590247533e-05,1
"20260212_104",2026-02-12,"LT","TS4",3,"LT_TS4_3",2.5,"T",1869.34968,6.35958084037383e-05,1
"20260212_105",2026-02-12,"LT","TS4",2,"LT_TS4_2",2.5,"L",1286.42096,4.2557921827269e-05,1
"20260212_105",2026-02-12,"LT","TS4",2,"LT_TS4_2",2.5,"T",1502.32808,4.37987847422299e-05,1
"20260212_106",2026-02-12,"CLT","TS4",2,"CLT_TS4_2",2.5,"C",625.57704,5.16425171080021e-05,1
"20260212_106",2026-02-12,"CLT","TS4",2,"CLT_TS4_2",2.5,"L",337.70088,1.40372028311492e-05,1
"20260212_106",2026-02-12,"CLT","TS4",2,"CLT_TS4_2",2.5,"T",498.45224,1.75120693094768e-05,1
"20260212_107",2026-02-12,"LPT","TS4",2,"LPT_TS4_2",2.5,"L",1396.52744,4.44889972941173e-05,1
"20260212_107",2026-02-12,"LPT","TS4",2,"LPT_TS4_2",2.5,"P",579.03296,0.00014742758287516,1
"20260212_107",2026-02-12,"LPT","TS4",2,"LPT_TS4_2",2.5,"T",1006.13128,2.32300970541173e-05,1
"20260212_108",2026-02-12,"LPT","TS4",3,"LPT_TS4_3",2.5,"L",1574.29712,5.19623241747243e-05,1
"20260212_108",2026-02-12,"LPT","TS4",3,"LPT_TS4_3",2.5,"P",614.91496,0.00015007481059364,1
"20260212_108",2026-02-12,"LPT","TS4",3,"LPT_TS4_3",2.5,"T",723.58616,1.7625952188739e-05,1
"20260213_001",2026-02-13,"DLPT","TS1",3,"DLPT_TS1_3",2.5,"D",3025.77528,6.32643552363102e-05,2
"20260213_001",2026-02-13,"DLPT","TS1",3,"DLPT_TS1_3",2.5,"L",1030.53104,1.67015759824093e-05,2
"20260213_001",2026-02-13,"DLPT","TS1",3,"DLPT_TS1_3",2.5,"P",965.12328,0.00017246841852067,2
"20260213_001",2026-02-13,"DLPT","TS1",3,"DLPT_TS1_3",2.5,"T",572.0616,7.32498954100919e-06,2
"20260213_002",2026-02-13,"LPT","TS1",1,"LPT_TS1_1",2.5,"L",1959.36224,3.01697668830509e-05,2
"20260213_002",2026-02-13,"LPT","TS1",1,"LPT_TS1_1",2.5,"P",1348.95816,0.00021471487020945,2
"20260213_002",2026-02-13,"LPT","TS1",1,"LPT_TS1_1",2.5,"T",1050.83,1.57827181765071e-05,2
"20260213_003",2026-02-13,"DLPT","TS1",2,"DLPT_TS1_2",2.5,"D",2879.7868,6.29002582975774e-05,2
"20260213_003",2026-02-13,"DLPT","TS1",2,"DLPT_TS1_2",2.5,"L",418.89672,5.98910359493521e-06,2
"20260213_003",2026-02-13,"DLPT","TS1",2,"DLPT_TS1_2",2.5,"P",751.67664,0.00012149687740293,2
"20260213_003",2026-02-13,"DLPT","TS1",2,"DLPT_TS1_2",2.5,"T",733.018,1.28881685187817e-05,2
"20260213_004",2026-02-13,"CD","TS1",3,"CD_TS1_3",2.5,"C",395.31712,6.21432269032519e-05,2
"20260213_004",2026-02-13,"CD","TS1",3,"CD_TS1_3",2.5,"D",1515.45064,3.90460124621058e-05,2
"20260213_005",2026-02-13,"CLT","TS1",1,"CLT_TS1_1",2.5,"C",677.6572,4.71314996445555e-05,2
"20260213_005",2026-02-13,"CLT","TS1",1,"CLT_TS1_1",2.5,"L",1303.23424,3.37727686064223e-05,2
"20260213_005",2026-02-13,"CLT","TS1",1,"CLT_TS1_1",2.5,"T",1139.40728,2.92426886017083e-05,2
"20260213_006",2026-02-13,"DPT","TS1",3,"DPT_TS1_3",2.5,"D",2274.30368,4.7947170023199e-05,2
"20260213_006",2026-02-13,"DPT","TS1",3,"DPT_TS1_3",2.5,"P",1223.88376,0.00019297483650901,2
"20260213_006",2026-02-13,"DPT","TS1",3,"DPT_TS1_3",2.5,"T",788.78888,1.07262957944671e-05,2
"20260213_007",2026-02-13,"CLT","TS1",2,"CLT_TS1_2",2.5,"C",391.83144,3.8692116876931e-05,2
"20260213_007",2026-02-13,"CLT","TS1",2,"CLT_TS1_2",2.5,"L",1419.902,3.37745822473064e-05,2
"20260213_007",2026-02-13,"CLT","TS1",2,"CLT_TS1_2",2.5,"T",797.19552,1.72694525448962e-05,2
"20260213_008",2026-02-13,"CDLP","TS1",2,"CDLP_TS1_2",2.5,"C",188.84184,1.94919567549402e-05,2
"20260213_008",2026-02-13,"CDLP","TS1",2,"CDLP_TS1_2",2.5,"D",1754.93736,3.65897984159462e-05,2
"20260213_008",2026-02-13,"CDLP","TS1",2,"CDLP_TS1_2",2.5,"L",783.2528,1.18721430472291e-05,2
"20260213_008",2026-02-13,"CDLP","TS1",2,"CDLP_TS1_2",2.5,"P",791.04432,0.00014925138361839,2
"20260213_009",2026-02-13,"PT","TS1",1,"PT_TS1_1",2.5,"P",1100.0396,0.00019336853446176,2
"20260213_009",2026-02-13,"PT","TS1",1,"PT_TS1_1",2.5,"T",808.8828,9.6595374889041e-06,2
"20260213_010",2026-02-13,"LPT","TS1",2,"LPT_TS1_2",2.5,"L",1504.9936,2.35819125503205e-05,2
"20260213_010",2026-02-13,"LPT","TS1",2,"LPT_TS1_2",2.5,"P",827.3364,0.0001338761315346,2
"20260213_010",2026-02-13,"LPT","TS1",2,"LPT_TS1_2",2.5,"T",1054.9308,1.75981680116435e-05,2
"20260213_011",2026-02-13,"CDLT","TS1",3,"CDLT_TS1_3",2.5,"C",424.4328,4.01756462320116e-05,2
"20260213_011",2026-02-13,"CDLT","TS1",3,"CDLT_TS1_3",2.5,"D",2407.57968,7.46289179144766e-05,2
"20260213_011",2026-02-13,"CDLT","TS1",3,"CDLT_TS1_3",2.5,"L",316.17168,1.06341914912378e-05,2
"20260213_011",2026-02-13,"CDLT","TS1",3,"CDLT_TS1_3",2.5,"T",692.62512,2.01392317988381e-05,2
"20260213_012",2026-02-13,"DLPT","TS1",1,"DLPT_TS1_1",2.5,"D",1870.37488,4.08801814260105e-05,2
"20260213_012",2026-02-13,"DLPT","TS1",1,"DLPT_TS1_1",2.5,"L",490.45568,5.65426157393654e-06,2
"20260213_012",2026-02-13,"DLPT","TS1",1,"DLPT_TS1_1",2.5,"P",910.58264,0.00017110302198813,2
"20260213_012",2026-02-13,"DLPT","TS1",1,"DLPT_TS1_1",2.5,"T",588.05472,9.19500190882402e-06,2
"20260213_013",2026-02-13,"LT","TS1",3,"LT_TS1_3",2.5,"L",2814.37904,5.80579853806078e-05,2
"20260213_013",2026-02-13,"LT","TS1",3,"LT_TS1_3",2.5,"T",1360.85048,2.32619576610486e-05,2
"20260213_014",2026-02-13,"CDLT","TS1",2,"CDLT_TS1_2",2.5,"C",307.76504,2.47705048178569e-05,2
"20260213_014",2026-02-13,"CDLT","TS1",2,"CDLT_TS1_2",2.5,"D",2279.83976,5.81155017514967e-05,2
"20260213_014",2026-02-13,"CDLT","TS1",2,"CDLT_TS1_2",2.5,"L",645.26088,1.13362582802485e-05,2
"20260213_014",2026-02-13,"CDLT","TS1",2,"CDLT_TS1_2",2.5,"T",586.61944,9.89620031792961e-06,2
"20260213_015",2026-02-13,"LT","TS1",2,"LT_TS1_2",2.5,"L",2864.20376,6.90380566999584e-05,2
"20260213_015",2026-02-13,"LT","TS1",2,"LT_TS1_2",2.5,"T",1473.41744,3.06068364105941e-05,2
"20260213_016",2026-02-13,"CDLT","TS1",1,"CDLT_TS1_1",2.5,"C",223.28856,1.96998534420203e-05,2
"20260213_016",2026-02-13,"CDLT","TS1",1,"CDLT_TS1_1",2.5,"D",2053.88568,6.31076753423746e-05,2
"20260213_016",2026-02-13,"CDLT","TS1",1,"CDLT_TS1_1",2.5,"L",384.86008,5.5084684646572e-06,2
"20260213_016",2026-02-13,"CDLT","TS1",1,"CDLT_TS1_1",2.5,"T",496.60688,8.6548113577687e-06,2
"20260213_017",2026-02-13,"DPT","TS1",1,"DPT_TS1_1",2.5,"D",1190.05216,2.32499767013807e-05,2
"20260213_017",2026-02-13,"DPT","TS1",1,"DPT_TS1_1",2.5,"P",852.55632,0.00016099231407446,2
"20260213_017",2026-02-13,"DPT","TS1",1,"DPT_TS1_1",2.5,"T",836.5632,1.4847833662691e-05,2
"20260213_018",2026-02-13,"DPT","TS1",2,"DPT_TS1_2",2.5,"D",1693.6304,2.9657198097458e-05,2
"20260213_018",2026-02-13,"DPT","TS1",2,"DPT_TS1_2",2.5,"P",931.29168,0.00016599319444119,2
"20260213_018",2026-02-13,"DPT","TS1",2,"DPT_TS1_2",2.5,"T",543.356,6.84746076114688e-06,2
"20260213_019",2026-02-13,"PT","TS1",3,"PT_TS1_3",2.5,"P",1196.61344,0.00021240930060465,2
"20260213_019",2026-02-13,"PT","TS1",3,"PT_TS1_3",2.5,"T",718.87024,8.95981018641036e-06,2
"20260213_020",2026-02-13,"CDLP","TS1",1,"CDLP_TS1_1",2.5,"C",273.52336,2.12975528747606e-05,2
"20260213_020",2026-02-13,"CDLP","TS1",1,"CDLP_TS1_1",2.5,"D",1370.28232,2.70451290038416e-05,2
"20260213_020",2026-02-13,"CDLP","TS1",1,"CDLP_TS1_1",2.5,"L",658.1784,9.69601688489702e-06,2
"20260213_020",2026-02-13,"CDLP","TS1",1,"CDLP_TS1_1",2.5,"P",518.54616,9.63959248525882e-05,2
"20260213_021",2026-02-13,"CDLP","TS1",3,"CDLP_TS1_3",2.5,"C",209.34584,2.0843971208436e-05,2
"20260213_021",2026-02-13,"CDLP","TS1",3,"CDLP_TS1_3",2.5,"D",1718.44024,3.93757313715185e-05,2
"20260213_021",2026-02-13,"CDLP","TS1",3,"CDLP_TS1_3",2.5,"L",680.11768,1.04964543294366e-05,2
"20260213_021",2026-02-13,"CDLP","TS1",3,"CDLP_TS1_3",2.5,"P",596.05128,0.00010489630263473,2
"20260213_022",2026-02-13,"CD","TS1",1,"CD_TS1_1",2.5,"C",864.2436,0.00013133754307138,2
"20260213_022",2026-02-13,"CD","TS1",1,"CD_TS1_1",2.5,"D",1804.14696,4.47320245833509e-05,2
"20260213_023",2026-02-13,"LPT","TS1",3,"LPT_TS1_3",2.5,"L",1546.82176,2.69618415751005e-05,2
"20260213_023",2026-02-13,"LPT","TS1",3,"LPT_TS1_3",2.5,"P",753.72704,0.00012615199354643,2
"20260213_023",2026-02-13,"LPT","TS1",3,"LPT_TS1_3",2.5,"T",1006.54136,1.64827131120308e-05,2
"20260213_024",2026-02-13,"LT","TS1",1,"LT_TS1_1",2.5,"L",2716.57496,6.04881793822304e-05,2
"20260213_024",2026-02-13,"LT","TS1",1,"LT_TS1_1",2.5,"T",1495.7668,2.9481174623175e-05,2
"20260213_025",2026-02-13,"CLT","TS1",3,"CLT_TS1_3",2.5,"C",556.88864,3.78774938801329e-05,2
"20260213_025",2026-02-13,"CLT","TS1",3,"CLT_TS1_3",2.5,"L",1713.51928,4.27927038426539e-05,2
"20260213_025",2026-02-13,"CLT","TS1",3,"CLT_TS1_3",2.5,"T",833.07752,1.93411570787338e-05,2
"20260213_026",2026-02-13,"CD","TS1",2,"CD_TS1_2",2.5,"C",384.65504,6.58566064464641e-05,2
"20260213_026",2026-02-13,"CD","TS1",2,"CD_TS1_2",2.5,"D",2075.0048,5.71745495675781e-05,2
"20260213_027",2026-02-13,"PT","TS1",2,"PT_TS1_2",2.5,"P",1020.27904,0.00017967927495045,2
"20260213_027",2026-02-13,"PT","TS1",2,"PT_TS1_2",2.5,"T",787.3536,1.1400414812775e-05,2
"20260213_028",2026-02-13,"CLT","TS2",1,"CLT_TS2_1",2.5,"C",520.59656,4.51201454370495e-05,2
"20260213_028",2026-02-13,"CLT","TS2",1,"CLT_TS2_1",2.5,"L",1894.5696,5.12218241384477e-05,2
"20260213_028",2026-02-13,"CLT","TS2",1,"CLT_TS2_1",2.5,"T",371.53248,9.57241530305698e-06,2
"20260213_029",2026-02-13,"CP","TS2",1,"CP_TS2_1",2.5,"C",487.17504,6.08691951317061e-05,2
"20260213_029",2026-02-13,"CP","TS2",1,"CP_TS2_1",2.5,"P",830.412,0.00016208587277451,2
"20260213_030",2026-02-13,"CDPT","TS2",1,"CDPT_TS2_1",2.5,"C",101.28976,1.06846171065263e-05,2
"20260213_030",2026-02-13,"CDPT","TS2",1,"CDPT_TS2_1",2.5,"D",1028.89072,1.73623593097231e-05,2
"20260213_030",2026-02-13,"CDPT","TS2",1,"CDPT_TS2_1",2.5,"P",449.65272,6.97081603024955e-05,2
"20260213_030",2026-02-13,"CDPT","TS2",1,"CDPT_TS2_1",2.5,"T",325.80856,4.21558167763548e-06,2
"20260213_031",2026-02-13,"CDPT","TS2",3,"CDPT_TS2_3",2.5,"C",371.94256,3.99551205384988e-05,2
"20260213_031",2026-02-13,"CDPT","TS2",3,"CDPT_TS2_3",2.5,"D",1208.09568,2.41024179231707e-05,2
"20260213_031",2026-02-13,"CDPT","TS2",3,"CDPT_TS2_3",2.5,"P",866.70408,0.00019347467246017,2
"20260213_031",2026-02-13,"CDPT","TS2",3,"CDPT_TS2_3",2.5,"T",510.75464,6.95382396203625e-06,2
"20260213_032",2026-02-13,"LT","TS2",3,"LT_TS2_3",2.5,"L",3401.40856,6.7475572999288e-05,2
"20260213_032",2026-02-13,"LT","TS2",3,"LT_TS2_3",2.5,"T",1103.1152,1.88754794361134e-05,2
"20260213_033",2026-02-13,"PT","TS2",3,"PT_TS2_3",2.5,"P",1135.10144,0.00017688381574122,2
"20260213_033",2026-02-13,"PT","TS2",3,"PT_TS2_3",2.5,"T",1322.30296,1.70287741374714e-05,2
"20260213_034",2026-02-13,"DPT","TS2",3,"DPT_TS2_3",2.5,"D",1276.57904,2.30278434747965e-05,2
"20260213_034",2026-02-13,"DPT","TS2",3,"DPT_TS2_3",2.5,"P",755.77744,0.00013853040656254,2
"20260213_034",2026-02-13,"DPT","TS2",3,"DPT_TS2_3",2.5,"T",819.95496,1.1700435693687e-05,2
"20260213_035",2026-02-13,"PT","TS2",1,"PT_TS2_1",2.5,"P",1425.028,0.00024798616029664,2
"20260213_035",2026-02-13,"PT","TS2",1,"PT_TS2_1",2.5,"T",754.5472,1.0036938516847e-05,2
"20260213_036",2026-02-13,"CDLT","TS2",3,"CDLT_TS2_3",2.5,"C",300.58864,2.29807367724977e-05,2
"20260213_036",2026-02-13,"CDLT","TS2",3,"CDLT_TS2_3",2.5,"D",2391.58656,6.53301345903355e-05,2
"20260213_036",2026-02-13,"CDLT","TS2",3,"CDLT_TS2_3",2.5,"L",391.6264,7.89386287834005e-06,2
"20260213_036",2026-02-13,"CDLT","TS2",3,"CDLT_TS2_3",2.5,"T",427.5084,1.04969720203355e-05,2
"20260213_037",2026-02-13,"CDLP","TS2",2,"CDLP_TS2_2",2.5,"C",115.23248,6.72886241226041e-06,2
"20260213_037",2026-02-13,"CDLP","TS2",2,"CDLP_TS2_2",2.5,"D",2321.0528,4.76678084627087e-05,2
"20260213_037",2026-02-13,"CDLP","TS2",2,"CDLP_TS2_2",2.5,"L",1029.09576,1.53619416054919e-05,2
"20260213_037",2026-02-13,"CDLP","TS2",2,"CDLP_TS2_2",2.5,"P",804.16688,0.00014873556132808,2
"20260213_038",2026-02-13,"CDLT","TS2",2,"CDLT_TS2_2",2.5,"C",320.68256,4.08598204432562e-05,2
"20260213_038",2026-02-13,"CDLT","TS2",2,"CDLT_TS2_2",2.5,"D",1712.49408,4.41709683155259e-05,2
"20260213_038",2026-02-13,"CDLT","TS2",2,"CDLT_TS2_2",2.5,"L",617.58048,1.14045820434034e-05,2
"20260213_038",2026-02-13,"CDLT","TS2",2,"CDLT_TS2_2",2.5,"T",201.75936,4.02679126497186e-06,2
"20260213_039",2026-02-13,"CDPT","TS2",2,"CDPT_TS2_2",2.5,"C",48.1844,4.18767964509112e-06,2
"20260213_039",2026-02-13,"CDPT","TS2",2,"CDPT_TS2_2",2.5,"D",1389.96616,2.82646261680995e-05,2
"20260213_039",2026-02-13,"CDPT","TS2",2,"CDPT_TS2_2",2.5,"P",500.2976,9.8084189183851e-05,2
"20260213_039",2026-02-13,"CDPT","TS2",2,"CDPT_TS2_2",2.5,"T",253.63448,3.87269304202826e-06,2
"20260213_040",2026-02-13,"CLT","TS2",3,"CLT_TS2_3",2.5,"C",566.32048,5.57535391174205e-05,2
"20260213_040",2026-02-13,"CLT","TS2",3,"CLT_TS2_3",2.5,"L",1622.48152,4.10404581316247e-05,2
"20260213_040",2026-02-13,"CLT","TS2",3,"CLT_TS2_3",2.5,"T",836.97328,1.79172381426917e-05,2
"20260213_041",2026-02-13,"PT","TS2",2,"PT_TS2_2",2.5,"P",1226.95936,0.00020938033928466,2
"20260213_041",2026-02-13,"PT","TS2",2,"PT_TS2_2",2.5,"T",1015.56312,1.39619598165595e-05,2
"20260213_042",2026-02-13,"DLP","TS2",3,"DLP_TS2_3",2.5,"D",1907.48712,3.90423056837248e-05,2
"20260213_042",2026-02-13,"DLP","TS2",3,"DLP_TS2_3",2.5,"L",764.38912,1.05112978731286e-05,2
"20260213_042",2026-02-13,"DLP","TS2",3,"DLP_TS2_3",2.5,"P",586.20936,0.00010450968799665,2
"20260213_043",2026-02-13,"CDLP","TS2",1,"CDLP_TS2_1",2.5,"C",243.79256,2.58923302563226e-05,2
"20260213_043",2026-02-13,"CDLP","TS2",1,"CDLP_TS2_1",2.5,"D",1726.64184,3.84118244138086e-05,2
"20260213_043",2026-02-13,"CDLP","TS2",1,"CDLP_TS2_1",2.5,"L",791.4544,1.35308511406091e-05,2
"20260213_043",2026-02-13,"CDLP","TS2",1,"CDLP_TS2_1",2.5,"P",600.97224,0.00011390864243948,2
"20260213_044",2026-02-13,"LT","TS2",2,"LT_TS2_2",2.5,"L",2222.42856,4.88690243085284e-05,2
"20260213_044",2026-02-13,"LT","TS2",2,"LT_TS2_2",2.5,"T",990.54824,1.84221551442252e-05,2
"20260213_045",2026-02-13,"CLT","TS2",2,"CLT_TS2_2",2.5,"C",704.10736,7.62219243576988e-05,2
"20260213_045",2026-02-13,"CLT","TS2",2,"CLT_TS2_2",2.5,"L",1797.38064,4.81309480981173e-05,2
"20260213_045",2026-02-13,"CLT","TS2",2,"CLT_TS2_2",2.5,"T",695.0856,1.82725456624789e-05,2
"20260213_046",2026-02-13,"DPT","TS2",1,"DPT_TS2_1",2.5,"D",2428.49376,4.17368644166333e-05,2
"20260213_046",2026-02-13,"DPT","TS2",1,"DPT_TS2_1",2.5,"P",909.14736,0.00013746233771865,2
"20260213_046",2026-02-13,"DPT","TS2",1,"DPT_TS2_1",2.5,"T",732.40288,8.4137080287623e-06,2
"20260213_047",2026-02-13,"DLP","TS2",2,"DLP_TS2_2",2.5,"D",2791.82464,6.02739795684682e-05,2
"20260213_047",2026-02-13,"DLP","TS2",2,"DLP_TS2_2",2.5,"L",778.33184,1.23165618792142e-05,2
"20260213_047",2026-02-13,"DLP","TS2",2,"DLP_TS2_2",2.5,"P",872.65024,0.00014334921513186,2
"20260213_048",2026-02-13,"DPT","TS2",2,"DPT_TS2_2",2.5,"D",1814.19392,3.28329251867747e-05,2
"20260213_048",2026-02-13,"DPT","TS2",2,"DPT_TS2_2",2.5,"P",615.94016,9.829634221712e-05,2
"20260213_048",2026-02-13,"DPT","TS2",2,"DPT_TS2_2",2.5,"T",506.85888,6.60192756412848e-06,2
"20260213_049",2026-02-13,"CP","TS2",3,"CP_TS2_3",2.5,"C",515.88064,5.36615281038724e-05,2
"20260213_049",2026-02-13,"CP","TS2",3,"CP_TS2_3",2.5,"P",755.5724,0.00014827431491433,2
"20260213_050",2026-02-13,"CP","TS2",2,"CP_TS2_2",2.5,"C",477.53816,4.49606467334888e-05,2
"20260213_050",2026-02-13,"CP","TS2",2,"CP_TS2_2",2.5,"P",776.28144,0.00012943416340312,2
"20260213_051",2026-02-13,"CDLT","TS2",1,"CDLT_TS2_1",2.5,"C",455.80392,5.07656703319329e-05,2
"20260213_051",2026-02-13,"CDLT","TS2",1,"CDLT_TS2_1",2.5,"D",2401.42848,6.53057557331345e-05,2
"20260213_051",2026-02-13,"CDLT","TS2",1,"CDLT_TS2_1",2.5,"L",740.60448,1.46904651755506e-05,2
"20260213_051",2026-02-13,"CDLT","TS2",1,"CDLT_TS2_1",2.5,"T",558.52896,1.003875931227e-05,2
"20260213_052",2026-02-13,"CDLP","TS2",3,"CDLP_TS2_3",2.5,"C",137.99192,5.98731853641616e-06,2
"20260213_052",2026-02-13,"CDLP","TS2",3,"CDLP_TS2_3",2.5,"D",1391.81152,2.99831122187755e-05,2
"20260213_052",2026-02-13,"CDLP","TS2",3,"CDLP_TS2_3",2.5,"L",913.86328,1.45264538321341e-05,2
"20260213_052",2026-02-13,"CDLP","TS2",3,"CDLP_TS2_3",2.5,"P",380.14416,6.39234716748176e-05,2
"20260213_053",2026-02-13,"DLP","TS2",1,"DLP_TS2_1",2.5,"D",1606.07832,3.17178969842065e-05,2
"20260213_053",2026-02-13,"DLP","TS2",1,"DLP_TS2_1",2.5,"L",671.71104,9.28972856736451e-06,2
"20260213_053",2026-02-13,"DLP","TS2",1,"DLP_TS2_1",2.5,"P",674.99168,0.00011038663615462,2
"20260213_054",2026-02-13,"LT","TS2",1,"LT_TS2_1",2.5,"L",2774.39624,5.79724013398406e-05,2
"20260213_054",2026-02-13,"LT","TS2",1,"LT_TS2_1",2.5,"T",1271.86312,2.17920041809465e-05,2
"20260213_055",2026-02-13,"CDLP","TS3",3,"CDLP_TS3_3",2.5,"C",176.74448,1.48539868291977e-05,2
"20260213_055",2026-02-13,"CDLP","TS3",3,"CDLP_TS3_3",2.5,"D",2259.95088,5.16761389984309e-05,2
"20260213_055",2026-02-13,"CDLP","TS3",3,"CDLP_TS3_3",2.5,"L",1196.20336,1.93580521873666e-05,2
"20260213_055",2026-02-13,"CDLP","TS3",3,"CDLP_TS3_3",2.5,"P",642.18528,0.00012408420236422,2
"20260213_056",2026-02-13,"CDPT","TS3",2,"CDPT_TS3_2",2.5,"C",72.58416,3.32646384649552e-06,2
"20260213_056",2026-02-13,"CDPT","TS3",2,"CDPT_TS3_2",2.5,"D",1887.59824,3.85768785910897e-05,2
"20260213_056",2026-02-13,"CDPT","TS3",2,"CDPT_TS3_2",2.5,"P",479.99864,8.43810768927602e-05,2
"20260213_056",2026-02-13,"CDPT","TS3",2,"CDPT_TS3_2",2.5,"T",232.92544,3.64522598228493e-06,2
"20260213_057",2026-02-13,"CDLT","TS3",2,"CDLT_TS3_2",2.5,"C",328.47408,3.24973100333544e-05,2
"20260213_057",2026-02-13,"CDLT","TS3",2,"CDLT_TS3_2",2.5,"D",2277.17424,6.1772707466469e-05,2
"20260213_057",2026-02-13,"CDLT","TS3",2,"CDLT_TS3_2",2.5,"L",453.54848,7.02607528198983e-06,2
"20260213_057",2026-02-13,"CDLT","TS3",2,"CDLT_TS3_2",2.5,"T",577.59768,1.39228336344281e-05,2
"20260213_058",2026-02-13,"LT","TS3",1,"LT_TS3_1",2.5,"L",2540.85568,6.10277200620195e-05,2
"20260213_058",2026-02-13,"LT","TS3",1,"LT_TS3_1",2.5,"T",1015.9732,2.24476252783686e-05,2
"20260213_059",2026-02-13,"LT","TS3",3,"LT_TS3_3",2.5,"L",2775.62648,5.88699935655295e-05,2
"20260213_059",2026-02-13,"LT","TS3",3,"LT_TS3_3",2.5,"T",1552.97296,2.66526163966261e-05,2
"20260213_060",2026-02-13,"CDLT","TS3",1,"CDLT_TS3_1",2.5,"C",414.59088,2.99297939879798e-05,2
"20260213_060",2026-02-13,"CDLT","TS3",1,"CDLT_TS3_1",2.5,"D",2101.24992,5.77355074136062e-05,2
"20260213_060",2026-02-13,"CDLT","TS3",1,"CDLT_TS3_1",2.5,"L",764.59416,1.67660338767677e-05,2
"20260213_060",2026-02-13,"CDLT","TS3",1,"CDLT_TS3_1",2.5,"T",828.15656,1.54307980051049e-05,2
"20260213_061",2026-02-13,"DLP","TS3",1,"DLP_TS3_1",2.5,"D",1954.64632,4.17158052446661e-05,2
"20260213_061",2026-02-13,"DLP","TS3",1,"DLP_TS3_1",2.5,"L",713.94928,1.09654190898778e-05,2
"20260213_061",2026-02-13,"DLP","TS3",1,"DLP_TS3_1",2.5,"P",705.13256,0.00011414789281088,2
"20260213_062",2026-02-13,"DLP","TS3",2,"DLP_TS3_2",2.5,"D",2033.38168,4.5043282568505e-05,2
"20260213_062",2026-02-13,"DLP","TS3",2,"DLP_TS3_2",2.5,"L",1078.10032,1.63508178446832e-05,2
"20260213_062",2026-02-13,"DLP","TS3",2,"DLP_TS3_2",2.5,"P",1086.30192,0.00018796203551819,2
"20260213_063",2026-02-13,"DLP","TS3",3,"DLP_TS3_3",2.5,"D",1644.62584,3.7398404097086e-05,2
"20260213_063",2026-02-13,"DLP","TS3",3,"DLP_TS3_3",2.5,"L",530.64352,7.83657585933826e-06,2
"20260213_063",2026-02-13,"DLP","TS3",3,"DLP_TS3_3",2.5,"P",758.03288,0.00013782050178288,2
"20260213_064",2026-02-13,"DPT","TS3",2,"DPT_TS3_2",2.5,"D",1382.17464,2.47033968048696e-05,2
"20260213_064",2026-02-13,"DPT","TS3",2,"DPT_TS3_2",2.5,"P",895.40968,0.000134201862177,2
"20260213_064",2026-02-13,"DPT","TS3",2,"DPT_TS3_2",2.5,"T",700.41664,8.1831719124504e-06,2
"20260213_065",2026-02-13,"CD","TS3",2,"CD_TS3_2",2.5,"C",387.73064,5.72853275838981e-05,2
"20260213_065",2026-02-13,"CD","TS3",2,"CD_TS3_2",2.5,"D",3043.40872,7.0893829192835e-05,2
"20260213_066",2026-02-13,"CDLP","TS3",1,"CDLP_TS3_1",2.5,"C",338.316,2.9163936834437e-05,2
"20260213_066",2026-02-13,"CDLP","TS3",1,"CDLP_TS3_1",2.5,"D",1190.66728,2.71381761860412e-05,2
"20260213_066",2026-02-13,"CDLP","TS3",1,"CDLP_TS3_1",2.5,"L",1343.21704,2.00606993414185e-05,2
"20260213_066",2026-02-13,"CDLP","TS3",1,"CDLP_TS3_1",2.5,"P",698.57128,0.00010939928344905,2
"20260213_067",2026-02-13,"CLT","TS3",1,"CLT_TS3_1",2.5,"C",490.0456,6.81990052243891e-05,2
"20260213_067",2026-02-13,"CLT","TS3",1,"CLT_TS3_1",2.5,"L",1706.13784,4.36720486091931e-05,2
"20260213_067",2026-02-13,"CLT","TS3",1,"CLT_TS3_1",2.5,"T",1002.03048,2.36099114510971e-05,2
"20260213_068",2026-02-13,"CDLP","TS3",2,"CDLP_TS3_2",2.5,"C",151.93464,1.17760755132071e-05,2
"20260213_068",2026-02-13,"CDLP","TS3",2,"CDLP_TS3_2",2.5,"D",1328.24912,2.83476122016278e-05,2
"20260213_068",2026-02-13,"CDLP","TS3",2,"CDLP_TS3_2",2.5,"L",794.53,1.25545272729756e-05,2
"20260213_068",2026-02-13,"CDLP","TS3",2,"CDLP_TS3_2",2.5,"P",470.77184,8.2425478931702e-05,2
"20260213_069",2026-02-13,"PT","TS3",3,"PT_TS3_3",2.5,"P",1261.61112,0.00020591132225389,2
"20260213_069",2026-02-13,"PT","TS3",3,"PT_TS3_3",2.5,"T",820.57008,9.55222020514242e-06,2
"20260213_070",2026-02-13,"CD","TS3",3,"CD_TS3_3",2.5,"C",345.08232,7.63063378869508e-05,2
"20260213_070",2026-02-13,"CD","TS3",3,"CD_TS3_3",2.5,"D",2219.76304,4.62554338574875e-05,2
"20260213_071",2026-02-13,"CDLT","TS3",3,"CDLT_TS3_3",2.5,"C",215.70208,4.13338154615329e-05,2
"20260213_071",2026-02-13,"CDLT","TS3",3,"CDLT_TS3_3",2.5,"D",1669.0256,5.10566184030686e-05,2
"20260213_071",2026-02-13,"CDLT","TS3",3,"CDLT_TS3_3",2.5,"L",1052.47032,2.25269468710186e-05,2
"20260213_071",2026-02-13,"CDLT","TS3",3,"CDLT_TS3_3",2.5,"T",1457.62936,4.03596613909848e-05,2
"20260213_072",2026-02-13,"DPT","TS3",3,"DPT_TS3_3",2.5,"D",2202.74472,4.13580205667352e-05,2
"20260213_072",2026-02-13,"DPT","TS3",3,"DPT_TS3_3",2.5,"P",1024.78992,0.00016493868539346,2
"20260213_072",2026-02-13,"DPT","TS3",3,"DPT_TS3_3",2.5,"T",732.40288,9.60068971209434e-06,2
"20260213_073",2026-02-13,"CLT","TS3",3,"CLT_TS3_3",2.5,"C",485.53472,5.44704514633511e-05,2
"20260213_073",2026-02-13,"CLT","TS3",3,"CLT_TS3_3",2.5,"L",2443.25664,5.57549607058798e-05,2
"20260213_073",2026-02-13,"CLT","TS3",3,"CLT_TS3_3",2.5,"T",734.45328,1.54923563880311e-05,2
"20260213_074",2026-02-13,"CD","TS3",1,"CD_TS3_1",2.5,"C",662.48424,3.9221586896249e-05,2
"20260213_074",2026-02-13,"CD","TS3",1,"CD_TS3_1",2.5,"D",3138.95736,7.4819448195834e-05,2
"20260213_075",2026-02-13,"PT","TS3",2,"PT_TS3_2",2.5,"P",1142.68792,0.00022009760739808,2
"20260213_075",2026-02-13,"PT","TS3",2,"PT_TS3_2",2.5,"T",1085.27672,1.53440956545518e-05,2
"20260213_076",2026-02-13,"PT","TS3",1,"PT_TS3_1",2.5,"P",1160.73144,0.00018619429636086,2
"20260213_076",2026-02-13,"PT","TS3",1,"PT_TS3_1",2.5,"T",1177.33968,1.32875700270313e-05,2
"20260213_077",2026-02-13,"CDPT","TS3",3,"CDPT_TS3_3",2.5,"C",274.13848,2.23410192622475e-05,2
"20260213_077",2026-02-13,"CDPT","TS3",3,"CDPT_TS3_3",2.5,"D",1266.94216,2.61060440328042e-05,2
"20260213_077",2026-02-13,"CDPT","TS3",3,"CDPT_TS3_3",2.5,"P",639.31472,0.00010071897814687,2
"20260213_077",2026-02-13,"CDPT","TS3",3,"CDPT_TS3_3",2.5,"T",244.20264,3.32906000648515e-06,2
"20260213_078",2026-02-13,"CDPT","TS3",1,"CDPT_TS3_1",2.5,"C",153.78,1.37051511666859e-05,2
"20260213_078",2026-02-13,"CDPT","TS3",1,"CDPT_TS3_1",2.5,"D",1664.10464,3.00025065217246e-05,2
"20260213_078",2026-02-13,"CDPT","TS3",1,"CDPT_TS3_1",2.5,"P",694.67552,0.00011864231982617,2
"20260213_078",2026-02-13,"CDPT","TS3",1,"CDPT_TS3_1",2.5,"T",375.42824,6.17121079372947e-06,2
"20260213_079",2026-02-13,"DPT","TS3",1,"DPT_TS3_1",2.5,"D",1777.6968,3.77785941553435e-05,2
"20260213_079",2026-02-13,"DPT","TS3",1,"DPT_TS3_1",2.5,"P",772.79576,0.00013001797549624,2
"20260213_079",2026-02-13,"DPT","TS3",1,"DPT_TS3_1",2.5,"T",689.13944,8.75491460924717e-06,2
"20260213_080",2026-02-13,"CLT","TS3",2,"CLT_TS3_2",2.5,"C",322.52792,3.95314785340466e-05,2
"20260213_080",2026-02-13,"CLT","TS3",2,"CLT_TS3_2",2.5,"L",1235.77608,2.87789750167897e-05,2
"20260213_080",2026-02-13,"CLT","TS3",2,"CLT_TS3_2",2.5,"T",712.92408,1.60260745981379e-05,2
"20260213_081",2026-02-13,"LT","TS3",2,"LT_TS3_2",2.5,"L",3800.82648,8.04355388045487e-05,2
"20260213_081",2026-02-13,"LT","TS3",2,"LT_TS3_2",2.5,"T",1665.12984,3.34283438005385e-05,2
"20260213_082",2026-02-13,"PT","TS4",1,"PT_TS4_1",2.5,"P",888.02824,0.00015823094081319,2
"20260213_082",2026-02-13,"PT","TS4",1,"PT_TS4_1",2.5,"T",1064.77272,1.15682647535917e-05,2
"20260213_083",2026-02-13,"DPT","TS4",2,"DPT_TS4_2",2.5,"D",2070.69896,3.78009267774007e-05,2
"20260213_083",2026-02-13,"DPT","TS4",2,"DPT_TS4_2",2.5,"P",1040.578,0.00016798805232753,2
"20260213_083",2026-02-13,"DPT","TS4",2,"DPT_TS4_2",2.5,"T",862.39824,1.24491803152391e-05,2
"20260213_084",2026-02-13,"CDLP","TS4",3,"CDLP_TS4_3",2.5,"C",335.65048,3.18420867842854e-05,2
"20260213_084",2026-02-13,"CDLP","TS4",3,"CDLP_TS4_3",2.5,"D",1657.7484,3.69449844838382e-05,2
"20260213_084",2026-02-13,"CDLP","TS4",3,"CDLP_TS4_3",2.5,"L",1549.28224,2.39834275000943e-05,2
"20260213_084",2026-02-13,"CDLP","TS4",3,"CDLP_TS4_3",2.5,"P",430.17392,7.26792058825038e-05,2
"20260213_085",2026-02-13,"PT","TS4",2,"PT_TS4_2",2.5,"P",1717.82512,0.00027921916066764,2
"20260213_085",2026-02-13,"PT","TS4",2,"PT_TS4_2",2.5,"T",1498.43232,2.02966702606385e-05,2
"20260213_086",2026-02-13,"CDPT","TS4",1,"CDPT_TS4_1",2.5,"C",203.80976,1.75996838893456e-05,2
"20260213_086",2026-02-13,"CDPT","TS4",1,"CDPT_TS4_1",2.5,"D",1397.75768,2.9221740480337e-05,2
"20260213_086",2026-02-13,"CDPT","TS4",1,"CDPT_TS4_1",2.5,"P",840.86904,0.00012381096669688,2
"20260213_086",2026-02-13,"CDPT","TS4",1,"CDPT_TS4_1",2.5,"T",290.1316,4.10768999249271e-06,2
"20260213_087",2026-02-13,"PT","TS4",3,"PT_TS4_3",2.5,"P",1543.74616,0.00028644998606141,2
"20260213_087",2026-02-13,"PT","TS4",3,"PT_TS4_3",2.5,"T",1013.51272,1.52688442579003e-05,2
"20260213_088",2026-02-13,"DPT","TS4",3,"DPT_TS4_3",2.5,"D",1423.38768,2.62964088514892e-05,2
"20260213_088",2026-02-13,"DPT","TS4",3,"DPT_TS4_3",2.5,"P",559.96424,0.00010587058833131,2
"20260213_088",2026-02-13,"DPT","TS4",3,"DPT_TS4_3",2.5,"T",530.23344,7.68304096019342e-06,2
"20260213_089",2026-02-13,"CDLT","TS4",2,"CDLT_TS4_2",2.5,"C",418.07656,3.12908691264371e-05,2
"20260213_089",2026-02-13,"CDLT","TS4",2,"CDLT_TS4_2",2.5,"D",2214.63704,6.23031774837179e-05,2
"20260213_089",2026-02-13,"CDLT","TS4",2,"CDLT_TS4_2",2.5,"L",615.53008,1.19188321821943e-05,2
"20260213_089",2026-02-13,"CDLT","TS4",2,"CDLT_TS4_2",2.5,"T",419.92192,8.82281448628187e-06,2
"20260213_090",2026-02-13,"CDPT","TS4",2,"CDPT_TS4_2",2.5,"C",165.0572,1.64920052032097e-05,2
"20260213_090",2026-02-13,"CDPT","TS4",2,"CDPT_TS4_2",2.5,"D",1378.07384,3.03314215345941e-05,2
"20260213_090",2026-02-13,"CDPT","TS4",2,"CDPT_TS4_2",2.5,"P",914.27336,0.00016571379864997,2
"20260213_090",2026-02-13,"CDPT","TS4",2,"CDPT_TS4_2",2.5,"T",366.40648,4.66009728392771e-06,2
"20260213_091",2026-02-13,"CLT","TS4",1,"CLT_TS4_1",2.5,"C",521.62176,6.13656762561407e-05,2
"20260213_091",2026-02-13,"CLT","TS4",1,"CLT_TS4_1",2.5,"L",1787.53872,4.77802910672495e-05,2
"20260213_091",2026-02-13,"CLT","TS4",1,"CLT_TS4_1",2.5,"T",519.7764,1.38214023528635e-05,2
"20260213_092",2026-02-13,"LP","TS4",3,"LP_TS4_3",2.5,"L",4176.86984,7.30244916391506e-05,2
"20260213_092",2026-02-13,"LP","TS4",3,"LP_TS4_3",2.5,"P",886.59296,0.00014749922304836,2
"20260213_093",2026-02-13,"CLT","TS4",3,"CLT_TS4_3",2.5,"C",536.38464,5.39503573939032e-05,2
"20260213_093",2026-02-13,"CLT","TS4",3,"CLT_TS4_3",2.5,"L",2479.54872,6.05077245010932e-05,2
"20260213_093",2026-02-13,"CLT","TS4",3,"CLT_TS4_3",2.5,"T",1004.90104,2.23793164370394e-05,2
"20260213_094",2026-02-13,"CDLP","TS4",2,"CDLP_TS4_2",2.5,"C",167.51768,1.40411578694394e-05,2
"20260213_094",2026-02-13,"CDLP","TS4",2,"CDLP_TS4_2",2.5,"D",1553.58808,3.28186963974841e-05,2
"20260213_094",2026-02-13,"CDLP","TS4",2,"CDLP_TS4_2",2.5,"L",782.63768,1.14410587821715e-05,2
"20260213_094",2026-02-13,"CDLP","TS4",2,"CDLP_TS4_2",2.5,"P",381.78448,7.14663373703685e-05,2
"20260213_095",2026-02-13,"LP","TS4",2,"LP_TS4_2",2.5,"L",3876.89632,7.16317234044991e-05,2
"20260213_095",2026-02-13,"LP","TS4",2,"LP_TS4_2",2.5,"P",855.63192,0.00013053844506519,2
"20260213_096",2026-02-13,"CDLT","TS4",3,"CDLT_TS4_3",2.5,"C",254.04456,2.28762514754506e-05,2
"20260213_096",2026-02-13,"CDLT","TS4",3,"CDLT_TS4_3",2.5,"D",1293.18728,3.92354073576068e-05,2
"20260213_096",2026-02-13,"CDLT","TS4",3,"CDLT_TS4_3",2.5,"L",679.09248,1.29434511705737e-05,2
"20260213_096",2026-02-13,"CDLT","TS4",3,"CDLT_TS4_3",2.5,"T",520.18648,1.3678132807131e-05,2
"20260213_097",2026-02-13,"LP","TS4",1,"LP_TS4_1",2.5,"L",3735.21368,6.50761582293033e-05,2
"20260213_097",2026-02-13,"LP","TS4",1,"LP_TS4_1",2.5,"P",1211.7864,0.0002097621419569,2
"20260213_098",2026-02-13,"CDLT","TS4",1,"CDLT_TS4_1",2.5,"C",507.88408,6.24693496083339e-05,2
"20260213_098",2026-02-13,"CDLT","TS4",1,"CDLT_TS4_1",2.5,"D",2482.21424,7.61888918745215e-05,2
"20260213_098",2026-02-13,"CDLT","TS4",1,"CDLT_TS4_1",2.5,"L",1020.89416,2.50986736062441e-05,2
"20260213_098",2026-02-13,"CDLT","TS4",1,"CDLT_TS4_1",2.5,"T",471.18192,1.08292699262327e-05,2
"20260213_099",2026-02-13,"CDLP","TS4",1,"CDLP_TS4_1",2.5,"C",171.41344,1.52931516099348e-05,2
"20260213_099",2026-02-13,"CDLP","TS4",1,"CDLP_TS4_1",2.5,"D",1985.40232,4.64928709871149e-05,2
"20260213_099",2026-02-13,"CDLP","TS4",1,"CDLP_TS4_1",2.5,"L",1433.43464,2.33422353116293e-05,2
"20260213_099",2026-02-13,"CDLP","TS4",1,"CDLP_TS4_1",2.5,"P",586.00432,9.07125181509057e-05,2
"20260213_100",2026-02-13,"DPT","TS4",1,"DPT_TS4_1",2.5,"D",2335.20056,4.37465687788624e-05,2
"20260213_100",2026-02-13,"DPT","TS4",1,"DPT_TS4_1",2.5,"P",762.54376,0.00011132963303976,2
"20260213_100",2026-02-13,"DPT","TS4",1,"DPT_TS4_1",2.5,"T",627.4224,8.00112700880079e-06,2
"20260213_101",2026-02-13,"LT","TS4",1,"LT_TS4_1",2.5,"L",3185.2964,7.49274250810168e-05,2
"20260213_101",2026-02-13,"LT","TS4",1,"LT_TS4_1",2.5,"T",1738.7392,4.1327364714293e-05,2
"20260213_102",2026-02-13,"CDPT","TS4",3,"CDPT_TS4_3",2.5,"C",107.646,1.14319361365333e-05,2
"20260213_102",2026-02-13,"CDPT","TS4",3,"CDPT_TS4_3",2.5,"D",873.67544,1.7922940106125e-05,2
"20260213_102",2026-02-13,"CDPT","TS4",3,"CDPT_TS4_3",2.5,"P",453.1384,9.3782319266965e-05,2
"20260213_102",2026-02-13,"CDPT","TS4",3,"CDPT_TS4_3",2.5,"T",218.98272,3.91146533671108e-06,2
"20260213_103",2026-02-13,"LPT","TS4",1,"LPT_TS4_1",2.5,"L",2716.36992,4.55167785900101e-05,2
"20260213_103",2026-02-13,"LPT","TS4",1,"LPT_TS4_1",2.5,"P",779.152,0.00016162161889752,2
"20260213_103",2026-02-13,"LPT","TS4",1,"LPT_TS4_1",2.5,"T",878.5964,1.17198502792094e-05,2
"20260213_104",2026-02-13,"LT","TS4",3,"LT_TS4_3",2.5,"L",3115.99288,6.28446936321942e-05,2
"20260213_104",2026-02-13,"LT","TS4",3,"LT_TS4_3",2.5,"T",971.68456,1.50965704220454e-05,2
"20260213_105",2026-02-13,"LT","TS4",2,"LT_TS4_2",2.5,"L",3448.56776,8.5395557022977e-05,2
"20260213_105",2026-02-13,"LT","TS4",2,"LT_TS4_2",2.5,"T",1638.47464,3.50753067050844e-05,2
"20260213_106",2026-02-13,"CLT","TS4",2,"CLT_TS4_2",2.5,"C",397.7776,4.58488473605381e-05,2
"20260213_106",2026-02-13,"CLT","TS4",2,"CLT_TS4_2",2.5,"L",1477.92832,3.47955813231726e-05,2
"20260213_106",2026-02-13,"CLT","TS4",2,"CLT_TS4_2",2.5,"T",763.15888,1.46177644332582e-05,2
"20260213_107",2026-02-13,"LPT","TS4",2,"LPT_TS4_2",2.5,"L",2653.2176,4.58651535326882e-05,2
"20260213_107",2026-02-13,"LPT","TS4",2,"LPT_TS4_2",2.5,"P",667.61024,0.00011437656727895,2
"20260213_107",2026-02-13,"LPT","TS4",2,"LPT_TS4_2",2.5,"T",740.1944,1.31824349455892e-05,2
"20260213_108",2026-02-13,"LPT","TS4",3,"LPT_TS4_3",2.5,"L",3255.62512,5.6075549051968e-05,2
"20260213_108",2026-02-13,"LPT","TS4",3,"LPT_TS4_3",2.5,"P",831.84728,0.00012835966507964,2
"20260213_108",2026-02-13,"LPT","TS4",3,"LPT_TS4_3",2.5,"T",835.94808,1.32375901428502e-05,2
"20260216_001",2026-02-16,"DLPT","TS1",3,"DLPT_TS1_3",2.5,"D",1140.22744,1.57689089101094e-05,5
"20260216_001",2026-02-16,"DLPT","TS1",3,"DLPT_TS1_3",2.5,"L",351.43856,3.34983545199609e-06,5
"20260216_001",2026-02-16,"DLPT","TS1",3,"DLPT_TS1_3",2.5,"P",772.38568,0.00012193010241813,5
"20260216_001",2026-02-16,"DLPT","TS1",3,"DLPT_TS1_3",2.5,"T",565.70536,7.00657525293836e-06,5
"20260216_002",2026-02-16,"LPT","TS1",1,"LPT_TS1_1",2.5,"L",1397.75768,1.81808435897064e-05,5
"20260216_002",2026-02-16,"LPT","TS1",1,"LPT_TS1_1",2.5,"P",838.20352,0.00012636490480678,5
"20260216_002",2026-02-16,"LPT","TS1",1,"LPT_TS1_1",2.5,"T",624.3468,6.99026402049857e-06,5
"20260216_003",2026-02-16,"DLPT","TS1",2,"DLPT_TS1_2",2.5,"D",1346.29264,1.93488936592083e-05,5
"20260216_003",2026-02-16,"DLPT","TS1",2,"DLPT_TS1_2",2.5,"L",731.9928,7.36228832208407e-06,5
"20260216_003",2026-02-16,"DLPT","TS1",2,"DLPT_TS1_2",2.5,"P",953.02592,0.00014675533501453,5
"20260216_003",2026-02-16,"DLPT","TS1",2,"DLPT_TS1_2",2.5,"T",710.4636,8.55693723461376e-06,5
"20260216_004",2026-02-16,"CD","TS1",3,"CD_TS1_3",2.5,"C",177.97472,1.58938265377648e-05,5
"20260216_004",2026-02-16,"CD","TS1",3,"CD_TS1_3",2.5,"D",1676.81712,3.04674713551346e-05,5
"20260216_005",2026-02-16,"CLT","TS1",1,"CLT_TS1_1",2.5,"C",220.21296,1.79801945312006e-05,5
"20260216_005",2026-02-16,"CLT","TS1",1,"CLT_TS1_1",2.5,"L",1722.13096,2.87168592313359e-05,5
"20260216_005",2026-02-16,"CLT","TS1",1,"CLT_TS1_1",2.5,"T",497.83712,6.64811234019154e-06,5
"20260216_006",2026-02-16,"DPT","TS1",3,"DPT_TS1_3",2.5,"D",1192.3076,1.81782603861154e-05,5
"20260216_006",2026-02-16,"DPT","TS1",3,"DPT_TS1_3",2.5,"P",1177.9548,0.00016244146979491,5
"20260216_006",2026-02-16,"DPT","TS1",3,"DPT_TS1_3",2.5,"T",816.46928,1.08534727018118e-05,5
"20260216_007",2026-02-16,"CLT","TS1",2,"CLT_TS1_2",2.5,"C",131.43064,7.87319460442046e-06,5
"20260216_007",2026-02-16,"CLT","TS1",2,"CLT_TS1_2",2.5,"L",1674.56168,2.44359491047975e-05,5
"20260216_007",2026-02-16,"CLT","TS1",2,"CLT_TS1_2",2.5,"T",654.48768,1.00581643522139e-05,5
"20260216_008",2026-02-16,"CDLP","TS1",2,"CDLP_TS1_2",2.5,"C",273.31832,1.53145349717542e-05,5
"20260216_008",2026-02-16,"CDLP","TS1",2,"CDLP_TS1_2",2.5,"D",1664.71976,2.69477950028436e-05,5
"20260216_008",2026-02-16,"CDLP","TS1",2,"CDLP_TS1_2",2.5,"L",619.01576,6.55472071772109e-06,5
"20260216_008",2026-02-16,"CDLP","TS1",2,"CDLP_TS1_2",2.5,"P",698.1612,0.00012143865662846,5
"20260216_009",2026-02-16,"PT","TS1",1,"PT_TS1_1",2.5,"P",1524.67744,0.00023285528684079,5
"20260216_009",2026-02-16,"PT","TS1",1,"PT_TS1_1",2.5,"T",1014.74296,9.49918037206e-06,5
"20260216_010",2026-02-16,"LPT","TS1",2,"LPT_TS1_2",2.5,"L",1766.62464,1.97252314552654e-05,5
"20260216_010",2026-02-16,"LPT","TS1",2,"LPT_TS1_2",2.5,"P",1079.94568,0.00016669351136174,5
"20260216_010",2026-02-16,"LPT","TS1",2,"LPT_TS1_2",2.5,"T",1206.04528,1.44746570082609e-05,5
"20260216_011",2026-02-16,"CDLT","TS1",3,"CDLT_TS1_3",2.5,"C",324.37328,4.01547936082735e-05,5
"20260216_011",2026-02-16,"CDLT","TS1",3,"CDLT_TS1_3",2.5,"D",1052.06024,1.91338632961269e-05,5
"20260216_011",2026-02-16,"CDLT","TS1",3,"CDLT_TS1_3",2.5,"L",738.34904,9.48446186099483e-06,5
"20260216_011",2026-02-16,"CDLT","TS1",3,"CDLT_TS1_3",2.5,"T",529.82336,6.57863764191039e-06,5
"20260216_012",2026-02-16,"DLPT","TS1",1,"DLPT_TS1_1",2.5,"D",1631.0932,2.68134019367866e-05,5
"20260216_012",2026-02-16,"DLPT","TS1",1,"DLPT_TS1_1",2.5,"L",601.17728,6.39517380356602e-06,5
"20260216_012",2026-02-16,"DLPT","TS1",1,"DLPT_TS1_1",2.5,"P",1239.67184,0.00021090717807619,5
"20260216_012",2026-02-16,"DLPT","TS1",1,"DLPT_TS1_1",2.5,"T",1024.78992,1.64786316535465e-05,5
"20260216_013",2026-02-16,"LT","TS1",3,"LT_TS1_3",2.5,"L",3502.49328,4.58088662396902e-05,5
"20260216_013",2026-02-16,"LT","TS1",3,"LT_TS1_3",2.5,"T",1405.95928,1.99954391761285e-05,5
"20260216_014",2026-02-16,"CDLT","TS1",2,"CDLT_TS1_2",2.5,"C",210.37104,2.44127794489075e-05,5
"20260216_014",2026-02-16,"CDLT","TS1",2,"CDLT_TS1_2",2.5,"D",1606.89848,3.2263715523096e-05,5
"20260216_014",2026-02-16,"CDLT","TS1",2,"CDLT_TS1_2",2.5,"L",1013.51272,1.67025424086072e-05,5
"20260216_014",2026-02-16,"CDLT","TS1",2,"CDLT_TS1_2",2.5,"T",480.61376,5.01042096151844e-06,5
"20260216_015",2026-02-16,"LT","TS1",2,"LT_TS1_2",2.5,"L",3046.8944,4.42129228864865e-05,5
"20260216_015",2026-02-16,"LT","TS1",2,"LT_TS1_2",2.5,"T",1212.60656,1.30903544392332e-05,5
"20260216_016",2026-02-16,"CDLT","TS1",1,"CDLT_TS1_1",2.5,"C",163.82696,1.33731104009494e-05,5
"20260216_016",2026-02-16,"CDLT","TS1",1,"CDLT_TS1_1",2.5,"D",1662.25928,2.91813234818566e-05,5
"20260216_016",2026-02-16,"CDLT","TS1",1,"CDLT_TS1_1",2.5,"L",1005.31112,1.13743129375248e-05,5
"20260216_016",2026-02-16,"CDLT","TS1",1,"CDLT_TS1_1",2.5,"T",672.5312,1.16812015557119e-05,5
"20260216_017",2026-02-16,"DPT","TS1",1,"DPT_TS1_1",2.5,"D",1327.42896,1.76431022472585e-05,5
"20260216_017",2026-02-16,"DPT","TS1",1,"DPT_TS1_1",2.5,"P",1117.468,0.00017354224243638,5
"20260216_017",2026-02-16,"DPT","TS1",1,"DPT_TS1_1",2.5,"T",741.2196,7.27620283228641e-06,5
"20260216_018",2026-02-16,"DPT","TS1",2,"DPT_TS1_2",2.5,"D",1398.78288,1.87707487656091e-05,5
"20260216_018",2026-02-16,"DPT","TS1",2,"DPT_TS1_2",2.5,"P",1159.29616,0.00018666154376506,5
"20260216_018",2026-02-16,"DPT","TS1",2,"DPT_TS1_2",2.5,"T",1130.7956,1.4608598835959e-05,5
"20260216_019",2026-02-16,"PT","TS1",3,"PT_TS1_3",2.5,"P",1217.32248,0.00016125155491796,5
"20260216_019",2026-02-16,"PT","TS1",3,"PT_TS1_3",2.5,"T",739.57928,7.23433723471078e-06,5
"20260216_020",2026-02-16,"CDLP","TS1",1,"CDLP_TS1_1",2.5,"C",171.00336,1.12027023483469e-05,5
"20260216_020",2026-02-16,"CDLP","TS1",1,"CDLP_TS1_1",2.5,"D",1275.55384,1.88218927915413e-05,5
"20260216_020",2026-02-16,"CDLP","TS1",1,"CDLP_TS1_1",2.5,"L",717.64,7.14425713713503e-06,5
"20260216_020",2026-02-16,"CDLP","TS1",1,"CDLP_TS1_1",2.5,"P",903.40624,0.0001502537650554,5
"20260216_021",2026-02-16,"CDLP","TS1",3,"CDLP_TS1_3",2.5,"C",147.21872,1.15384540007516e-05,5
"20260216_021",2026-02-16,"CDLP","TS1",3,"CDLP_TS1_3",2.5,"D",1625.76216,2.51508523746961e-05,5
"20260216_021",2026-02-16,"CDLP","TS1",3,"CDLP_TS1_3",2.5,"L",818.51968,8.61817559755058e-06,5
"20260216_021",2026-02-16,"CDLP","TS1",3,"CDLP_TS1_3",2.5,"P",834.30776,0.00012681371400208,5
"20260216_022",2026-02-16,"CD","TS1",1,"CD_TS1_1",2.5,"C",387.73064,4.21747961059342e-05,5
"20260216_022",2026-02-16,"CD","TS1",1,"CD_TS1_1",2.5,"D",2412.50064,4.23567391040679e-05,5
"20260216_023",2026-02-16,"LPT","TS1",3,"LPT_TS1_3",2.5,"L",1498.63736,1.41095557539966e-05,5
"20260216_023",2026-02-16,"LPT","TS1",3,"LPT_TS1_3",2.5,"P",921.44976,0.00014503459760204,5
"20260216_023",2026-02-16,"LPT","TS1",3,"LPT_TS1_3",2.5,"T",786.73848,7.99736533096257e-06,5
"20260216_024",2026-02-16,"LT","TS1",1,"LT_TS1_1",2.5,"L",2592.7308,3.34835093504765e-05,5
"20260216_024",2026-02-16,"LT","TS1",1,"LT_TS1_1",2.5,"T",1826.29128,2.40408872261155e-05,5
"20260216_025",2026-02-16,"CLT","TS1",3,"CLT_TS1_3",2.5,"C",241.53712,2.28621203077044e-05,5
"20260216_025",2026-02-16,"CLT","TS1",3,"CLT_TS1_3",2.5,"L",2018.6188,3.41581164420775e-05,5
"20260216_025",2026-02-16,"CLT","TS1",3,"CLT_TS1_3",2.5,"T",838.81864,1.0915433265038e-05,5
"20260216_026",2026-02-16,"CD","TS1",2,"CD_TS1_2",2.5,"C",281.72496,2.96055540048992e-05,5
"20260216_026",2026-02-16,"CD","TS1",2,"CD_TS1_2",2.5,"D",2069.8788,4.13177570340634e-05,5
"20260216_027",2026-02-16,"PT","TS1",2,"PT_TS1_2",2.5,"P",1083.6364,0.00016960945848946,5
"20260216_027",2026-02-16,"PT","TS1",2,"PT_TS1_2",2.5,"T",698.77632,8.69718411462442e-06,5
"20260216_028",2026-02-16,"CLT","TS2",1,"CLT_TS2_1",2.5,"C",126.71472,1.25641620998144e-05,5
"20260216_028",2026-02-16,"CLT","TS2",1,"CLT_TS2_1",2.5,"L",2279.22464,3.3528071441897e-05,5
"20260216_028",2026-02-16,"CLT","TS2",1,"CLT_TS2_1",2.5,"T",643.41552,9.38291689438125e-06,5
"20260216_029",2026-02-16,"CP","TS2",1,"CP_TS2_1",2.5,"C",372.35264,2.73937541783212e-05,5
"20260216_029",2026-02-16,"CP","TS2",1,"CP_TS2_1",2.5,"P",624.55184,0.00010211242633851,5
"20260216_030",2026-02-16,"CDPT","TS2",1,"CDPT_TS2_1",2.5,"C",144.96328,1.1839799017097e-05,5
"20260216_030",2026-02-16,"CDPT","TS2",1,"CDPT_TS2_1",2.5,"D",1079.94568,1.77862078021607e-05,5
"20260216_030",2026-02-16,"CDPT","TS2",1,"CDPT_TS2_1",2.5,"P",483.48432,7.90478017923401e-05,5
"20260216_030",2026-02-16,"CDPT","TS2",1,"CDPT_TS2_1",2.5,"T",767.66976,9.84300184927412e-06,5
"20260216_031",2026-02-16,"CDPT","TS2",3,"CDPT_TS2_3",2.5,"C",71.764,3.93194866171698e-06,5
"20260216_031",2026-02-16,"CDPT","TS2",3,"CDPT_TS2_3",2.5,"D",562.62976,9.24733925074002e-06,5
"20260216_031",2026-02-16,"CDPT","TS2",3,"CDPT_TS2_3",2.5,"P",645.46592,9.1838610871226e-05,5
"20260216_031",2026-02-16,"CDPT","TS2",3,"CDPT_TS2_3",2.5,"T",646.08104,1.03436492502099e-05,5
"20260216_032",2026-02-16,"LT","TS2",3,"LT_TS2_3",2.5,"L",3070.67904,4.12034631614312e-05,5
"20260216_032",2026-02-16,"LT","TS2",3,"LT_TS2_3",2.5,"T",1129.56536,1.30982476682532e-05,5
"20260216_033",2026-02-16,"PT","TS2",3,"PT_TS2_3",2.5,"P",1034.63184,0.0001352926697893,5
"20260216_033",2026-02-16,"PT","TS2",3,"PT_TS2_3",2.5,"T",992.3936,1.10538944119786e-05,5
"20260216_034",2026-02-16,"DPT","TS2",3,"DPT_TS2_3",2.5,"D",1182.67072,1.72147780866275e-05,5
"20260216_034",2026-02-16,"DPT","TS2",3,"DPT_TS2_3",2.5,"P",851.32608,0.00013226957901614,5
"20260216_034",2026-02-16,"DPT","TS2",3,"DPT_TS2_3",2.5,"T",641.16008,7.91792563068294e-06,5
"20260216_035",2026-02-16,"PT","TS2",1,"PT_TS2_1",2.5,"P",988.90792,0.00013723646191114,5
"20260216_035",2026-02-16,"PT","TS2",1,"PT_TS2_1",2.5,"T",1061.082,1.20969198209668e-05,5
"20260216_036",2026-02-16,"CDLT","TS2",3,"CDLT_TS2_3",2.5,"C",114.8224,1.35280075393915e-05,5
"20260216_036",2026-02-16,"CDLT","TS2",3,"CDLT_TS2_3",2.5,"D",2254.4148,4.0620168324209e-05,5
"20260216_036",2026-02-16,"CDLT","TS2",3,"CDLT_TS2_3",2.5,"L",722.97104,7.39460399839599e-06,5
"20260216_036",2026-02-16,"CDLT","TS2",3,"CDLT_TS2_3",2.5,"T",372.55768,6.63907699457079e-06,5
"20260216_037",2026-02-16,"CDLP","TS2",2,"CDLP_TS2_2",2.5,"C",62.5372,4.42526446504576e-06,5
"20260216_037",2026-02-16,"CDLP","TS2",2,"CDLP_TS2_2",2.5,"D",1030.53104,1.75004771131498e-05,5
"20260216_037",2026-02-16,"CDLP","TS2",2,"CDLP_TS2_2",2.5,"L",1352.85392,1.74028878266101e-05,5
"20260216_037",2026-02-16,"CDLP","TS2",2,"CDLP_TS2_2",2.5,"P",448.62752,6.52984536581049e-05,5
"20260216_038",2026-02-16,"CDLT","TS2",2,"CDLT_TS2_2",2.5,"C",151.31952,1.44884157800848e-05,5
"20260216_038",2026-02-16,"CDLT","TS2",2,"CDLT_TS2_2",2.5,"D",1392.2216,2.65154615648977e-05,5
"20260216_038",2026-02-16,"CDLT","TS2",2,"CDLT_TS2_2",2.5,"L",805.19208,1.02818405684103e-05,5
"20260216_038",2026-02-16,"CDLT","TS2",2,"CDLT_TS2_2",2.5,"T",485.9448,8.33604432314241e-06,5
"20260216_039",2026-02-16,"CDPT","TS2",2,"CDPT_TS2_2",2.5,"C",124.66432,6.98955358799213e-06,5
"20260216_039",2026-02-16,"CDPT","TS2",2,"CDPT_TS2_2",2.5,"D",759.6732,1.19052620648906e-05,5
"20260216_039",2026-02-16,"CDPT","TS2",2,"CDPT_TS2_2",2.5,"P",704.51744,0.00011064896504952,5
"20260216_039",2026-02-16,"CDPT","TS2",2,"CDPT_TS2_2",2.5,"T",440.01584,7.22955216167419e-06,5
"20260216_040",2026-02-16,"CLT","TS2",3,"CLT_TS2_3",2.5,"C",220.82808,2.24769739664548e-05,5
"20260216_040",2026-02-16,"CLT","TS2",3,"CLT_TS2_3",2.5,"L",2274.30368,3.51483233123576e-05,5
"20260216_040",2026-02-16,"CLT","TS2",3,"CLT_TS2_3",2.5,"T",915.91368,1.19923746863462e-05,5
"20260216_041",2026-02-16,"PT","TS2",2,"PT_TS2_2",2.5,"P",763.774,9.36535411511292e-05,5
"20260216_041",2026-02-16,"PT","TS2",2,"PT_TS2_2",2.5,"T",1307.95016,1.32782517339718e-05,5
"20260216_042",2026-02-16,"DLP","TS2",3,"DLP_TS2_3",2.5,"D",2291.52704,3.34366728492786e-05,5
"20260216_042",2026-02-16,"DLP","TS2",3,"DLP_TS2_3",2.5,"L",857.68232,7.74000706117326e-06,5
"20260216_042",2026-02-16,"DLP","TS2",3,"DLP_TS2_3",2.5,"P",416.2312,7.61269832462334e-05,5
"20260216_043",2026-02-16,"CDLP","TS2",1,"CDLP_TS2_1",2.5,"C",476.30792,3.14795941169827e-05,5
"20260216_043",2026-02-16,"CDLP","TS2",1,"CDLP_TS2_1",2.5,"D",1567.32576,2.68513403729903e-05,5
"20260216_043",2026-02-16,"CDLP","TS2",1,"CDLP_TS2_1",2.5,"L",1271.04296,1.52183123146043e-05,5
"20260216_043",2026-02-16,"CDLP","TS2",1,"CDLP_TS2_1",2.5,"P",782.43264,0.00012405625915512,5
"20260216_044",2026-02-16,"LT","TS2",2,"LT_TS2_2",2.5,"L",3827.89176,5.5467957017244e-05,5
"20260216_044",2026-02-16,"LT","TS2",2,"LT_TS2_2",2.5,"T",1016.58832,1.67345858611692e-05,5
"20260216_045",2026-02-16,"CLT","TS2",2,"CLT_TS2_2",2.5,"C",301.4088,2.14038277955725e-05,5
"20260216_045",2026-02-16,"CLT","TS2",2,"CLT_TS2_2",2.5,"L",1880.42184,2.97949280601995e-05,5
"20260216_045",2026-02-16,"CLT","TS2",2,"CLT_TS2_2",2.5,"T",787.76368,9.77092956266129e-06,5
"20260216_046",2026-02-16,"DPT","TS2",1,"DPT_TS2_1",2.5,"D",1112.75208,1.73977989268569e-05,5
"20260216_046",2026-02-16,"DPT","TS2",1,"DPT_TS2_1",2.5,"P",847.63536,0.0001258953581397,5
"20260216_046",2026-02-16,"DPT","TS2",1,"DPT_TS2_1",2.5,"T",1107.42104,1.48149861767434e-05,5
"20260216_047",2026-02-16,"DLP","TS2",2,"DLP_TS2_2",2.5,"D",2278.40448,3.10325232853687e-05,5
"20260216_047",2026-02-16,"DLP","TS2",2,"DLP_TS2_2",2.5,"L",886.38792,8.3093039267134e-06,5
"20260216_047",2026-02-16,"DLP","TS2",2,"DLP_TS2_2",2.5,"P",423.20256,5.68250668243463e-05,5
"20260216_048",2026-02-16,"DPT","TS2",2,"DPT_TS2_2",2.5,"D",1568.556,2.72387214356199e-05,5
"20260216_048",2026-02-16,"DPT","TS2",2,"DPT_TS2_2",2.5,"P",599.12688,8.31401507290515e-05,5
"20260216_048",2026-02-16,"DPT","TS2",2,"DPT_TS2_2",2.5,"T",1051.03504,1.27624715748902e-05,5
"20260216_049",2026-02-16,"CP","TS2",3,"CP_TS2_3",2.5,"C",429.96888,2.94019448143558e-05,5
"20260216_049",2026-02-16,"CP","TS2",3,"CP_TS2_3",2.5,"P",502.348,8.04628076503271e-05,5
"20260216_050",2026-02-16,"CP","TS2",2,"CP_TS2_2",2.5,"C",387.11552,2.42986918370561e-05,5
"20260216_050",2026-02-16,"CP","TS2",2,"CP_TS2_2",2.5,"P",498.45224,8.89329585888753e-05,5
"20260216_051",2026-02-16,"CDLT","TS2",1,"CDLT_TS2_1",2.5,"C",161.16144,1.53784038774463e-05,5
"20260216_051",2026-02-16,"CDLT","TS2",1,"CDLT_TS2_1",2.5,"D",1861.96824,3.19488892254612e-05,5
"20260216_051",2026-02-16,"CDLT","TS2",1,"CDLT_TS2_1",2.5,"L",747.3708,8.16211241072682e-06,5
"20260216_051",2026-02-16,"CDLT","TS2",1,"CDLT_TS2_1",2.5,"T",461.95512,6.32669127824285e-06,5
"20260216_052",2026-02-16,"CDLP","TS2",3,"CDLP_TS2_3",2.5,"C",0,0,5
"20260216_052",2026-02-16,"CDLP","TS2",3,"CDLP_TS2_3",2.5,"D",1316.56184,2.11994810836264e-05,5
"20260216_052",2026-02-16,"CDLP","TS2",3,"CDLP_TS2_3",2.5,"L",1278.62944,1.40337631102335e-05,5
"20260216_052",2026-02-16,"CDLP","TS2",3,"CDLP_TS2_3",2.5,"P",323.14304,6.35101006207159e-05,5
"20260216_053",2026-02-16,"DLP","TS2",1,"DLP_TS2_1",2.5,"D",1521.3968,2.3909713416274e-05,5
"20260216_053",2026-02-16,"DLP","TS2",1,"DLP_TS2_1",2.5,"L",578.82792,6.55270484301912e-06,5
"20260216_053",2026-02-16,"DLP","TS2",1,"DLP_TS2_1",2.5,"P",580.05816,7.74661688155262e-05,5
"20260216_054",2026-02-16,"LT","TS2",1,"LT_TS2_1",2.5,"L",2413.3208,2.77383667803731e-05,5
"20260216_054",2026-02-16,"LT","TS2",1,"LT_TS2_1",2.5,"T",1857.45736,1.92283868859578e-05,5
"20260216_055",2026-02-16,"CDLP","TS3",3,"CDLP_TS3_3",2.5,"C",47.56928,7.34970343540808e-06,5
"20260216_055",2026-02-16,"CDLP","TS3",3,"CDLP_TS3_3",2.5,"D",1999.34504,3.04348710429129e-05,5
"20260216_055",2026-02-16,"CDLP","TS3",3,"CDLP_TS3_3",2.5,"L",859.52768,9.38854178760615e-06,5
"20260216_055",2026-02-16,"CDLP","TS3",3,"CDLP_TS3_3",2.5,"P",647.72136,0.00011968141141261,5
"20260216_056",2026-02-16,"CDPT","TS3",2,"CDPT_TS3_2",2.5,"C",71.55896,7.997872330705e-06,5
"20260216_056",2026-02-16,"CDPT","TS3",2,"CDPT_TS3_2",2.5,"D",892.53912,1.65876184040484e-05,5
"20260216_056",2026-02-16,"CDPT","TS3",2,"CDPT_TS3_2",2.5,"P",897.87016,0.00015122672612692,5
"20260216_056",2026-02-16,"CDPT","TS3",2,"CDPT_TS3_2",2.5,"T",620.04096,9.10062134319097e-06,5
"20260216_057",2026-02-16,"CDLT","TS3",2,"CDLT_TS3_2",2.5,"C",200.11904,2.78493521424009e-05,5
"20260216_057",2026-02-16,"CDLT","TS3",2,"CDLT_TS3_2",2.5,"D",1768.67504,3.14263936917807e-05,5
"20260216_057",2026-02-16,"CDLT","TS3",2,"CDLT_TS3_2",2.5,"L",909.55744,9.8731414624434e-06,5
"20260216_057",2026-02-16,"CDLT","TS3",2,"CDLT_TS3_2",2.5,"T",442.06624,5.21277306417487e-06,5
"20260216_058",2026-02-16,"LT","TS3",1,"LT_TS3_1",2.5,"L",2428.28872,3.51484235350536e-05,5
"20260216_058",2026-02-16,"LT","TS3",1,"LT_TS3_1",2.5,"T",1279.4496,1.72002053006135e-05,5
"20260216_059",2026-02-16,"LT","TS3",3,"LT_TS3_3",2.5,"L",2525.47768,3.31375374980188e-05,5
"20260216_059",2026-02-16,"LT","TS3",3,"LT_TS3_3",2.5,"T",1290.11168,1.39849258102974e-05,5
"20260216_060",2026-02-16,"CDLT","TS3",1,"CDLT_TS3_1",2.5,"C",135.3264,9.31545112354329e-06,5
"20260216_060",2026-02-16,"CDLT","TS3",1,"CDLT_TS3_1",2.5,"D",1959.56728,3.45712258714964e-05,5
"20260216_060",2026-02-16,"CDLT","TS3",1,"CDLT_TS3_1",2.5,"L",1073.58944,1.27661373115231e-05,5
"20260216_060",2026-02-16,"CDLT","TS3",1,"CDLT_TS3_1",2.5,"T",529.20824,7.79273192406434e-06,5
"20260216_061",2026-02-16,"DLP","TS3",1,"DLP_TS3_1",2.5,"D",1393.65688,2.01727207004123e-05,5
"20260216_061",2026-02-16,"DLP","TS3",1,"DLP_TS3_1",2.5,"L",992.3936,1.10244407372039e-05,5
"20260216_061",2026-02-16,"DLP","TS3",1,"DLP_TS3_1",2.5,"P",798.01568,0.00011316244339589,5
"20260216_062",2026-02-16,"DLP","TS3",2,"DLP_TS3_2",2.5,"D",1504.78856,2.14817423064854e-05,5
"20260216_062",2026-02-16,"DLP","TS3",2,"DLP_TS3_2",2.5,"L",552.99288,5.75992796660807e-06,5
"20260216_062",2026-02-16,"DLP","TS3",2,"DLP_TS3_2",2.5,"P",524.08224,9.50642266206307e-05,5
"20260216_063",2026-02-16,"DLP","TS3",3,"DLP_TS3_3",2.5,"D",2256.67024,3.28182064036504e-05,5
"20260216_063",2026-02-16,"DLP","TS3",3,"DLP_TS3_3",2.5,"L",699.39144,7.16299768585952e-06,5
"20260216_063",2026-02-16,"DLP","TS3",3,"DLP_TS3_3",2.5,"P",693.65032,9.99765227026705e-05,5
"20260216_064",2026-02-16,"DPT","TS3",2,"DPT_TS3_2",2.5,"D",934.36728,1.48718476011302e-05,5
"20260216_064",2026-02-16,"DPT","TS3",2,"DPT_TS3_2",2.5,"P",873.67544,0.00014549035246974,5
"20260216_064",2026-02-16,"DPT","TS3",2,"DPT_TS3_2",2.5,"T",923.7052,1.19492171071898e-05,5
"20260216_065",2026-02-16,"CD","TS3",2,"CD_TS3_2",2.5,"C",138.402,1.34407057972856e-05,5
"20260216_065",2026-02-16,"CD","TS3",2,"CD_TS3_2",2.5,"D",1854.38176,4.04595725538837e-05,5
"20260216_066",2026-02-16,"CDLP","TS3",1,"CDLP_TS3_1",2.5,"C",239.28168,2.34588779475438e-05,5
"20260216_066",2026-02-16,"CDLP","TS3",1,"CDLP_TS3_1",2.5,"D",1074.20456,1.53725424443173e-05,5
"20260216_066",2026-02-16,"CDLP","TS3",1,"CDLP_TS3_1",2.5,"L",556.27352,6.13331240765913e-06,5
"20260216_066",2026-02-16,"CDLP","TS3",1,"CDLP_TS3_1",2.5,"P",707.59304,0.00011663089369971,5
"20260216_067",2026-02-16,"CLT","TS3",1,"CLT_TS3_1",2.5,"C",234.7708,2.17184962728873e-05,5
"20260216_067",2026-02-16,"CLT","TS3",1,"CLT_TS3_1",2.5,"L",1570.40136,2.30854994448049e-05,5
"20260216_067",2026-02-16,"CLT","TS3",1,"CLT_TS3_1",2.5,"T",841.07408,1.08533875831411e-05,5
"20260216_068",2026-02-16,"CDLP","TS3",2,"CDLP_TS3_2",2.5,"C",143.73304,8.53586784765668e-06,5
"20260216_068",2026-02-16,"CDLP","TS3",2,"CDLP_TS3_2",2.5,"D",1445.32696,2.08047229691688e-05,5
"20260216_068",2026-02-16,"CDLP","TS3",2,"CDLP_TS3_2",2.5,"L",750.24136,7.55467873635621e-06,5
"20260216_068",2026-02-16,"CDLP","TS3",2,"CDLP_TS3_2",2.5,"P",570.62632,7.743684459378e-05,5
"20260216_069",2026-02-16,"PT","TS3",3,"PT_TS3_3",2.5,"P",1265.91696,0.00017718914152258,5
"20260216_069",2026-02-16,"PT","TS3",3,"PT_TS3_3",2.5,"T",940.72352,8.20953529001061e-06,5
"20260216_070",2026-02-16,"CD","TS3",3,"CD_TS3_3",2.5,"C",141.4776,1.59031220203252e-05,5
"20260216_070",2026-02-16,"CD","TS3",3,"CD_TS3_3",2.5,"D",2115.19264,4.25679033675719e-05,5
"20260216_071",2026-02-16,"CDLT","TS3",3,"CDLT_TS3_3",2.5,"C",182.07552,1.4271442868733e-05,5
"20260216_071",2026-02-16,"CDLT","TS3",3,"CDLT_TS3_3",2.5,"D",1681.73808,2.9164963380684e-05,5
"20260216_071",2026-02-16,"CDLT","TS3",3,"CDLT_TS3_3",2.5,"L",761.92864,8.06923432481164e-06,5
"20260216_071",2026-02-16,"CDLT","TS3",3,"CDLT_TS3_3",2.5,"T",535.97456,8.62575379156619e-06,5
"20260216_072",2026-02-16,"DPT","TS3",3,"DPT_TS3_3",2.5,"D",1007.56656,1.54170048979342e-05,5
"20260216_072",2026-02-16,"DPT","TS3",3,"DPT_TS3_3",2.5,"P",1130.59056,0.00019746302078294,5
"20260216_072",2026-02-16,"DPT","TS3",3,"DPT_TS3_3",2.5,"T",1181.44048,1.46208367970644e-05,5
"20260216_073",2026-02-16,"CLT","TS3",3,"CLT_TS3_3",2.5,"C",91.85792,1.61737584800164e-05,5
"20260216_073",2026-02-16,"CLT","TS3",3,"CLT_TS3_3",2.5,"L",1329.47936,1.95597856700254e-05,5
"20260216_073",2026-02-16,"CLT","TS3",3,"CLT_TS3_3",2.5,"T",425.04792,4.98768161442047e-06,5
"20260216_074",2026-02-16,"CD","TS3",1,"CD_TS3_1",2.5,"C",268.6024,2.30512388305076e-05,5
"20260216_074",2026-02-16,"CD","TS3",1,"CD_TS3_1",2.5,"D",2275.53392,4.53655754052575e-05,5
"20260216_075",2026-02-16,"PT","TS3",2,"PT_TS3_2",2.5,"P",901.56088,0.00013838472654567,5
"20260216_075",2026-02-16,"PT","TS3",2,"PT_TS3_2",2.5,"T",985.2172,9.94402482247406e-06,5
"20260216_076",2026-02-16,"PT","TS3",1,"PT_TS3_1",2.5,"P",1371.51256,0.0002017319628851,5
"20260216_076",2026-02-16,"PT","TS3",1,"PT_TS3_1",2.5,"T",1270.42784,1.30089384325711e-05,5
"20260216_077",2026-02-16,"CDPT","TS3",3,"CDPT_TS3_3",2.5,"C",96.3688,8.91378704712107e-06,5
"20260216_077",2026-02-16,"CDPT","TS3",3,"CDPT_TS3_3",2.5,"D",769.9252,1.28352893319661e-05,5
"20260216_077",2026-02-16,"CDPT","TS3",3,"CDPT_TS3_3",2.5,"P",809.908,0.00013490734816099,5
"20260216_077",2026-02-16,"CDPT","TS3",3,"CDPT_TS3_3",2.5,"T",513.83024,8.2570814461734e-06,5
"20260216_078",2026-02-16,"CDPT","TS3",1,"CDPT_TS3_1",2.5,"C",25.63,1.7266302540153e-06,5
"20260216_078",2026-02-16,"CDPT","TS3",1,"CDPT_TS3_1",2.5,"D",578.62288,8.29182398327513e-06,5
"20260216_078",2026-02-16,"CDPT","TS3",1,"CDPT_TS3_1",2.5,"P",466.05592,6.86943499817483e-05,5
"20260216_078",2026-02-16,"CDPT","TS3",1,"CDPT_TS3_1",2.5,"T",730.9676,1.08799925434077e-05,5
"20260216_079",2026-02-16,"DPT","TS3",1,"DPT_TS3_1",2.5,"D",922.88504,1.40303707933606e-05,5
"20260216_079",2026-02-16,"DPT","TS3",1,"DPT_TS3_1",2.5,"P",810.11304,0.00012074423987708,5
"20260216_079",2026-02-16,"DPT","TS3",1,"DPT_TS3_1",2.5,"T",1110.08656,1.6453374059166e-05,5
"20260216_080",2026-02-16,"CLT","TS3",2,"CLT_TS3_2",2.5,"C",428.73864,3.07545002067718e-05,5
"20260216_080",2026-02-16,"CLT","TS3",2,"CLT_TS3_2",2.5,"L",1505.81376,2.16484174556793e-05,5
"20260216_080",2026-02-16,"CLT","TS3",2,"CLT_TS3_2",2.5,"T",814.62392,1.15154158610005e-05,5
"20260216_081",2026-02-16,"LT","TS3",2,"LT_TS3_2",2.5,"L",3014.088,3.62735725667883e-05,5
"20260216_081",2026-02-16,"LT","TS3",2,"LT_TS3_2",2.5,"T",1226.1392,1.30395791205983e-05,5
"20260216_082",2026-02-16,"PT","TS4",1,"PT_TS4_1",2.5,"P",2869.12472,0.0004920794831947,5
"20260216_082",2026-02-16,"PT","TS4",1,"PT_TS4_1",2.5,"T",567.34568,8.97799917552004e-06,5
"20260216_083",2026-02-16,"DPT","TS4",2,"DPT_TS4_2",2.5,"D",1284.37056,2.00636363866542e-05,5
"20260216_083",2026-02-16,"DPT","TS4",2,"DPT_TS4_2",2.5,"P",884.95264,0.00010964446041071,5
"20260216_083",2026-02-16,"DPT","TS4",2,"DPT_TS4_2",2.5,"T",719.89544,9.97537497482885e-06,5
"20260216_084",2026-02-16,"CDLP","TS4",3,"CDLP_TS4_3",2.5,"C",310.43056,2.14598993956321e-05,5
"20260216_084",2026-02-16,"CDLP","TS4",3,"CDLP_TS4_3",2.5,"D",1968.17896,3.30709961555832e-05,5
"20260216_084",2026-02-16,"CDLP","TS4",3,"CDLP_TS4_3",2.5,"L",770.9504,9.10646514297857e-06,5
"20260216_084",2026-02-16,"CDLP","TS4",3,"CDLP_TS4_3",2.5,"P",975.17024,0.00016302443744868,5
"20260216_085",2026-02-16,"PT","TS4",2,"PT_TS4_2",2.5,"P",1187.79672,0.00018966624368218,5
"20260216_085",2026-02-16,"PT","TS4",2,"PT_TS4_2",2.5,"T",667.61024,7.72452428230254e-06,5
"20260216_086",2026-02-16,"CDPT","TS4",1,"CDPT_TS4_1",2.5,"C",102.72504,7.37660978483365e-06,5
"20260216_086",2026-02-16,"CDPT","TS4",1,"CDPT_TS4_1",2.5,"D",732.19784,1.37332001977013e-05,5
"20260216_086",2026-02-16,"CDPT","TS4",1,"CDPT_TS4_1",2.5,"P",896.22984,0.00016317670300007,5
"20260216_086",2026-02-16,"CDPT","TS4",1,"CDPT_TS4_1",2.5,"T",600.15208,9.63934467484163e-06,5
"20260216_087",2026-02-16,"PT","TS4",3,"PT_TS4_3",2.5,"P",1536.7748,0.00025256390789052,5
"20260216_087",2026-02-16,"PT","TS4",3,"PT_TS4_3",2.5,"T",731.37768,9.18702321955702e-06,5
"20260216_088",2026-02-16,"DPT","TS4",3,"DPT_TS4_3",2.5,"D",1739.55936,2.43308299865648e-05,5
"20260216_088",2026-02-16,"DPT","TS4",3,"DPT_TS4_3",2.5,"P",1035.24696,0.00016830328338827,5
"20260216_088",2026-02-16,"DPT","TS4",3,"DPT_TS4_3",2.5,"T",721.12568,7.49208659944369e-06,5
"20260216_089",2026-02-16,"CDLT","TS4",2,"CDLT_TS4_2",2.5,"C",283.77536,1.65215603148634e-05,5
"20260216_089",2026-02-16,"CDLT","TS4",2,"CDLT_TS4_2",2.5,"D",1260.79096,2.23039037768704e-05,5
"20260216_089",2026-02-16,"CDLT","TS4",2,"CDLT_TS4_2",2.5,"L",1024.37984,1.17291250530816e-05,5
"20260216_089",2026-02-16,"CDLT","TS4",2,"CDLT_TS4_2",2.5,"T",630.08792,9.32871031636982e-06,5
"20260216_090",2026-02-16,"CDPT","TS4",2,"CDPT_TS4_2",2.5,"C",244.20264,1.57794547205466e-05,5
"20260216_090",2026-02-16,"CDPT","TS4",2,"CDPT_TS4_2",2.5,"D",654.69272,1.42473716465033e-05,5
"20260216_090",2026-02-16,"CDPT","TS4",2,"CDPT_TS4_2",2.5,"P",1199.484,0.00022281648271334,5
"20260216_090",2026-02-16,"CDPT","TS4",2,"CDPT_TS4_2",2.5,"T",548.07192,7.8457055606865e-06,5
"20260216_091",2026-02-16,"CLT","TS4",1,"CLT_TS4_1",2.5,"C",245.22784,2.73658301947555e-05,5
"20260216_091",2026-02-16,"CLT","TS4",1,"CLT_TS4_1",2.5,"L",1397.96272,2.07210979956674e-05,5
"20260216_091",2026-02-16,"CLT","TS4",1,"CLT_TS4_1",2.5,"T",300.17856,3.99706048511422e-06,5
"20260216_092",2026-02-16,"LP","TS4",3,"LP_TS4_3",2.5,"L",2701.402,3.0255641767696e-05,5
"20260216_092",2026-02-16,"LP","TS4",3,"LP_TS4_3",2.5,"P",1046.31912,0.00016570784216876,5
"20260216_093",2026-02-16,"CLT","TS4",3,"CLT_TS4_3",2.5,"C",408.84976,1.94981579275459e-05,5
"20260216_093",2026-02-16,"CLT","TS4",3,"CLT_TS4_3",2.5,"L",1732.588,2.99297601434238e-05,5
"20260216_093",2026-02-16,"CLT","TS4",3,"CLT_TS4_3",2.5,"T",697.34104,1.05383394938319e-05,5
"20260216_094",2026-02-16,"CDLP","TS4",2,"CDLP_TS4_2",2.5,"C",106.6208,5.65557266392383e-06,5
"20260216_094",2026-02-16,"CDLP","TS4",2,"CDLP_TS4_2",2.5,"D",1290.31672,2.06018670658668e-05,5
"20260216_094",2026-02-16,"CDLP","TS4",2,"CDLP_TS4_2",2.5,"L",1020.89416,1.02369145726924e-05,5
"20260216_094",2026-02-16,"CDLP","TS4",2,"CDLP_TS4_2",2.5,"P",620.45104,0.00010304470233758,5
"20260216_095",2026-02-16,"LP","TS4",2,"LP_TS4_2",2.5,"L",2380.30936,2.53495352460232e-05,5
"20260216_095",2026-02-16,"LP","TS4",2,"LP_TS4_2",2.5,"P",1406.98448,0.00013670632787131,5
"20260216_096",2026-02-16,"CDLT","TS4",3,"CDLT_TS4_3",2.5,"C",326.62872,2.83834178254269e-05,5
"20260216_096",2026-02-16,"CDLT","TS4",3,"CDLT_TS4_3",2.5,"D",1635.194,3.07671920315825e-05,5
"20260216_096",2026-02-16,"CDLT","TS4",3,"CDLT_TS4_3",2.5,"L",460.72488,5.73055682386087e-06,5
"20260216_096",2026-02-16,"CDLT","TS4",3,"CDLT_TS4_3",2.5,"T",436.32512,7.12402390714277e-06,5
"20260216_097",2026-02-16,"LP","TS4",1,"LP_TS4_1",2.5,"L",1938.85824,1.83215846504515e-05,5
"20260216_097",2026-02-16,"LP","TS4",1,"LP_TS4_1",2.5,"P",639.7248,0.00010323742349677,5
"20260216_098",2026-02-16,"CDLT","TS4",1,"CDLT_TS4_1",2.5,"C",134.09616,7.43847842225656e-06,5
"20260216_098",2026-02-16,"CDLT","TS4",1,"CDLT_TS4_1",2.5,"D",1746.73576,3.36568231264556e-05,5
"20260216_098",2026-02-16,"CDLT","TS4",1,"CDLT_TS4_1",2.5,"L",719.6904,7.97030593116966e-06,5
"20260216_098",2026-02-16,"CDLT","TS4",1,"CDLT_TS4_1",2.5,"T",490.25064,7.85598001602871e-06,5
"20260216_099",2026-02-16,"CDLP","TS4",1,"CDLP_TS4_1",2.5,"C",227.5944,1.43755201726793e-05,5
"20260216_099",2026-02-16,"CDLP","TS4",1,"CDLP_TS4_1",2.5,"D",1123.6192,1.58324500015054e-05,5
"20260216_099",2026-02-16,"CDLP","TS4",1,"CDLP_TS4_1",2.5,"L",888.43832,8.11868277533837e-06,5
"20260216_099",2026-02-16,"CDLP","TS4",1,"CDLP_TS4_1",2.5,"P",634.18872,0.00010226836741723,5
"20260216_100",2026-02-16,"DPT","TS4",1,"DPT_TS4_1",2.5,"D",1132.23088,1.66825222887425e-05,5
"20260216_100",2026-02-16,"DPT","TS4",1,"DPT_TS4_1",2.5,"P",884.7476,0.00014173109710596,5
"20260216_100",2026-02-16,"DPT","TS4",1,"DPT_TS4_1",2.5,"T",725.8416,9.78323754104205e-06,5
"20260216_101",2026-02-16,"LT","TS4",1,"LT_TS4_1",2.5,"L",3362.45096,4.38923248925177e-05,5
"20260216_101",2026-02-16,"LT","TS4",1,"LT_TS4_1",2.5,"T",1175.28928,1.35996789511282e-05,5
"20260216_102",2026-02-16,"CDPT","TS4",3,"CDPT_TS4_3",2.5,"C",142.09272,7.733494052054e-06,5
"20260216_102",2026-02-16,"CDPT","TS4",3,"CDPT_TS4_3",2.5,"D",408.0296,6.3032304698703e-06,5
"20260216_102",2026-02-16,"CDPT","TS4",3,"CDPT_TS4_3",2.5,"P",515.88064,9.38352177824232e-05,5
"20260216_102",2026-02-16,"CDPT","TS4",3,"CDPT_TS4_3",2.5,"T",594.616,1.07145590572253e-05,5
"20260216_103",2026-02-16,"LPT","TS4",1,"LPT_TS4_1",2.5,"L",1671.076,1.75951235510029e-05,5
"20260216_103",2026-02-16,"LPT","TS4",1,"LPT_TS4_1",2.5,"P",1000.80024,0.00015846155521218,5
"20260216_103",2026-02-16,"LPT","TS4",1,"LPT_TS4_1",2.5,"T",743.68008,8.55539953281964e-06,5
"20260216_104",2026-02-16,"LT","TS4",3,"LT_TS4_3",2.5,"L",3196.16352,4.13071018290768e-05,5
"20260216_104",2026-02-16,"LT","TS4",3,"LT_TS4_3",2.5,"T",1485.30976,2.02290372302636e-05,5
"20260216_105",2026-02-16,"LT","TS4",2,"LT_TS4_2",2.5,"L",3705.0728,4.57994867844633e-05,5
"20260216_105",2026-02-16,"LT","TS4",2,"LT_TS4_2",2.5,"T",1221.42328,1.47572283095371e-05,5
"20260216_106",2026-02-16,"CLT","TS4",2,"CLT_TS4_2",2.5,"C",289.1064,2.32418417996271e-05,5
"20260216_106",2026-02-16,"CLT","TS4",2,"CLT_TS4_2",2.5,"L",1794.92016,2.93806001832991e-05,5
"20260216_106",2026-02-16,"CLT","TS4",2,"CLT_TS4_2",2.5,"T",465.23576,6.64530254673221e-06,5
"20260216_107",2026-02-16,"LPT","TS4",2,"LPT_TS4_2",2.5,"L",1715.36464,1.83181620513394e-05,5
"20260216_107",2026-02-16,"LPT","TS4",2,"LPT_TS4_2",2.5,"P",1262.0212,0.00020851481873363,5
"20260216_107",2026-02-16,"LPT","TS4",2,"LPT_TS4_2",2.5,"T",1322.71304,1.96270339535677e-05,5
"20260216_108",2026-02-16,"LPT","TS4",3,"LPT_TS4_3",2.5,"L",1393.2468,1.30725690800843e-05,5
"20260216_108",2026-02-16,"LPT","TS4",3,"LPT_TS4_3",2.5,"P",762.54376,0.00010430983666206,5
"20260216_108",2026-02-16,"LPT","TS4",3,"LPT_TS4_3",2.5,"T",916.32376,1.17299475253e-05,5
"20260217_001",2026-02-17,"DLPT","TS1",3,"DLPT_TS1_3",2.5,"D",672.94128,7.86517565386192e-06,6
"20260217_001",2026-02-17,"DLPT","TS1",3,"DLPT_TS1_3",2.5,"L",1528.5732,1.37529179463293e-05,6
"20260217_001",2026-02-17,"DLPT","TS1",3,"DLPT_TS1_3",2.5,"P",869.16456,0.00013105456441134,6
"20260217_001",2026-02-17,"DLPT","TS1",3,"DLPT_TS1_3",2.5,"T",525.31248,4.49550956496834e-06,6
"20260217_002",2026-02-17,"LPT","TS1",1,"LPT_TS1_1",2.5,"L",1735.04848,1.59659235177357e-05,6
"20260217_002",2026-02-17,"LPT","TS1",1,"LPT_TS1_1",2.5,"P",799.86104,9.7810288186159e-05,6
"20260217_002",2026-02-17,"LPT","TS1",1,"LPT_TS1_1",2.5,"T",776.28144,6.59576554298076e-06,6
"20260217_003",2026-02-17,"DLPT","TS1",2,"DLPT_TS1_2",2.5,"D",462.16016,6.53413260099626e-06,6
"20260217_003",2026-02-17,"DLPT","TS1",2,"DLPT_TS1_2",2.5,"L",1954.85136,1.82337985874773e-05,6
"20260217_003",2026-02-17,"DLPT","TS1",2,"DLPT_TS1_2",2.5,"P",753.11192,0.00011525883867581,6
"20260217_003",2026-02-17,"DLPT","TS1",2,"DLPT_TS1_2",2.5,"T",392.03648,2.70229193548061e-06,6
"20260217_004",2026-02-17,"CD","TS1",3,"CD_TS1_3",2.5,"C",143.32296,1.08411298838092e-05,6
"20260217_004",2026-02-17,"CD","TS1",3,"CD_TS1_3",2.5,"D",1785.8984,2.53560579394735e-05,6
"20260217_005",2026-02-17,"CLT","TS1",1,"CLT_TS1_1",2.5,"C",116.25768,9.73400494227403e-06,6
"20260217_005",2026-02-17,"CLT","TS1",1,"CLT_TS1_1",2.5,"L",2053.68064,2.35111539601577e-05,6
"20260217_005",2026-02-17,"CLT","TS1",1,"CLT_TS1_1",2.5,"T",615.73512,6.46266517395001e-06,6
"20260217_006",2026-02-17,"DPT","TS1",3,"DPT_TS1_3",2.5,"D",1010.02704,9.5592593287158e-06,6
"20260217_006",2026-02-17,"DPT","TS1",3,"DPT_TS1_3",2.5,"P",482.04904,7.01377714709254e-05,6
"20260217_006",2026-02-17,"DPT","TS1",3,"DPT_TS1_3",2.5,"T",588.4648,4.00043033075174e-06,6
"20260217_007",2026-02-17,"CLT","TS1",2,"CLT_TS1_2",2.5,"C",175.51424,1.01823596240596e-05,6
"20260217_007",2026-02-17,"CLT","TS1",2,"CLT_TS1_2",2.5,"L",1626.78736,1.80881806428013e-05,6
"20260217_007",2026-02-17,"CLT","TS1",2,"CLT_TS1_2",2.5,"T",328.67912,2.23445253431568e-06,6
"20260217_008",2026-02-17,"CDLP","TS1",2,"CDLP_TS1_2",2.5,"C",130.81552,4.91572236467662e-06,6
"20260217_008",2026-02-17,"CDLP","TS1",2,"CDLP_TS1_2",2.5,"D",703.2872,1.05054943751827e-05,6
"20260217_008",2026-02-17,"CDLP","TS1",2,"CDLP_TS1_2",2.5,"L",983.37184,9.4162291608576e-06,6
"20260217_008",2026-02-17,"CDLP","TS1",2,"CDLP_TS1_2",2.5,"P",737.73392,0.00011744262718296,6
"20260217_009",2026-02-17,"PT","TS1",1,"PT_TS1_1",2.5,"P",968.40392,0.00013139980550426,6
"20260217_009",2026-02-17,"PT","TS1",1,"PT_TS1_1",2.5,"T",1104.96056,9.36549825735752e-06,6
"20260217_010",2026-02-17,"LPT","TS1",2,"LPT_TS1_2",2.5,"L",1495.35672,1.11881671865821e-05,6
"20260217_010",2026-02-17,"LPT","TS1",2,"LPT_TS1_2",2.5,"P",886.798,0.00012076749847307,6
"20260217_010",2026-02-17,"LPT","TS1",2,"LPT_TS1_2",2.5,"T",891.10384,7.7256455324821e-06,6
"20260217_011",2026-02-17,"CDLT","TS1",3,"CDLT_TS1_3",2.5,"C",88.98736,5.89742304042209e-06,6
"20260217_011",2026-02-17,"CDLT","TS1",3,"CDLT_TS1_3",2.5,"D",797.40056,1.46736903534396e-05,6
"20260217_011",2026-02-17,"CDLT","TS1",3,"CDLT_TS1_3",2.5,"L",2306.08488,2.43934366506581e-05,6
"20260217_011",2026-02-17,"CDLT","TS1",3,"CDLT_TS1_3",2.5,"T",457.64928,4.17292519264571e-06,6
"20260217_012",2026-02-17,"DLPT","TS1",1,"DLPT_TS1_1",2.5,"D",553.40296,6.90048188752507e-06,6
"20260217_012",2026-02-17,"DLPT","TS1",1,"DLPT_TS1_1",2.5,"L",1916.71392,1.78808500891318e-05,6
"20260217_012",2026-02-17,"DLPT","TS1",1,"DLPT_TS1_1",2.5,"P",998.74984,0.00014017331416855,6
"20260217_012",2026-02-17,"DLPT","TS1",1,"DLPT_TS1_1",2.5,"T",485.12464,3.23972117548348e-06,6
"20260217_013",2026-02-17,"LT","TS1",3,"LT_TS1_3",2.5,"L",3510.2848,3.67426320915114e-05,6
"20260217_013",2026-02-17,"LT","TS1",3,"LT_TS1_3",2.5,"T",906.89192,9.17798069458403e-06,6
"20260217_014",2026-02-17,"CDLT","TS1",2,"CDLT_TS1_2",2.5,"C",243.79256,1.5356481693367e-05,6
"20260217_014",2026-02-17,"CDLT","TS1",2,"CDLT_TS1_2",2.5,"D",876.34096,1.80002590448061e-05,6
"20260217_014",2026-02-17,"CDLT","TS1",2,"CDLT_TS1_2",2.5,"L",1723.15616,1.92931888250236e-05,6
"20260217_014",2026-02-17,"CDLT","TS1",2,"CDLT_TS1_2",2.5,"T",479.99864,3.82281418556129e-06,6
"20260217_015",2026-02-17,"LT","TS1",2,"LT_TS1_2",2.5,"L",3976.95584,5.17493666875418e-05,6
"20260217_015",2026-02-17,"LT","TS1",2,"LT_TS1_2",2.5,"T",977.42568,1.07284874212879e-05,6
"20260217_016",2026-02-17,"CDLT","TS1",1,"CDLT_TS1_1",2.5,"C",188.6368,1.21003007708905e-05,6
"20260217_016",2026-02-17,"CDLT","TS1",1,"CDLT_TS1_1",2.5,"D",860.55288,1.39540622487262e-05,6
"20260217_016",2026-02-17,"CDLT","TS1",1,"CDLT_TS1_1",2.5,"L",2369.64728,2.26059673315797e-05,6
"20260217_016",2026-02-17,"CDLT","TS1",1,"CDLT_TS1_1",2.5,"T",371.1224,3.14293441022105e-06,6
"20260217_017",2026-02-17,"DPT","TS1",1,"DPT_TS1_1",2.5,"D",1930.4516,2.33477223475365e-05,6
"20260217_017",2026-02-17,"DPT","TS1",1,"DPT_TS1_1",2.5,"P",1079.74064,0.00015554615443926,6
"20260217_017",2026-02-17,"DPT","TS1",1,"DPT_TS1_1",2.5,"T",577.39264,4.17232501712938e-06,6
"20260217_018",2026-02-17,"DPT","TS1",2,"DPT_TS1_2",2.5,"D",931.49672,1.07281087008553e-05,6
"20260217_018",2026-02-17,"DPT","TS1",2,"DPT_TS1_2",2.5,"P",1048.7796,0.0001456150436904,6
"20260217_018",2026-02-17,"DPT","TS1",2,"DPT_TS1_2",2.5,"T",765.61936,5.25859733732482e-06,6
"20260217_019",2026-02-17,"PT","TS1",3,"PT_TS1_3",2.5,"P",1004.90104,0.00014853316249205,6
"20260217_019",2026-02-17,"PT","TS1",3,"PT_TS1_3",2.5,"T",1011.8724,9.40116704312064e-06,6
"20260217_020",2026-02-17,"CDLP","TS1",1,"CDLP_TS1_1",2.5,"C",201.34928,7.02438237027736e-06,6
"20260217_020",2026-02-17,"CDLP","TS1",1,"CDLP_TS1_1",2.5,"D",512.80504,7.11562129970133e-06,6
"20260217_020",2026-02-17,"CDLP","TS1",1,"CDLP_TS1_1",2.5,"L",1246.23312,1.32793789788842e-05,6
"20260217_020",2026-02-17,"CDLP","TS1",1,"CDLP_TS1_1",2.5,"P",894.79456,0.00013657794283146,6
"20260217_021",2026-02-17,"CDLP","TS1",3,"CDLP_TS1_3",2.5,"C",83.45128,4.92135558290577e-06,6
"20260217_021",2026-02-17,"CDLP","TS1",3,"CDLP_TS1_3",2.5,"D",940.1084,1.50587599623805e-05,6
"20260217_021",2026-02-17,"CDLP","TS1",3,"CDLP_TS1_3",2.5,"L",2078.0804,2.08812925546909e-05,6
"20260217_021",2026-02-17,"CDLP","TS1",3,"CDLP_TS1_3",2.5,"P",552.17272,8.17633501217066e-05,6
"20260217_022",2026-02-17,"CD","TS1",1,"CD_TS1_1",2.5,"C",374.40304,1.85739118508549e-05,6
"20260217_022",2026-02-17,"CD","TS1",1,"CD_TS1_1",2.5,"D",2750.40656,4.17868786347848e-05,6
"20260217_023",2026-02-17,"LPT","TS1",3,"LPT_TS1_3",2.5,"L",1938.03808,2.38362955458856e-05,6
"20260217_023",2026-02-17,"LPT","TS1",3,"LPT_TS1_3",2.5,"P",1111.72688,0.00016783998173372,6
"20260217_023",2026-02-17,"LPT","TS1",3,"LPT_TS1_3",2.5,"T",1106.1908,8.76530887722164e-06,6
"20260217_024",2026-02-17,"LT","TS1",1,"LT_TS1_1",2.5,"L",3351.78888,3.56376810694719e-05,6
"20260217_024",2026-02-17,"LT","TS1",1,"LT_TS1_1",2.5,"T",1506.22384,1.65453618041881e-05,6
"20260217_025",2026-02-17,"CLT","TS1",3,"CLT_TS1_3",2.5,"C",408.23464,4.81205563771903e-05,6
"20260217_025",2026-02-17,"CLT","TS1",3,"CLT_TS1_3",2.5,"L",2614.67008,3.35470982488634e-05,6
"20260217_025",2026-02-17,"CLT","TS1",3,"CLT_TS1_3",2.5,"T",449.0376,6.2231335982377e-06,6
"20260217_026",2026-02-17,"CD","TS1",2,"CD_TS1_2",2.5,"C",336.47064,2.3012426229928e-05,6
"20260217_026",2026-02-17,"CD","TS1",2,"CD_TS1_2",2.5,"D",1945.00944,3.84107155083476e-05,6
"20260217_027",2026-02-17,"PT","TS1",2,"PT_TS1_2",2.5,"P",1568.35096,0.0002430467912363,6
"20260217_027",2026-02-17,"PT","TS1",2,"PT_TS1_2",2.5,"T",1390.37624,1.19705558659543e-05,6
"20260217_028",2026-02-17,"CLT","TS2",1,"CLT_TS2_1",2.5,"C",218.57264,1.57990544472372e-05,6
"20260217_028",2026-02-17,"CLT","TS2",1,"CLT_TS2_1",2.5,"L",2373.95312,2.51709259545231e-05,6
"20260217_028",2026-02-17,"CLT","TS2",1,"CLT_TS2_1",2.5,"T",266.14192,2.43889479835572e-06,6
"20260217_029",2026-02-17,"CP","TS2",1,"CP_TS2_1",2.5,"C",265.93688,1.73002235773385e-05,6
"20260217_029",2026-02-17,"CP","TS2",1,"CP_TS2_1",2.5,"P",1179.18504,0.00018357202689076,6
"20260217_030",2026-02-17,"CDPT","TS2",1,"CDPT_TS2_1",2.5,"C",176.12936,9.72471193465041e-06,6
"20260217_030",2026-02-17,"CDPT","TS2",1,"CDPT_TS2_1",2.5,"D",852.9664,1.25615631938543e-05,6
"20260217_030",2026-02-17,"CDPT","TS2",1,"CDPT_TS2_1",2.5,"P",867.72928,0.00013903575293288,6
"20260217_030",2026-02-17,"CDPT","TS2",1,"CDPT_TS2_1",2.5,"T",920.6296,1.12325101697307e-05,6
"20260217_031",2026-02-17,"CDPT","TS2",3,"CDPT_TS2_3",2.5,"C",209.96096,1.09603880778412e-05,6
"20260217_031",2026-02-17,"CDPT","TS2",3,"CDPT_TS2_3",2.5,"D",1057.80136,1.56295502040414e-05,6
"20260217_031",2026-02-17,"CDPT","TS2",3,"CDPT_TS2_3",2.5,"P",672.32616,0.00012231566704699,6
"20260217_031",2026-02-17,"CDPT","TS2",3,"CDPT_TS2_3",2.5,"T",859.93776,1.01771629174135e-05,6
"20260217_032",2026-02-17,"LT","TS2",3,"LT_TS2_3",2.5,"L",3270.388,3.88474323028471e-05,6
"20260217_032",2026-02-17,"LT","TS2",3,"LT_TS2_3",2.5,"T",881.46696,7.20805464302589e-06,6
"20260217_033",2026-02-17,"PT","TS2",3,"PT_TS2_3",2.5,"P",1449.01768,0.00018893759217918,6
"20260217_033",2026-02-17,"PT","TS2",3,"PT_TS2_3",2.5,"T",1050.00984,8.96559746207317e-06,6
"20260217_034",2026-02-17,"DPT","TS2",3,"DPT_TS2_3",2.5,"D",1234.13576,1.46902051602209e-05,6
"20260217_034",2026-02-17,"DPT","TS2",3,"DPT_TS2_3",2.5,"P",1185.33624,0.00015344965695991,6
"20260217_034",2026-02-17,"DPT","TS2",3,"DPT_TS2_3",2.5,"T",1241.5172,1.4654816971548e-05,6
"20260217_035",2026-02-17,"PT","TS2",1,"PT_TS2_1",2.5,"P",1034.63184,0.00014333993171284,6
"20260217_035",2026-02-17,"PT","TS2",1,"PT_TS2_1",2.5,"T",1226.34424,1.090828564499e-05,6
"20260217_036",2026-02-17,"CDLT","TS2",3,"CDLT_TS2_3",2.5,"C",84.0664,5.98444340604279e-06,6
"20260217_036",2026-02-17,"CDLT","TS2",3,"CDLT_TS2_3",2.5,"D",1269.40264,1.91751045048422e-05,6
"20260217_036",2026-02-17,"CDLT","TS2",3,"CDLT_TS2_3",2.5,"L",1007.56656,9.1479102494467e-06,6
"20260217_036",2026-02-17,"CDLT","TS2",3,"CDLT_TS2_3",2.5,"T",433.86464,6.05560078761843e-06,6
"20260217_037",2026-02-17,"CDLP","TS2",2,"CDLP_TS2_2",2.5,"C",193.35272,1.26764701382862e-05,6
"20260217_037",2026-02-17,"CDLP","TS2",2,"CDLP_TS2_2",2.5,"D",1038.32256,1.64216126392841e-05,6
"20260217_037",2026-02-17,"CDLP","TS2",2,"CDLP_TS2_2",2.5,"L",846.40512,8.42232800890582e-06,6
"20260217_037",2026-02-17,"CDLP","TS2",2,"CDLP_TS2_2",2.5,"P",801.29632,0.00011620600548521,6
"20260217_038",2026-02-17,"CDLT","TS2",2,"CDLT_TS2_2",2.5,"C",219.18776,1.8625672585291e-05,6
"20260217_038",2026-02-17,"CDLT","TS2",2,"CDLT_TS2_2",2.5,"D",1453.52856,2.55917985640771e-05,6
"20260217_038",2026-02-17,"CDLT","TS2",2,"CDLT_TS2_2",2.5,"L",1100.0396,1.02812101449598e-05,6
"20260217_038",2026-02-17,"CDLT","TS2",2,"CDLT_TS2_2",2.5,"T",310.22552,3.66301212987756e-06,6
"20260217_039",2026-02-17,"CDPT","TS2",2,"CDPT_TS2_2",2.5,"C",153.36992,8.28185846856178e-06,6
"20260217_039",2026-02-17,"CDPT","TS2",2,"CDPT_TS2_2",2.5,"D",834.10272,1.1467484721855e-05,6
"20260217_039",2026-02-17,"CDPT","TS2",2,"CDPT_TS2_2",2.5,"P",809.49792,0.00012890039070108,6
"20260217_039",2026-02-17,"CDPT","TS2",2,"CDPT_TS2_2",2.5,"T",521.41672,6.9471159650376e-06,6
"20260217_040",2026-02-17,"CLT","TS2",3,"CLT_TS2_3",2.5,"C",199.50392,1.64462069579633e-05,6
"20260217_040",2026-02-17,"CLT","TS2",3,"CLT_TS2_3",2.5,"L",1644.62584,1.91478102533776e-05,6
"20260217_040",2026-02-17,"CLT","TS2",3,"CLT_TS2_3",2.5,"T",733.42808,7.49208356771534e-06,6
"20260217_041",2026-02-17,"PT","TS2",2,"PT_TS2_2",2.5,"P",1207.6856,0.000188531115918,6
"20260217_041",2026-02-17,"PT","TS2",2,"PT_TS2_2",2.5,"T",1093.8884,9.69364338734839e-06,6
"20260217_042",2026-02-17,"DLP","TS2",3,"DLP_TS2_3",2.5,"D",1408.00968,1.74013402778286e-05,6
"20260217_042",2026-02-17,"DLP","TS2",3,"DLP_TS2_3",2.5,"L",1126.28472,1.00646525463623e-05,6
"20260217_042",2026-02-17,"DLP","TS2",3,"DLP_TS2_3",2.5,"P",692.42008,9.6436385840132e-05,6
"20260217_043",2026-02-17,"CDLP","TS2",1,"CDLP_TS2_1",2.5,"C",246.048,1.91487343708412e-05,6
"20260217_043",2026-02-17,"CDLP","TS2",1,"CDLP_TS2_1",2.5,"D",1241.92728,1.78694605595659e-05,6
"20260217_043",2026-02-17,"CDLP","TS2",1,"CDLP_TS2_1",2.5,"L",1264.89176,1.16628574357802e-05,6
"20260217_043",2026-02-17,"CDLP","TS2",1,"CDLP_TS2_1",2.5,"P",829.18176,0.00014497270484682,6
"20260217_044",2026-02-17,"LT","TS2",2,"LT_TS2_2",2.5,"L",3563.80024,4.72172226559829e-05,6
"20260217_044",2026-02-17,"LT","TS2",2,"LT_TS2_2",2.5,"T",863.62848,1.0403783691329e-05,6
"20260217_045",2026-02-17,"CLT","TS2",2,"CLT_TS2_2",2.5,"C",262.4512,2.07327190824161e-05,6
"20260217_045",2026-02-17,"CLT","TS2",2,"CLT_TS2_2",2.5,"L",1255.66496,1.48090781812171e-05,6
"20260217_045",2026-02-17,"CLT","TS2",2,"CLT_TS2_2",2.5,"T",441.24608,6.08158367298824e-06,6
"20260217_046",2026-02-17,"DPT","TS2",1,"DPT_TS2_1",2.5,"D",927.806,1.11942481930044e-05,6
"20260217_046",2026-02-17,"DPT","TS2",1,"DPT_TS2_1",2.5,"P",541.3056,7.48741761410044e-05,6
"20260217_046",2026-02-17,"DPT","TS2",1,"DPT_TS2_1",2.5,"T",989.52304,1.1171074688063e-05,6
"20260217_047",2026-02-17,"DLP","TS2",2,"DLP_TS2_2",2.5,"D",1596.44144,2.03695961548667e-05,6
"20260217_047",2026-02-17,"DLP","TS2",2,"DLP_TS2_2",2.5,"L",1409.85504,1.21512422507317e-05,6
"20260217_047",2026-02-17,"DLP","TS2",2,"DLP_TS2_2",2.5,"P",774.43608,0.0001043654700392,6
"20260217_048",2026-02-17,"DPT","TS2",2,"DPT_TS2_2",2.5,"D",1498.02224,1.7486396588256e-05,6
"20260217_048",2026-02-17,"DPT","TS2",2,"DPT_TS2_2",2.5,"P",718.6652,0.000106753640113,6
"20260217_048",2026-02-17,"DPT","TS2",2,"DPT_TS2_2",2.5,"T",888.23328,9.89097739510944e-06,6
"20260217_049",2026-02-17,"CP","TS2",3,"CP_TS2_3",2.5,"C",459.90472,3.42590559156768e-05,6
"20260217_049",2026-02-17,"CP","TS2",3,"CP_TS2_3",2.5,"P",809.08784,0.00012722584487935,6
"20260217_050",2026-02-17,"CP","TS2",2,"CP_TS2_2",2.5,"C",591.13032,3.77203296655841e-05,6
"20260217_050",2026-02-17,"CP","TS2",2,"CP_TS2_2",2.5,"P",1109.06136,0.00018074468971959,6
"20260217_051",2026-02-17,"CDLT","TS2",1,"CDLT_TS2_1",2.5,"C",114.20728,8.60145632035547e-06,6
"20260217_051",2026-02-17,"CDLT","TS2",1,"CDLT_TS2_1",2.5,"D",1247.6684,2.0613817390784e-05,6
"20260217_051",2026-02-17,"CDLT","TS2",1,"CDLT_TS2_1",2.5,"L",1392.42664,1.40369730578419e-05,6
"20260217_051",2026-02-17,"CDLT","TS2",1,"CDLT_TS2_1",2.5,"T",327.65392,3.41405560097772e-06,6
"20260217_052",2026-02-17,"CDLP","TS2",3,"CDLP_TS2_3",2.5,"C",90.83272,3.39354800634257e-06,6
"20260217_052",2026-02-17,"CDLP","TS2",3,"CDLP_TS2_3",2.5,"D",511.77984,6.61772901450283e-06,6
"20260217_052",2026-02-17,"CDLP","TS2",3,"CDLP_TS2_3",2.5,"L",1208.09568,8.86757850936436e-06,6
"20260217_052",2026-02-17,"CDLP","TS2",3,"CDLP_TS2_3",2.5,"P",585.3892,9.65565709655384e-05,6
"20260217_053",2026-02-17,"DLP","TS2",1,"DLP_TS2_1",2.5,"D",1188.61688,1.59201140122292e-05,6
"20260217_053",2026-02-17,"DLP","TS2",1,"DLP_TS2_1",2.5,"L",1001.41536,8.33851337403163e-06,6
"20260217_053",2026-02-17,"DLP","TS2",1,"DLP_TS2_1",2.5,"P",777.1016,0.00011893204770482,6
"20260217_054",2026-02-17,"LT","TS2",1,"LT_TS2_1",2.5,"L",2899.06056,3.07374472462734e-05,6
"20260217_054",2026-02-17,"LT","TS2",1,"LT_TS2_1",2.5,"T",1010.43712,9.64933401423386e-06,6
"20260217_055",2026-02-17,"CDLP","TS3",3,"CDLP_TS3_3",2.5,"C",93.49824,5.08952703238698e-06,6
"20260217_055",2026-02-17,"CDLP","TS3",3,"CDLP_TS3_3",2.5,"D",868.3444,1.38947594287068e-05,6
"20260217_055",2026-02-17,"CDLP","TS3",3,"CDLP_TS3_3",2.5,"L",741.83472,6.35596838363136e-06,6
"20260217_055",2026-02-17,"CDLP","TS3",3,"CDLP_TS3_3",2.5,"P",425.66304,8.45797962609993e-05,6
"20260217_056",2026-02-17,"CDPT","TS3",2,"CDPT_TS3_2",2.5,"C",46.134,3.1440364328517e-06,6
"20260217_056",2026-02-17,"CDPT","TS3",2,"CDPT_TS3_2",2.5,"D",1027.04536,1.47866653266309e-05,6
"20260217_056",2026-02-17,"CDPT","TS3",2,"CDPT_TS3_2",2.5,"P",841.48416,0.00013469702495541,6
"20260217_056",2026-02-17,"CDPT","TS3",2,"CDPT_TS3_2",2.5,"T",754.13712,9.31296328746879e-06,6
"20260217_057",2026-02-17,"CDLT","TS3",2,"CDLT_TS3_2",2.5,"C",117.69296,1.58421442788627e-05,6
"20260217_057",2026-02-17,"CDLT","TS3",2,"CDLT_TS3_2",2.5,"D",968.19888,1.49275974443379e-05,6
"20260217_057",2026-02-17,"CDLT","TS3",2,"CDLT_TS3_2",2.5,"L",953.23096,9.3167321172002e-06,6
"20260217_057",2026-02-17,"CDLT","TS3",2,"CDLT_TS3_2",2.5,"T",529.41328,7.21602428548353e-06,6
"20260217_058",2026-02-17,"LT","TS3",1,"LT_TS3_1",2.5,"L",2366.98176,2.67182871303406e-05,6
"20260217_058",2026-02-17,"LT","TS3",1,"LT_TS3_1",2.5,"T",642.18528,7.49238301749307e-06,6
"20260217_059",2026-02-17,"LT","TS3",3,"LT_TS3_3",2.5,"L",2423.36776,2.9272415526434e-05,6
"20260217_059",2026-02-17,"LT","TS3",3,"LT_TS3_3",2.5,"T",785.09816,9.68497670672977e-06,6
"20260217_060",2026-02-17,"CDLT","TS3",1,"CDLT_TS3_1",2.5,"C",154.39512,1.61028816618055e-05,6
"20260217_060",2026-02-17,"CDLT","TS3",1,"CDLT_TS3_1",2.5,"D",746.3456,1.26264022487869e-05,6
"20260217_060",2026-02-17,"CDLT","TS3",1,"CDLT_TS3_1",2.5,"L",754.13712,1.07611243586381e-05,6
"20260217_060",2026-02-17,"CDLT","TS3",1,"CDLT_TS3_1",2.5,"T",448.83256,6.92491403723696e-06,6
"20260217_061",2026-02-17,"DLP","TS3",1,"DLP_TS3_1",2.5,"D",844.55976,1.05727716924692e-05,6
"20260217_061",2026-02-17,"DLP","TS3",1,"DLP_TS3_1",2.5,"L",968.60896,7.98337714544532e-06,6
"20260217_061",2026-02-17,"DLP","TS3",1,"DLP_TS3_1",2.5,"P",994.64904,0.00016413225169489,6
"20260217_062",2026-02-17,"DLP","TS3",2,"DLP_TS3_2",2.5,"D",1364.95128,1.7081877036161e-05,6
"20260217_062",2026-02-17,"DLP","TS3",2,"DLP_TS3_2",2.5,"L",999.77504,9.386092318613e-06,6
"20260217_062",2026-02-17,"DLP","TS3",2,"DLP_TS3_2",2.5,"P",827.13136,0.00011965310854361,6
"20260217_063",2026-02-17,"DLP","TS3",3,"DLP_TS3_3",2.5,"D",1730.94768,2.36956691923947e-05,6
"20260217_063",2026-02-17,"DLP","TS3",3,"DLP_TS3_3",2.5,"L",1039.96288,9.9397539007243e-06,6
"20260217_063",2026-02-17,"DLP","TS3",3,"DLP_TS3_3",2.5,"P",844.14968,0.00012411079170759,6
"20260217_064",2026-02-17,"DPT","TS3",2,"DPT_TS3_2",2.5,"D",741.42464,9.24389375035519e-06,6
"20260217_064",2026-02-17,"DPT","TS3",2,"DPT_TS3_2",2.5,"P",755.77744,0.0001268897549688,6
"20260217_064",2026-02-17,"DPT","TS3",2,"DPT_TS3_2",2.5,"T",965.32832,1.09313070997524e-05,6
"20260217_065",2026-02-17,"CD","TS3",2,"CD_TS3_2",2.5,"C",275.36872,2.59410805787282e-05,6
"20260217_065",2026-02-17,"CD","TS3",2,"CD_TS3_2",2.5,"D",2602.57272,4.4341844885738e-05,6
"20260217_066",2026-02-17,"CDLP","TS3",1,"CDLP_TS3_1",2.5,"C",169.158,1.1319362858646e-05,6
"20260217_066",2026-02-17,"CDLP","TS3",1,"CDLP_TS3_1",2.5,"D",1040.16792,1.37958122230315e-05,6
"20260217_066",2026-02-17,"CDLP","TS3",1,"CDLP_TS3_1",2.5,"L",1309.59048,1.08104716083037e-05,6
"20260217_066",2026-02-17,"CDLP","TS3",1,"CDLP_TS3_1",2.5,"P",400.44312,6.8609361283094e-05,6
"20260217_067",2026-02-17,"CLT","TS3",1,"CLT_TS3_1",2.5,"C",111.95184,9.00393592900833e-06,6
"20260217_067",2026-02-17,"CLT","TS3",1,"CLT_TS3_1",2.5,"L",1740.7896,2.56698214547166e-05,6
"20260217_067",2026-02-17,"CLT","TS3",1,"CLT_TS3_1",2.5,"T",522.03184,5.61044175343252e-06,6
"20260217_068",2026-02-17,"CDLP","TS3",2,"CDLP_TS3_2",2.5,"C",131.02056,9.46881828666138e-06,6
"20260217_068",2026-02-17,"CDLP","TS3",2,"CDLP_TS3_2",2.5,"D",1208.91584,1.77512979253058e-05,6
"20260217_068",2026-02-17,"CDLP","TS3",2,"CDLP_TS3_2",2.5,"L",1450.45296,1.32260883920531e-05,6
"20260217_068",2026-02-17,"CDLP","TS3",2,"CDLP_TS3_2",2.5,"P",348.77304,5.48169036502589e-05,6
"20260217_069",2026-02-17,"PT","TS3",3,"PT_TS3_3",2.5,"P",840.86904,0.00012738624086094,6
"20260217_069",2026-02-17,"PT","TS3",3,"PT_TS3_3",2.5,"T",958.15192,8.53362306059774e-06,6
"20260217_070",2026-02-17,"CD","TS3",3,"CD_TS3_3",2.5,"C",332.1648,3.14393069042308e-05,6
"20260217_070",2026-02-17,"CD","TS3",3,"CD_TS3_3",2.5,"D",1759.2432,3.01625220879994e-05,6
"20260217_071",2026-02-17,"CDLT","TS3",3,"CDLT_TS3_3",2.5,"C",140.65744,1.36995998206537e-05,6
"20260217_071",2026-02-17,"CDLT","TS3",3,"CDLT_TS3_3",2.5,"D",1082.81624,1.62862478680165e-05,6
"20260217_071",2026-02-17,"CDLT","TS3",3,"CDLT_TS3_3",2.5,"L",833.4876,6.98191681535112e-06,6
"20260217_071",2026-02-17,"CDLT","TS3",3,"CDLT_TS3_3",2.5,"T",434.27472,5.81376000656168e-06,6
"20260217_072",2026-02-17,"DPT","TS3",3,"DPT_TS3_3",2.5,"D",1382.17464,2.02418923713088e-05,6
"20260217_072",2026-02-17,"DPT","TS3",3,"DPT_TS3_3",2.5,"P",799.656,0.00012238194852763,6
"20260217_072",2026-02-17,"DPT","TS3",3,"DPT_TS3_3",2.5,"T",931.08664,1.08229234375454e-05,6
"20260217_073",2026-02-17,"CLT","TS3",3,"CLT_TS3_3",2.5,"C",253.2244,1.79369362456657e-05,6
"20260217_073",2026-02-17,"CLT","TS3",3,"CLT_TS3_3",2.5,"L",1657.7484,2.01046016512075e-05,6
"20260217_073",2026-02-17,"CLT","TS3",3,"CLT_TS3_3",2.5,"T",908.12216,8.97977525824205e-06,6
"20260217_074",2026-02-17,"CD","TS3",1,"CD_TS3_1",2.5,"C",259.17056,2.09811885091964e-05,6
"20260217_074",2026-02-17,"CD","TS3",1,"CD_TS3_1",2.5,"D",1375.61336,2.25568651198106e-05,6
"20260217_075",2026-02-17,"PT","TS3",2,"PT_TS3_2",2.5,"P",581.90352,0.0001089988841457,6
"20260217_075",2026-02-17,"PT","TS3",2,"PT_TS3_2",2.5,"T",1042.21832,9.99137535453039e-06,6
"20260217_076",2026-02-17,"PT","TS3",1,"PT_TS3_1",2.5,"P",1187.79672,0.00016438263918438,6
"20260217_076",2026-02-17,"PT","TS3",1,"PT_TS3_1",2.5,"T",1524.06232,1.31872788178826e-05,6
"20260217_077",2026-02-17,"CDPT","TS3",3,"CDPT_TS3_3",2.5,"C",56.386,3.92906155281018e-06,6
"20260217_077",2026-02-17,"CDPT","TS3",3,"CDPT_TS3_3",2.5,"D",1279.85968,1.71592811371188e-05,6
"20260217_077",2026-02-17,"CDPT","TS3",3,"CDPT_TS3_3",2.5,"P",823.03056,0.00011913706533898,6
"20260217_077",2026-02-17,"CDPT","TS3",3,"CDPT_TS3_3",2.5,"T",707.79808,9.21385794668109e-06,6
"20260217_078",2026-02-17,"CDPT","TS3",1,"CDPT_TS3_1",2.5,"C",120.76856,6.99321569403787e-06,6
"20260217_078",2026-02-17,"CDPT","TS3",1,"CDPT_TS3_1",2.5,"D",1049.39472,1.43141197747467e-05,6
"20260217_078",2026-02-17,"CDPT","TS3",1,"CDPT_TS3_1",2.5,"P",545.4064,9.17241707960956e-05,6
"20260217_078",2026-02-17,"CDPT","TS3",1,"CDPT_TS3_1",2.5,"T",517.726,8.69477609237998e-06,6
"20260217_079",2026-02-17,"DPT","TS3",1,"DPT_TS3_1",2.5,"D",1739.55936,2.16159198861133e-05,6
"20260217_079",2026-02-17,"DPT","TS3",1,"DPT_TS3_1",2.5,"P",1282.11512,0.00019408865322072,6
"20260217_079",2026-02-17,"DPT","TS3",1,"DPT_TS3_1",2.5,"T",902.58608,1.12644908525263e-05,6
"20260217_080",2026-02-17,"CLT","TS3",2,"CLT_TS3_2",2.5,"C",157.67576,1.26561295981692e-05,6
"20260217_080",2026-02-17,"CLT","TS3",2,"CLT_TS3_2",2.5,"L",1758.01296,1.88435509769483e-05,6
"20260217_080",2026-02-17,"CLT","TS3",2,"CLT_TS3_2",2.5,"T",612.65952,6.5605273095302e-06,6
"20260217_081",2026-02-17,"LT","TS3",2,"LT_TS3_2",2.5,"L",3163.35712,3.86457834077768e-05,6
"20260217_081",2026-02-17,"LT","TS3",2,"LT_TS3_2",2.5,"T",1189.232,1.15511514246091e-05,6
"20260217_082",2026-02-17,"PT","TS4",1,"PT_TS4_1",2.5,"P",1143.71312,0.00016344430775065,6
"20260217_082",2026-02-17,"PT","TS4",1,"PT_TS4_1",2.5,"T",1070.3088,8.78310521542181e-06,6
"20260217_083",2026-02-17,"DPT","TS4",2,"DPT_TS4_2",2.5,"D",973.94,1.16681429821646e-05,6
"20260217_083",2026-02-17,"DPT","TS4",2,"DPT_TS4_2",2.5,"P",570.62632,9.43788838867643e-05,6
"20260217_083",2026-02-17,"DPT","TS4",2,"DPT_TS4_2",2.5,"T",777.92176,8.36915940881073e-06,6
"20260217_084",2026-02-17,"CDLP","TS4",3,"CDLP_TS4_3",2.5,"C",366.20144,2.07032731507189e-05,6
"20260217_084",2026-02-17,"CDLP","TS4",3,"CDLP_TS4_3",2.5,"D",1085.89184,1.91044311306152e-05,6
"20260217_084",2026-02-17,"CDLP","TS4",3,"CDLP_TS4_3",2.5,"L",1438.15056,1.28103587038543e-05,6
"20260217_084",2026-02-17,"CDLP","TS4",3,"CDLP_TS4_3",2.5,"P",1143.30304,0.00013044149096052,6
"20260217_085",2026-02-17,"PT","TS4",2,"PT_TS4_2",2.5,"P",1108.85632,0.00016065557068124,6
"20260217_085",2026-02-17,"PT","TS4",2,"PT_TS4_2",2.5,"T",1520.78168,1.37651445412304e-05,6
"20260217_086",2026-02-17,"CDPT","TS4",1,"CDPT_TS4_1",2.5,"C",199.29888,1.20781549160873e-05,6
"20260217_086",2026-02-17,"CDPT","TS4",1,"CDPT_TS4_1",2.5,"D",1082.20112,1.54373651449509e-05,6
"20260217_086",2026-02-17,"CDPT","TS4",1,"CDPT_TS4_1",2.5,"P",505.21856,9.0317535674924e-05,6
"20260217_086",2026-02-17,"CDPT","TS4",1,"CDPT_TS4_1",2.5,"T",701.2368,1.05177237960287e-05,6
"20260217_087",2026-02-17,"PT","TS4",3,"PT_TS4_3",2.5,"P",1196.4084,0.00018455763999062,6
"20260217_087",2026-02-17,"PT","TS4",3,"PT_TS4_3",2.5,"T",926.98584,9.38343865382861e-06,6
"20260217_088",2026-02-17,"DPT","TS4",3,"DPT_TS4_3",2.5,"D",719.48536,1.12318815065685e-05,6
"20260217_088",2026-02-17,"DPT","TS4",3,"DPT_TS4_3",2.5,"P",788.78888,0.00015456249565708,6
"20260217_088",2026-02-17,"DPT","TS4",3,"DPT_TS4_3",2.5,"T",912.428,1.58544934893022e-05,6
"20260217_089",2026-02-17,"CDLT","TS4",2,"CDLT_TS4_2",2.5,"C",151.52456,1.20590545377002e-05,6
"20260217_089",2026-02-17,"CDLT","TS4",2,"CDLT_TS4_2",2.5,"D",1271.04296,1.9590568945766e-05,6
"20260217_089",2026-02-17,"CDLT","TS4",2,"CDLT_TS4_2",2.5,"L",1294.62256,1.28156251655656e-05,6
"20260217_089",2026-02-17,"CDLT","TS4",2,"CDLT_TS4_2",2.5,"T",494.1464,8.77516560719623e-06,6
"20260217_090",2026-02-17,"CDPT","TS4",2,"CDPT_TS4_2",2.5,"C",136.14656,7.21545143325598e-06,6
"20260217_090",2026-02-17,"CDPT","TS4",2,"CDPT_TS4_2",2.5,"D",1029.3008,1.52798093796753e-05,6
"20260217_090",2026-02-17,"CDPT","TS4",2,"CDPT_TS4_2",2.5,"P",1026.43024,0.00015728821323369,6
"20260217_090",2026-02-17,"CDPT","TS4",2,"CDPT_TS4_2",2.5,"T",361.48552,5.14201556177318e-06,6
"20260217_091",2026-02-17,"CLT","TS4",1,"CLT_TS4_1",2.5,"C",318.42712,2.58919354910371e-05,6
"20260217_091",2026-02-17,"CLT","TS4",1,"CLT_TS4_1",2.5,"L",1567.12072,1.94086958904565e-05,6
"20260217_091",2026-02-17,"CLT","TS4",1,"CLT_TS4_1",2.5,"T",393.26672,4.35437493077624e-06,6
"20260217_092",2026-02-17,"LP","TS4",3,"LP_TS4_3",2.5,"L",2692.38024,2.45501847844846e-05,6
"20260217_092",2026-02-17,"LP","TS4",3,"LP_TS4_3",2.5,"P",884.7476,0.00014672744018509,6
"20260217_093",2026-02-17,"CLT","TS4",3,"CLT_TS4_3",2.5,"C",207.91056,1.5881962897053e-05,6
"20260217_093",2026-02-17,"CLT","TS4",3,"CLT_TS4_3",2.5,"L",1994.62912,2.73457494951476e-05,6
"20260217_093",2026-02-17,"CLT","TS4",3,"CLT_TS4_3",2.5,"T",492.50608,6.35020971574893e-06,6
"20260217_094",2026-02-17,"CDLP","TS4",2,"CDLP_TS4_2",2.5,"C",158.70096,1.00090681600045e-05,6
"20260217_094",2026-02-17,"CDLP","TS4",2,"CDLP_TS4_2",2.5,"D",884.13248,1.15614510441524e-05,6
"20260217_094",2026-02-17,"CDLP","TS4",2,"CDLP_TS4_2",2.5,"L",1085.89184,9.69748993573836e-06,6
"20260217_094",2026-02-17,"CDLP","TS4",2,"CDLP_TS4_2",2.5,"P",459.69968,7.97651754931885e-05,6
"20260217_095",2026-02-17,"LP","TS4",2,"LP_TS4_2",2.5,"L",2125.44464,1.82058148653403e-05,6
"20260217_095",2026-02-17,"LP","TS4",2,"LP_TS4_2",2.5,"P",834.5128,0.00012425998424537,6
"20260217_096",2026-02-17,"CDLT","TS4",3,"CDLT_TS4_3",2.5,"C",248.30344,1.8348363754677e-05,6
"20260217_096",2026-02-17,"CDLT","TS4",3,"CDLT_TS4_3",2.5,"D",1132.846,1.70502573129417e-05,6
"20260217_096",2026-02-17,"CDLT","TS4",3,"CDLT_TS4_3",2.5,"L",755.77744,7.17311770492251e-06,6
"20260217_096",2026-02-17,"CDLT","TS4",3,"CDLT_TS4_3",2.5,"T",432.6344,5.67263767998053e-06,6
"20260217_097",2026-02-17,"LP","TS4",1,"LP_TS4_1",2.5,"L",1631.29824,1.52796368725371e-05,6
"20260217_097",2026-02-17,"LP","TS4",1,"LP_TS4_1",2.5,"P",1067.64328,0.00011617152903767,6
"20260217_098",2026-02-17,"CDLT","TS4",1,"CDLT_TS4_1",2.5,"C",228.20952,1.03744502913593e-05,6
"20260217_098",2026-02-17,"CDLT","TS4",1,"CDLT_TS4_1",2.5,"D",1339.9364,2.58715634929823e-05,6
"20260217_098",2026-02-17,"CDLT","TS4",1,"CDLT_TS4_1",2.5,"L",1267.35224,1.23045687986428e-05,6
"20260217_098",2026-02-17,"CDLT","TS4",1,"CDLT_TS4_1",2.5,"T",436.32512,6.52749816424019e-06,6
"20260217_099",2026-02-17,"CDLP","TS4",1,"CDLP_TS4_1",2.5,"C",34.8568,4.03218971254967e-06,6
"20260217_099",2026-02-17,"CDLP","TS4",1,"CDLP_TS4_1",2.5,"D",724.20128,8.8831779071759e-06,6
"20260217_099",2026-02-17,"CDLP","TS4",1,"CDLP_TS4_1",2.5,"L",849.48072,6.76891381444955e-06,6
"20260217_099",2026-02-17,"CDLP","TS4",1,"CDLP_TS4_1",2.5,"P",632.5484,0.00010755452226255,6
"20260217_100",2026-02-17,"DPT","TS4",1,"DPT_TS4_1",2.5,"D",898.48528,1.15934966621647e-05,6
"20260217_100",2026-02-17,"DPT","TS4",1,"DPT_TS4_1",2.5,"P",710.05352,9.24190572103716e-05,6
"20260217_100",2026-02-17,"DPT","TS4",1,"DPT_TS4_1",2.5,"T",669.66064,6.79405898110646e-06,6
"20260217_101",2026-02-17,"LT","TS4",1,"LT_TS4_1",2.5,"L",2611.1844,2.91296247753152e-05,6
"20260217_101",2026-02-17,"LT","TS4",1,"LT_TS4_1",2.5,"T",810.31808,9.93378352262236e-06,6
"20260217_102",2026-02-17,"CDPT","TS4",3,"CDPT_TS4_3",2.5,"C",146.19352,7.94117571568588e-06,6
"20260217_102",2026-02-17,"CDPT","TS4",3,"CDPT_TS4_3",2.5,"D",691.18984,1.16635368377011e-05,6
"20260217_102",2026-02-17,"CDPT","TS4",3,"CDPT_TS4_3",2.5,"P",882.90224,0.0001213751316193,6
"20260217_102",2026-02-17,"CDPT","TS4",3,"CDPT_TS4_3",2.5,"T",405.36408,4.24370276357812e-06,6
"20260217_103",2026-02-17,"LPT","TS4",1,"LPT_TS4_1",2.5,"L",1544.9764,1.39518438298156e-05,6
"20260217_103",2026-02-17,"LPT","TS4",1,"LPT_TS4_1",2.5,"P",1211.58136,0.00022806302543163,6
"20260217_103",2026-02-17,"LPT","TS4",1,"LPT_TS4_1",2.5,"T",993.4188,9.28328379228833e-06,6
"20260217_104",2026-02-17,"LT","TS4",3,"LT_TS4_3",2.5,"L",3154.33536,3.57977788281243e-05,6
"20260217_104",2026-02-17,"LT","TS4",3,"LT_TS4_3",2.5,"T",702.87712,8.0266742056192e-06,6
"20260217_105",2026-02-17,"LT","TS4",2,"LT_TS4_2",2.5,"L",3519.71664,4.27478379086804e-05,6
"20260217_105",2026-02-17,"LT","TS4",2,"LT_TS4_2",2.5,"T",1295.03264,1.38343239595739e-05,6
"20260217_106",2026-02-17,"CLT","TS4",2,"CLT_TS4_2",2.5,"C",477.12808,2.45019936796266e-05,6
"20260217_106",2026-02-17,"CLT","TS4",2,"CLT_TS4_2",2.5,"L",1581.67856,1.66623597629294e-05,6
"20260217_106",2026-02-17,"CLT","TS4",2,"CLT_TS4_2",2.5,"T",910.17256,1.3524799655091e-05,6
"20260217_107",2026-02-17,"LPT","TS4",2,"LPT_TS4_2",2.5,"L",2159.89136,1.82945883130238e-05,6
"20260217_107",2026-02-17,"LPT","TS4",2,"LPT_TS4_2",2.5,"P",889.8736,0.00014295558835973,6
"20260217_107",2026-02-17,"LPT","TS4",2,"LPT_TS4_2",2.5,"T",736.91376,5.62055587059472e-06,6
"20260217_108",2026-02-17,"LPT","TS4",3,"LPT_TS4_3",2.5,"L",1342.60192,1.12144428785826e-05,6
"20260217_108",2026-02-17,"LPT","TS4",3,"LPT_TS4_3",2.5,"P",1186.97656,0.0002040156659631,6
"20260217_108",2026-02-17,"LPT","TS4",3,"LPT_TS4_3",2.5,"T",577.39264,5.11177985185338e-06,6
"20260218_001",2026-02-18,"DLPT","TS1",3,"DLPT_TS1_3",2.5,"D",993.4188,1.35775748368913e-05,7
"20260218_001",2026-02-18,"DLPT","TS1",3,"DLPT_TS1_3",2.5,"L",885.97784,7.5794770136924e-06,7
"20260218_001",2026-02-18,"DLPT","TS1",3,"DLPT_TS1_3",2.5,"P",948.51504,0.00013785128736426,7
"20260218_001",2026-02-18,"DLPT","TS1",3,"DLPT_TS1_3",2.5,"T",575.54728,6.05208042735341e-06,7
"20260218_002",2026-02-18,"LPT","TS1",1,"LPT_TS1_1",2.5,"L",1156.22056,1.03549083268096e-05,7
"20260218_002",2026-02-18,"LPT","TS1",1,"LPT_TS1_1",2.5,"P",1261.40608,0.00019664657598414,7
"20260218_002",2026-02-18,"LPT","TS1",1,"LPT_TS1_1",2.5,"T",628.24256,5.52058777691839e-06,7
"20260218_003",2026-02-18,"DLPT","TS1",2,"DLPT_TS1_2",2.5,"D",947.07976,1.34295064694134e-05,7
"20260218_003",2026-02-18,"DLPT","TS1",2,"DLPT_TS1_2",2.5,"L",1001.21032,1.06530403433227e-05,7
"20260218_003",2026-02-18,"DLPT","TS1",2,"DLPT_TS1_2",2.5,"P",842.09928,0.00014246946309808,7
"20260218_003",2026-02-18,"DLPT","TS1",2,"DLPT_TS1_2",2.5,"T",921.24472,1.12265051716963e-05,7
"20260218_004",2026-02-18,"CD","TS1",3,"CD_TS1_3",2.5,"C",88.98736,7.57501326359465e-06,7
"20260218_004",2026-02-18,"CD","TS1",3,"CD_TS1_3",2.5,"D",1339.9364,1.92900829169469e-05,7
"20260218_005",2026-02-18,"CLT","TS1",1,"CLT_TS1_1",2.5,"C",222.67344,2.04669236212038e-05,7
"20260218_005",2026-02-18,"CLT","TS1",1,"CLT_TS1_1",2.5,"L",1477.72328,1.69528493252244e-05,7
"20260218_005",2026-02-18,"CLT","TS1",1,"CLT_TS1_1",2.5,"T",274.13848,3.50874394958516e-06,7
"20260218_006",2026-02-18,"DPT","TS1",3,"DPT_TS1_3",2.5,"D",1159.29616,1.36905685151213e-05,7
"20260218_006",2026-02-18,"DPT","TS1",3,"DPT_TS1_3",2.5,"P",1036.68224,0.00014966687163656,7
"20260218_006",2026-02-18,"DPT","TS1",3,"DPT_TS1_3",2.5,"T",786.3284,8.26676617243435e-06,7
"20260218_007",2026-02-18,"CLT","TS1",2,"CLT_TS1_2",2.5,"C",233.95064,2.09722419887386e-05,7
"20260218_007",2026-02-18,"CLT","TS1",2,"CLT_TS1_2",2.5,"L",1495.97184,1.69611755157279e-05,7
"20260218_007",2026-02-18,"CLT","TS1",2,"CLT_TS1_2",2.5,"T",553.608,8.23937723029374e-06,7
"20260218_008",2026-02-18,"CDLP","TS1",2,"CDLP_TS1_2",2.5,"C",83.86136,3.96631664839391e-06,7
"20260218_008",2026-02-18,"CDLP","TS1",2,"CDLP_TS1_2",2.5,"D",1183.90096,1.48784882981424e-05,7
"20260218_008",2026-02-18,"CDLP","TS1",2,"CDLP_TS1_2",2.5,"L",890.69376,7.23786504431386e-06,7
"20260218_008",2026-02-18,"CDLP","TS1",2,"CDLP_TS1_2",2.5,"P",830.20696,0.00013642656945733,7
"20260218_009",2026-02-18,"PT","TS1",1,"PT_TS1_1",2.5,"P",1150.68448,0.00016603483997405,7
"20260218_009",2026-02-18,"PT","TS1",1,"PT_TS1_1",2.5,"T",490.0456,4.16084869109536e-06,7
"20260218_010",2026-02-18,"LPT","TS1",2,"LPT_TS1_2",2.5,"L",1747.14584,1.4130804463376e-05,7
"20260218_010",2026-02-18,"LPT","TS1",2,"LPT_TS1_2",2.5,"P",1041.80824,0.00015093277608423,7
"20260218_010",2026-02-18,"LPT","TS1",2,"LPT_TS1_2",2.5,"T",681.96304,5.97271991791151e-06,7
"20260218_011",2026-02-18,"CDLT","TS1",3,"CDLT_TS1_3",2.5,"C",151.31952,1.24020154281519e-05,7
"20260218_011",2026-02-18,"CDLT","TS1",3,"CDLT_TS1_3",2.5,"D",1186.56648,1.67071819380366e-05,7
"20260218_011",2026-02-18,"CDLT","TS1",3,"CDLT_TS1_3",2.5,"L",1063.95256,9.56853938069376e-06,7
"20260218_011",2026-02-18,"CDLT","TS1",3,"CDLT_TS1_3",2.5,"T",461.75008,6.31253510682892e-06,7
"20260218_012",2026-02-18,"DLPT","TS1",1,"DLPT_TS1_1",2.5,"D",959.17712,1.17884036311523e-05,7
"20260218_012",2026-02-18,"DLPT","TS1",1,"DLPT_TS1_1",2.5,"L",894.17944,7.17842107706451e-06,7
"20260218_012",2026-02-18,"DLPT","TS1",1,"DLPT_TS1_1",2.5,"P",761.92864,0.00014674780646365,7
"20260218_012",2026-02-18,"DLPT","TS1",1,"DLPT_TS1_1",2.5,"T",697.95616,7.33464832965976e-06,7
"20260218_013",2026-02-18,"LT","TS1",3,"LT_TS1_3",2.5,"L",2270.818,2.83065938269637e-05,7
"20260218_013",2026-02-18,"LT","TS1",3,"LT_TS1_3",2.5,"T",1381.35448,1.9923669148723e-05,7
"20260218_014",2026-02-18,"CDLT","TS1",2,"CDLT_TS1_2",2.5,"C",134.91632,1.47987476546554e-05,7
"20260218_014",2026-02-18,"CDLT","TS1",2,"CDLT_TS1_2",2.5,"D",1375.61336,2.1546663344318e-05,7
"20260218_014",2026-02-18,"CDLT","TS1",2,"CDLT_TS1_2",2.5,"L",1123.20912,1.02787126236395e-05,7
"20260218_014",2026-02-18,"CDLT","TS1",2,"CDLT_TS1_2",2.5,"T",627.4224,7.55170123181976e-06,7
"20260218_015",2026-02-18,"LT","TS1",2,"LT_TS1_2",2.5,"L",2800.02624,3.86681420157245e-05,7
"20260218_015",2026-02-18,"LT","TS1",2,"LT_TS1_2",2.5,"T",1219.988,1.6308323418879e-05,7
"20260218_016",2026-02-18,"CDLT","TS1",1,"CDLT_TS1_1",2.5,"C",133.276,9.23285768858902e-06,7
"20260218_016",2026-02-18,"CDLT","TS1",1,"CDLT_TS1_1",2.5,"D",1056.9812,1.58480873271685e-05,7
"20260218_016",2026-02-18,"CDLT","TS1",1,"CDLT_TS1_1",2.5,"L",1187.79672,1.34112709340321e-05,7
"20260218_016",2026-02-18,"CDLT","TS1",1,"CDLT_TS1_1",2.5,"T",415.82112,6.117624000133e-06,7
"20260218_017",2026-02-18,"DPT","TS1",1,"DPT_TS1_1",2.5,"D",1372.33272,1.73039484319786e-05,7
"20260218_017",2026-02-18,"DPT","TS1",1,"DPT_TS1_1",2.5,"P",932.72696,0.00012516373092504,7
"20260218_017",2026-02-18,"DPT","TS1",1,"DPT_TS1_1",2.5,"T",557.29872,5.55012326672006e-06,7
"20260218_018",2026-02-18,"DPT","TS1",2,"DPT_TS1_2",2.5,"D",990.13816,1.35382304764842e-05,7
"20260218_018",2026-02-18,"DPT","TS1",2,"DPT_TS1_2",2.5,"P",1136.33168,0.00016930496550892,7
"20260218_018",2026-02-18,"DPT","TS1",2,"DPT_TS1_2",2.5,"T",730.9676,7.60477211510876e-06,7
"20260218_019",2026-02-18,"PT","TS1",3,"PT_TS1_3",2.5,"P",909.14736,0.00012194787968544,7
"20260218_019",2026-02-18,"PT","TS1",3,"PT_TS1_3",2.5,"T",1033.19656,9.07547123806655e-06,7
"20260218_020",2026-02-18,"CDLP","TS1",1,"CDLP_TS1_1",2.5,"C",244.81776,1.4659958942002e-05,7
"20260218_020",2026-02-18,"CDLP","TS1",1,"CDLP_TS1_1",2.5,"D",1058.41648,1.1857912148199e-05,7
"20260218_020",2026-02-18,"CDLP","TS1",1,"CDLP_TS1_1",2.5,"L",837.79344,6.69682907742178e-06,7
"20260218_020",2026-02-18,"CDLP","TS1",1,"CDLP_TS1_1",2.5,"P",1048.16448,0.00017268545636989,7
"20260218_021",2026-02-18,"CDLP","TS1",3,"CDLP_TS1_3",2.5,"C",140.04232,8.47659876984466e-06,7
"20260218_021",2026-02-18,"CDLP","TS1",3,"CDLP_TS1_3",2.5,"D",1086.09688,1.95500050129883e-05,7
"20260218_021",2026-02-18,"CDLP","TS1",3,"CDLP_TS1_3",2.5,"L",1343.62712,1.14080870438354e-05,7
"20260218_021",2026-02-18,"CDLP","TS1",3,"CDLP_TS1_3",2.5,"P",950.3604,0.00015636749901698,7
"20260218_022",2026-02-18,"CD","TS1",1,"CD_TS1_1",2.5,"C",271.88304,2.05275677828585e-05,7
"20260218_022",2026-02-18,"CD","TS1",1,"CD_TS1_1",2.5,"D",2606.67352,3.71422716019666e-05,7
"20260218_023",2026-02-18,"LPT","TS1",3,"LPT_TS1_3",2.5,"L",922.47496,7.04686758825809e-06,7
"20260218_023",2026-02-18,"LPT","TS1",3,"LPT_TS1_3",2.5,"P",623.73168,9.80099700470828e-05,7
"20260218_023",2026-02-18,"LPT","TS1",3,"LPT_TS1_3",2.5,"T",648.9516,5.4064252765334e-06,7
"20260218_024",2026-02-18,"LT","TS1",1,"LT_TS1_1",2.5,"L",2396.09744,2.6122543692224e-05,7
"20260218_024",2026-02-18,"LT","TS1",1,"LT_TS1_1",2.5,"T",1300.9788,1.38682245389164e-05,7
"20260218_025",2026-02-18,"CLT","TS1",3,"CLT_TS1_3",2.5,"C",335.03536,3.91050739069696e-05,7
"20260218_025",2026-02-18,"CLT","TS1",3,"CLT_TS1_3",2.5,"L",1577.37272,2.00978321452274e-05,7
"20260218_025",2026-02-18,"CLT","TS1",3,"CLT_TS1_3",2.5,"T",612.86456,6.49661565407648e-06,7
"20260218_026",2026-02-18,"CD","TS1",2,"CD_TS1_2",2.5,"C",150.08928,1.45534271355494e-05,7
"20260218_026",2026-02-18,"CD","TS1",2,"CD_TS1_2",2.5,"D",2466.6312,3.44241271442226e-05,7
"20260218_027",2026-02-18,"PT","TS1",2,"PT_TS1_2",2.5,"P",1402.26856,0.00021458016650325,7
"20260218_027",2026-02-18,"PT","TS1",2,"PT_TS1_2",2.5,"T",1343.21704,1.14872514111854e-05,7
"20260218_028",2026-02-18,"CLT","TS2",1,"CLT_TS2_1",2.5,"C",124.86936,8.55361353600738e-06,7
"20260218_028",2026-02-18,"CLT","TS2",1,"CLT_TS2_1",2.5,"L",2390.35632,2.50453709160667e-05,7
"20260218_028",2026-02-18,"CLT","TS2",1,"CLT_TS2_1",2.5,"T",630.08792,6.64958524330799e-06,7
"20260218_029",2026-02-18,"CP","TS2",1,"CP_TS2_1",2.5,"C",327.0388,1.88672839028513e-05,7
"20260218_029",2026-02-18,"CP","TS2",1,"CP_TS2_1",2.5,"P",427.09832,6.77053522277191e-05,7
"20260218_030",2026-02-18,"CDPT","TS2",1,"CDPT_TS2_1",2.5,"C",132.2508,7.01511908583583e-06,7
"20260218_030",2026-02-18,"CDPT","TS2",1,"CDPT_TS2_1",2.5,"D",1523.03712,2.21140220096846e-05,7
"20260218_030",2026-02-18,"CDPT","TS2",1,"CDPT_TS2_1",2.5,"P",995.05912,0.00015741705930302,7
"20260218_030",2026-02-18,"CDPT","TS2",1,"CDPT_TS2_1",2.5,"T",627.01232,7.73444364522767e-06,7
"20260218_031",2026-02-18,"CDPT","TS2",3,"CDPT_TS2_3",2.5,"C",324.16824,1.59126695256624e-05,7
"20260218_031",2026-02-18,"CDPT","TS2",3,"CDPT_TS2_3",2.5,"D",861.37304,1.23422442262742e-05,7
"20260218_031",2026-02-18,"CDPT","TS2",3,"CDPT_TS2_3",2.5,"P",725.8416,0.00012438990947494,7
"20260218_031",2026-02-18,"CDPT","TS2",3,"CDPT_TS2_3",2.5,"T",573.49688,6.80865308701911e-06,7
"20260218_032",2026-02-18,"LT","TS2",3,"LT_TS2_3",2.5,"L",3334.77056,3.95098568321141e-05,7
"20260218_032",2026-02-18,"LT","TS2",3,"LT_TS2_3",2.5,"T",1006.95144,1.10108357859023e-05,7
"20260218_033",2026-02-18,"PT","TS2",3,"PT_TS2_3",2.5,"P",1129.15528,0.00015455384018411,7
"20260218_033",2026-02-18,"PT","TS2",3,"PT_TS2_3",2.5,"T",1118.28816,1.01918953343856e-05,7
"20260218_034",2026-02-18,"DPT","TS2",3,"DPT_TS2_3",2.5,"D",1279.4496,1.46960149974521e-05,7
"20260218_034",2026-02-18,"DPT","TS2",3,"DPT_TS2_3",2.5,"P",645.876,8.98548365764895e-05,7
"20260218_034",2026-02-18,"DPT","TS2",3,"DPT_TS2_3",2.5,"T",994.03392,1.08851334654283e-05,7
"20260218_035",2026-02-18,"PT","TS2",1,"PT_TS2_1",2.5,"P",1170.98344,0.00017299545936468,7
"20260218_035",2026-02-18,"PT","TS2",1,"PT_TS2_1",2.5,"T",624.75688,5.74714248149128e-06,7
"20260218_036",2026-02-18,"CDLT","TS2",3,"CDLT_TS2_3",2.5,"C",301.61384,2.43900306873921e-05,7
"20260218_036",2026-02-18,"CDLT","TS2",3,"CDLT_TS2_3",2.5,"D",1217.32248,1.74538148779982e-05,7
"20260218_036",2026-02-18,"CDLT","TS2",3,"CDLT_TS2_3",2.5,"L",1116.4428,1.01942168736635e-05,7
"20260218_036",2026-02-18,"CDLT","TS2",3,"CDLT_TS2_3",2.5,"T",752.4968,1.35555702470992e-05,7
"20260218_037",2026-02-18,"CDLP","TS2",2,"CDLP_TS2_2",2.5,"C",68.07328,5.28901611764813e-06,7
"20260218_037",2026-02-18,"CDLP","TS2",2,"CDLP_TS2_2",2.5,"D",1077.28016,1.4682735933132e-05,7
"20260218_037",2026-02-18,"CDLP","TS2",2,"CDLP_TS2_2",2.5,"L",1077.69024,9.03410490184469e-06,7
"20260218_037",2026-02-18,"CDLP","TS2",2,"CDLP_TS2_2",2.5,"P",806.8324,0.00014271317383049,7
"20260218_038",2026-02-18,"CDLT","TS2",2,"CDLT_TS2_2",2.5,"C",186.17632,1.98415567499266e-05,7
"20260218_038",2026-02-18,"CDLT","TS2",2,"CDLT_TS2_2",2.5,"D",1470.54688,2.64844026430962e-05,7
"20260218_038",2026-02-18,"CDLT","TS2",2,"CDLT_TS2_2",2.5,"L",1651.18712,1.5725767293801e-05,7
"20260218_038",2026-02-18,"CDLT","TS2",2,"CDLT_TS2_2",2.5,"T",360.46032,4.82891146609924e-06,7
"20260218_039",2026-02-18,"CDPT","TS2",2,"CDPT_TS2_2",2.5,"C",154.8052,8.98586043356929e-06,7
"20260218_039",2026-02-18,"CDPT","TS2",2,"CDPT_TS2_2",2.5,"D",676.01688,8.88144756256586e-06,7
"20260218_039",2026-02-18,"CDPT","TS2",2,"CDPT_TS2_2",2.5,"P",757.21272,0.00012330913185832,7
"20260218_039",2026-02-18,"CDPT","TS2",2,"CDPT_TS2_2",2.5,"T",516.49576,6.58848776629173e-06,7
"20260218_040",2026-02-18,"CLT","TS2",3,"CLT_TS2_3",2.5,"C",135.3264,1.04376905572329e-05,7
"20260218_040",2026-02-18,"CLT","TS2",3,"CLT_TS2_3",2.5,"L",1797.1756,2.20624676957074e-05,7
"20260218_040",2026-02-18,"CLT","TS2",3,"CLT_TS2_3",2.5,"T",439.19568,5.9382921170829e-06,7
"20260218_041",2026-02-18,"PT","TS2",2,"PT_TS2_2",2.5,"P",653.0524,0.00010803997939864,7
"20260218_041",2026-02-18,"PT","TS2",2,"PT_TS2_2",2.5,"T",1336.65576,1.14242672601254e-05,7
"20260218_042",2026-02-18,"DLP","TS2",3,"DLP_TS2_3",2.5,"D",1426.66832,1.73079821000783e-05,7
"20260218_042",2026-02-18,"DLP","TS2",3,"DLP_TS2_3",2.5,"L",1471.36704,1.17183819853653e-05,7
"20260218_042",2026-02-18,"DLP","TS2",3,"DLP_TS2_3",2.5,"P",505.21856,8.62597609338151e-05,7
"20260218_043",2026-02-18,"CDLP","TS2",1,"CDLP_TS2_1",2.5,"C",249.32864,1.38130200643986e-05,7
"20260218_043",2026-02-18,"CDLP","TS2",1,"CDLP_TS2_1",2.5,"D",1469.72672,1.81258545628814e-05,7
"20260218_043",2026-02-18,"CDLP","TS2",1,"CDLP_TS2_1",2.5,"L",1339.11624,1.23378255586482e-05,7
"20260218_043",2026-02-18,"CDLP","TS2",1,"CDLP_TS2_1",2.5,"P",634.80384,0.00010196357812949,7
"20260218_044",2026-02-18,"LT","TS2",2,"LT_TS2_2",2.5,"L",2955.03648,3.86932877916546e-05,7
"20260218_044",2026-02-18,"LT","TS2",2,"LT_TS2_2",2.5,"T",843.94464,9.0440460940803e-06,7
"20260218_045",2026-02-18,"CLT","TS2",2,"CLT_TS2_2",2.5,"C",206.88536,1.72127308950329e-05,7
"20260218_045",2026-02-18,"CLT","TS2",2,"CLT_TS2_2",2.5,"L",1375.8184,1.5504050419788e-05,7
"20260218_045",2026-02-18,"CLT","TS2",2,"CLT_TS2_2",2.5,"T",471.592,5.92021675648463e-06,7
"20260218_046",2026-02-18,"DPT","TS2",1,"DPT_TS2_1",2.5,"D",1566.5056,1.75749945920134e-05,7
"20260218_046",2026-02-18,"DPT","TS2",1,"DPT_TS2_1",2.5,"P",503.78328,7.06326424960378e-05,7
"20260218_046",2026-02-18,"DPT","TS2",1,"DPT_TS2_1",2.5,"T",1015.76816,1.00783207505859e-05,7
"20260218_047",2026-02-18,"DLP","TS2",2,"DLP_TS2_2",2.5,"D",1331.52976,1.56965025362208e-05,7
"20260218_047",2026-02-18,"DLP","TS2",2,"DLP_TS2_2",2.5,"L",940.51848,7.28070647746775e-06,7
"20260218_047",2026-02-18,"DLP","TS2",2,"DLP_TS2_2",2.5,"P",659.2036,0.0001038731836633,7
"20260218_048",2026-02-18,"DPT","TS2",2,"DPT_TS2_2",2.5,"D",1056.57112,1.32687063571087e-05,7
"20260218_048",2026-02-18,"DPT","TS2",2,"DPT_TS2_2",2.5,"P",931.9068,0.00013508970091487,7
"20260218_048",2026-02-18,"DPT","TS2",2,"DPT_TS2_2",2.5,"T",938.46808,1.18666418436752e-05,7
"20260218_049",2026-02-18,"CP","TS2",3,"CP_TS2_3",2.5,"C",500.2976,2.69124581464951e-05,7
"20260218_049",2026-02-18,"CP","TS2",3,"CP_TS2_3",2.5,"P",763.774,0.00012431000359817,7
"20260218_050",2026-02-18,"CP","TS2",2,"CP_TS2_2",2.5,"C",246.048,1.92020814881335e-05,7
"20260218_050",2026-02-18,"CP","TS2",2,"CP_TS2_2",2.5,"P",749.21616,0.00011907735715494,7
"20260218_051",2026-02-18,"CDLT","TS2",1,"CDLT_TS2_1",2.5,"C",71.764,7.4555792376277e-06,7
"20260218_051",2026-02-18,"CDLT","TS2",1,"CDLT_TS2_1",2.5,"D",1254.22968,1.76549568446235e-05,7
"20260218_051",2026-02-18,"CDLT","TS2",1,"CDLT_TS2_1",2.5,"L",766.23448,7.34950785339906e-06,7
"20260218_051",2026-02-18,"CDLT","TS2",1,"CDLT_TS2_1",2.5,"T",221.85328,2.64258542381412e-06,7
"20260218_052",2026-02-18,"CDLP","TS2",3,"CDLP_TS2_3",2.5,"C",147.42376,6.30928434012246e-06,7
"20260218_052",2026-02-18,"CDLP","TS2",3,"CDLP_TS2_3",2.5,"D",1014.33288,1.20626130455145e-05,7
"20260218_052",2026-02-18,"CDLP","TS2",3,"CDLP_TS2_3",2.5,"L",1176.10944,9.58868654852539e-06,7
"20260218_052",2026-02-18,"CDLP","TS2",3,"CDLP_TS2_3",2.5,"P",629.06272,0.00011473558376766,7
"20260218_053",2026-02-18,"DLP","TS2",1,"DLP_TS2_1",2.5,"D",1142.89296,1.49244878467086e-05,7
"20260218_053",2026-02-18,"DLP","TS2",1,"DLP_TS2_1",2.5,"L",1525.90768,1.29991791517273e-05,7
"20260218_053",2026-02-18,"DLP","TS2",1,"DLP_TS2_1",2.5,"P",831.23216,0.00012580733305193,7
"20260218_054",2026-02-18,"LT","TS2",1,"LT_TS2_1",2.5,"L",1986.42752,2.20029787437605e-05,7
"20260218_054",2026-02-18,"LT","TS2",1,"LT_TS2_1",2.5,"T",1207.6856,1.5892923759913e-05,7
"20260218_055",2026-02-18,"CDLP","TS3",3,"CDLP_TS3_3",2.5,"C",232.31032,1.44205148585126e-05,7
"20260218_055",2026-02-18,"CDLP","TS3",3,"CDLP_TS3_3",2.5,"D",1925.12056,2.30553951434292e-05,7
"20260218_055",2026-02-18,"CDLP","TS3",3,"CDLP_TS3_3",2.5,"L",729.73736,6.05261748763235e-06,7
"20260218_055",2026-02-18,"CDLP","TS3",3,"CDLP_TS3_3",2.5,"P",644.8508,9.76043438679008e-05,7
"20260218_056",2026-02-18,"CDPT","TS3",2,"CDPT_TS3_2",2.5,"C",97.18896,6.33080928643983e-06,7
"20260218_056",2026-02-18,"CDPT","TS3",2,"CDPT_TS3_2",2.5,"D",825.08096,1.07774429352392e-05,7
"20260218_056",2026-02-18,"CDPT","TS3",2,"CDPT_TS3_2",2.5,"P",888.8484,0.00014069052704488,7
"20260218_056",2026-02-18,"CDPT","TS3",2,"CDPT_TS3_2",2.5,"T",819.74992,9.64896968047959e-06,7
"20260218_057",2026-02-18,"CDLT","TS3",2,"CDLT_TS3_2",2.5,"C",86.52688,7.12527439921525e-06,7
"20260218_057",2026-02-18,"CDLT","TS3",2,"CDLT_TS3_2",2.5,"D",1507.45408,1.96908038405791e-05,7
"20260218_057",2026-02-18,"CDLT","TS3",2,"CDLT_TS3_2",2.5,"L",575.54728,5.20222553813591e-06,7
"20260218_057",2026-02-18,"CDLT","TS3",2,"CDLT_TS3_2",2.5,"T",959.5872,1.11821346807928e-05,7
"20260218_058",2026-02-18,"LT","TS3",1,"LT_TS3_1",2.5,"L",1915.68872,2.18919459877649e-05,7
"20260218_058",2026-02-18,"LT","TS3",1,"LT_TS3_1",2.5,"T",2043.2236,2.58261455787351e-05,7
"20260218_059",2026-02-18,"LT","TS3",3,"LT_TS3_3",2.5,"L",1874.27064,2.21051909203626e-05,7
"20260218_059",2026-02-18,"LT","TS3",3,"LT_TS3_3",2.5,"T",2285.99096,2.85117275379064e-05,7
"20260218_060",2026-02-18,"CDLT","TS3",1,"CDLT_TS3_1",2.5,"C",72.37912,6.27626285572573e-06,7
"20260218_060",2026-02-18,"CDLT","TS3",1,"CDLT_TS3_1",2.5,"D",1344.24224,1.65323631257712e-05,7
"20260218_060",2026-02-18,"CDLT","TS3",1,"CDLT_TS3_1",2.5,"L",585.18416,5.09861238176272e-06,7
"20260218_060",2026-02-18,"CDLT","TS3",1,"CDLT_TS3_1",2.5,"T",610.60912,8.02561803429639e-06,7
"20260218_061",2026-02-18,"DLP","TS3",1,"DLP_TS3_1",2.5,"D",1536.97984,1.94589133688375e-05,7
"20260218_061",2026-02-18,"DLP","TS3",1,"DLP_TS3_1",2.5,"L",852.76136,1.01872414537483e-05,7
"20260218_061",2026-02-18,"DLP","TS3",1,"DLP_TS3_1",2.5,"P",1167.08768,0.00017760621462117,7
"20260218_062",2026-02-18,"DLP","TS3",2,"DLP_TS3_2",2.5,"D",1646.4712,1.9058819264187e-05,7
"20260218_062",2026-02-18,"DLP","TS3",2,"DLP_TS3_2",2.5,"L",776.69152,5.89413096257658e-06,7
"20260218_062",2026-02-18,"DLP","TS3",2,"DLP_TS3_2",2.5,"P",1380.53432,0.0001930637767941,7
"20260218_063",2026-02-18,"DLP","TS3",3,"DLP_TS3_3",2.5,"D",1706.958,2.1351390175372e-05,7
"20260218_063",2026-02-18,"DLP","TS3",3,"DLP_TS3_3",2.5,"L",685.03864,5.44002133163816e-06,7
"20260218_063",2026-02-18,"DLP","TS3",3,"DLP_TS3_3",2.5,"P",997.92968,0.00013575019839019,7
"20260218_064",2026-02-18,"DPT","TS3",2,"DPT_TS3_2",2.5,"D",930.26648,1.07798607453041e-05,7
"20260218_064",2026-02-18,"DPT","TS3",2,"DPT_TS3_2",2.5,"P",1080.5608,0.00016467978059175,7
"20260218_064",2026-02-18,"DPT","TS3",2,"DPT_TS3_2",2.5,"T",1118.08312,1.11835375479346e-05,7
"20260218_065",2026-02-18,"CD","TS3",2,"CD_TS3_2",2.5,"C",266.34696,1.96271778242255e-05,7
"20260218_065",2026-02-18,"CD","TS3",2,"CD_TS3_2",2.5,"D",2341.96688,3.30946190195096e-05,7
"20260218_066",2026-02-18,"CDLP","TS3",1,"CDLP_TS3_1",2.5,"C",112.56696,5.93785698250589e-06,7
"20260218_066",2026-02-18,"CDLP","TS3",1,"CDLP_TS3_1",2.5,"D",1412.52056,1.59722391705467e-05,7
"20260218_066",2026-02-18,"CDLP","TS3",1,"CDLP_TS3_1",2.5,"L",705.74768,6.16073372547515e-06,7
"20260218_066",2026-02-18,"CDLP","TS3",1,"CDLP_TS3_1",2.5,"P",806.62736,0.00012853770124505,7
"20260218_067",2026-02-18,"CLT","TS3",1,"CLT_TS3_1",2.5,"C",128.35504,9.68543141324473e-06,7
"20260218_067",2026-02-18,"CLT","TS3",1,"CLT_TS3_1",2.5,"L",1254.02464,1.33418804844056e-05,7
"20260218_067",2026-02-18,"CLT","TS3",1,"CLT_TS3_1",2.5,"T",1159.70624,1.25467112645181e-05,7
"20260218_068",2026-02-18,"CDLP","TS3",2,"CDLP_TS3_2",2.5,"C",76.47992,4.51053242673188e-06,7
"20260218_068",2026-02-18,"CDLP","TS3",2,"CDLP_TS3_2",2.5,"D",1695.6808,1.97902967960205e-05,7
"20260218_068",2026-02-18,"CDLP","TS3",2,"CDLP_TS3_2",2.5,"L",709.4384,5.68111200643817e-06,7
"20260218_068",2026-02-18,"CDLP","TS3",2,"CDLP_TS3_2",2.5,"P",680.7328,0.00011260498832566,7
"20260218_069",2026-02-18,"PT","TS3",3,"PT_TS3_3",2.5,"P",887.41312,0.0001500167593531,7
"20260218_069",2026-02-18,"PT","TS3",3,"PT_TS3_3",2.5,"T",941.74872,8.75481671880758e-06,7
"20260218_070",2026-02-18,"CD","TS3",3,"CD_TS3_3",2.5,"C",91.03776,4.74239955231258e-06,7
"20260218_070",2026-02-18,"CD","TS3",3,"CD_TS3_3",2.5,"D",1412.11048,2.13306076670663e-05,7
"20260218_071",2026-02-18,"CDLT","TS3",3,"CDLT_TS3_3",2.5,"C",86.93696,8.72988996576541e-06,7
"20260218_071",2026-02-18,"CDLT","TS3",3,"CDLT_TS3_3",2.5,"D",2014.518,3.01902512754544e-05,7
"20260218_071",2026-02-18,"CDLT","TS3",3,"CDLT_TS3_3",2.5,"L",519.98144,5.27550883903968e-06,7
"20260218_071",2026-02-18,"CDLT","TS3",3,"CDLT_TS3_3",2.5,"T",787.3536,1.10601711554248e-05,7
"20260218_072",2026-02-18,"DPT","TS3",3,"DPT_TS3_3",2.5,"D",1022.73952,1.29893224808478e-05,7
"20260218_072",2026-02-18,"DPT","TS3",3,"DPT_TS3_3",2.5,"P",719.07528,0.00012929693684159,7
"20260218_072",2026-02-18,"DPT","TS3",3,"DPT_TS3_3",2.5,"T",1150.2744,1.15377969335926e-05,7
"20260218_073",2026-02-18,"CLT","TS3",3,"CLT_TS3_3",2.5,"C",286.44088,2.05115274401379e-05,7
"20260218_073",2026-02-18,"CLT","TS3",3,"CLT_TS3_3",2.5,"L",1236.3912,1.07685540489846e-05,7
"20260218_073",2026-02-18,"CLT","TS3",3,"CLT_TS3_3",2.5,"T",788.3788,7.34984476391242e-06,7
"20260218_074",2026-02-18,"CD","TS3",1,"CD_TS3_1",2.5,"C",303.4592,2.04308209208229e-05,7
"20260218_074",2026-02-18,"CD","TS3",1,"CD_TS3_1",2.5,"D",1784.05304,2.84634650002001e-05,7
"20260218_075",2026-02-18,"PT","TS3",2,"PT_TS3_2",2.5,"P",715.38456,0.00011128019876256,7
"20260218_075",2026-02-18,"PT","TS3",2,"PT_TS3_2",2.5,"T",1332.76,1.04473992143694e-05,7
"20260218_076",2026-02-18,"PT","TS3",1,"PT_TS3_1",2.5,"P",1076.46,0.00013771019812418,7
"20260218_076",2026-02-18,"PT","TS3",1,"PT_TS3_1",2.5,"T",996.28936,7.75585926074595e-06,7
"20260218_077",2026-02-18,"CDPT","TS3",3,"CDPT_TS3_3",2.5,"C",83.45128,5.31187903914997e-06,7
"20260218_077",2026-02-18,"CDPT","TS3",3,"CDPT_TS3_3",2.5,"D",873.4704,1.3300386823197e-05,7
"20260218_077",2026-02-18,"CDPT","TS3",3,"CDPT_TS3_3",2.5,"P",802.52656,0.00012928395080546,7
"20260218_077",2026-02-18,"CDPT","TS3",3,"CDPT_TS3_3",2.5,"T",956.10152,1.11957969230374e-05,7
"20260218_078",2026-02-18,"CDPT","TS3",1,"CDPT_TS3_1",2.5,"C",172.84872,6.34917755626746e-06,7
"20260218_078",2026-02-18,"CDPT","TS3",1,"CDPT_TS3_1",2.5,"D",616.96536,8.40373283207759e-06,7
"20260218_078",2026-02-18,"CDPT","TS3",1,"CDPT_TS3_1",2.5,"P",915.91368,0.00014231042426813,7
"20260218_078",2026-02-18,"CDPT","TS3",1,"CDPT_TS3_1",2.5,"T",655.92296,8.23399076645219e-06,7
"20260218_079",2026-02-18,"DPT","TS3",1,"DPT_TS3_1",2.5,"D",575.34224,7.08926329105435e-06,7
"20260218_079",2026-02-18,"DPT","TS3",1,"DPT_TS3_1",2.5,"P",468.10632,7.44924879055432e-05,7
"20260218_079",2026-02-18,"DPT","TS3",1,"DPT_TS3_1",2.5,"T",1185.54128,1.3128848008768e-05,7
"20260218_080",2026-02-18,"CLT","TS3",2,"CLT_TS3_2",2.5,"C",247.89336,1.76588488509862e-05,7
"20260218_080",2026-02-18,"CLT","TS3",2,"CLT_TS3_2",2.5,"L",1624.53192,1.59838526311371e-05,7
"20260218_080",2026-02-18,"CLT","TS3",2,"CLT_TS3_2",2.5,"T",800.06608,9.38120082549856e-06,7
"20260218_081",2026-02-18,"LT","TS3",2,"LT_TS3_2",2.5,"L",1671.89616,2.05130796340577e-05,7
"20260218_081",2026-02-18,"LT","TS3",2,"LT_TS3_2",2.5,"T",2254.82488,3.03404711442493e-05,7
"20260218_082",2026-02-18,"PT","TS4",1,"PT_TS4_1",2.5,"P",1195.17816,0.00016150853000307,7
"20260218_082",2026-02-18,"PT","TS4",1,"PT_TS4_1",2.5,"T",1282.32016,1.09296795985049e-05,7
"20260218_083",2026-02-18,"DPT","TS4",2,"DPT_TS4_2",2.5,"D",1324.5584,1.59100026632544e-05,7
"20260218_083",2026-02-18,"DPT","TS4",2,"DPT_TS4_2",2.5,"P",837.17832,0.00011431530075038,7
"20260218_083",2026-02-18,"DPT","TS4",2,"DPT_TS4_2",2.5,"T",1242.13232,1.15592193980624e-05,7
"20260218_084",2026-02-18,"CDLP","TS4",3,"CDLP_TS4_3",2.5,"C",108.46616,6.33136018863127e-06,7
"20260218_084",2026-02-18,"CDLP","TS4",3,"CDLP_TS4_3",2.5,"D",1284.16552,1.74614731252398e-05,7
"20260218_084",2026-02-18,"CDLP","TS4",3,"CDLP_TS4_3",2.5,"L",1031.55624,7.8901186622561e-06,7
"20260218_084",2026-02-18,"CDLP","TS4",3,"CDLP_TS4_3",2.5,"P",1439.17576,0.00017885972777801,7
"20260218_085",2026-02-18,"PT","TS4",2,"PT_TS4_2",2.5,"P",1201.94448,0.00016907683880509,7
"20260218_085",2026-02-18,"PT","TS4",2,"PT_TS4_2",2.5,"T",1064.36264,8.84077820468242e-06,7
"20260218_086",2026-02-18,"CDPT","TS4",1,"CDPT_TS4_1",2.5,"C",128.56008,4.22978830755253e-06,7
"20260218_086",2026-02-18,"CDPT","TS4",1,"CDPT_TS4_1",2.5,"D",1308.56528,1.7529096892541e-05,7
"20260218_086",2026-02-18,"CDPT","TS4",1,"CDPT_TS4_1",2.5,"P",474.6676,6.33863934309158e-05,7
"20260218_086",2026-02-18,"CDPT","TS4",1,"CDPT_TS4_1",2.5,"T",674.99168,1.07786441915946e-05,7
"20260218_087",2026-02-18,"PT","TS4",3,"PT_TS4_3",2.5,"P",1641.3452,0.00024273242446692,7
"20260218_087",2026-02-18,"PT","TS4",3,"PT_TS4_3",2.5,"T",1259.35568,1.25967246937778e-05,7
"20260218_088",2026-02-18,"DPT","TS4",3,"DPT_TS4_3",2.5,"D",1221.42328,1.58075700825568e-05,7
"20260218_088",2026-02-18,"DPT","TS4",3,"DPT_TS4_3",2.5,"P",658.79352,9.5903596726928e-05,7
"20260218_088",2026-02-18,"DPT","TS4",3,"DPT_TS4_3",2.5,"T",920.42456,9.32439469250123e-06,7
"20260218_089",2026-02-18,"CDLT","TS4",2,"CDLT_TS4_2",2.5,"C",161.57152,1.15025393011333e-05,7
"20260218_089",2026-02-18,"CDLT","TS4",2,"CDLT_TS4_2",2.5,"D",932.31688,1.49713423925249e-05,7
"20260218_089",2026-02-18,"CDLT","TS4",2,"CDLT_TS4_2",2.5,"L",765.61936,7.97641150399728e-06,7
"20260218_089",2026-02-18,"CDLT","TS4",2,"CDLT_TS4_2",2.5,"T",259.17056,4.6272492129125e-06,7
"20260218_090",2026-02-18,"CDPT","TS4",2,"CDPT_TS4_2",2.5,"C",180.02512,1.67854240778383e-05,7
"20260218_090",2026-02-18,"CDPT","TS4",2,"CDPT_TS4_2",2.5,"D",1006.33632,1.45748261077286e-05,7
"20260218_090",2026-02-18,"CDPT","TS4",2,"CDPT_TS4_2",2.5,"P",991.16336,0.00018550068873455,7
"20260218_090",2026-02-18,"CDPT","TS4",2,"CDPT_TS4_2",2.5,"T",591.74544,7.72226736147029e-06,7
"20260218_091",2026-02-18,"CLT","TS4",1,"CLT_TS4_1",2.5,"C",309.6104,2.58714230850027e-05,7
"20260218_091",2026-02-18,"CLT","TS4",1,"CLT_TS4_1",2.5,"L",1771.5456,1.92938713463339e-05,7
"20260218_091",2026-02-18,"CLT","TS4",1,"CLT_TS4_1",2.5,"T",683.19328,1.01560619143331e-05,7
"20260218_092",2026-02-18,"LP","TS4",3,"LP_TS4_3",2.5,"L",2232.06544,1.66493028429477e-05,7
"20260218_092",2026-02-18,"LP","TS4",3,"LP_TS4_3",2.5,"P",608.14864,0.00011185672387372,7
"20260218_093",2026-02-18,"CLT","TS4",3,"CLT_TS4_3",2.5,"C",145.16832,1.02369777150759e-05,7
"20260218_093",2026-02-18,"CLT","TS4",3,"CLT_TS4_3",2.5,"L",1704.9076,2.01168859536577e-05,7
"20260218_093",2026-02-18,"CLT","TS4",3,"CLT_TS4_3",2.5,"T",718.6652,7.81522642104676e-06,7
"20260218_094",2026-02-18,"CDLP","TS4",2,"CDLP_TS4_2",2.5,"C",44.28864,2.7459961851003e-06,7
"20260218_094",2026-02-18,"CDLP","TS4",2,"CDLP_TS4_2",2.5,"D",1232.2904,1.49710917747318e-05,7
"20260218_094",2026-02-18,"CDLP","TS4",2,"CDLP_TS4_2",2.5,"L",1026.2252,8.63958366513837e-06,7
"20260218_094",2026-02-18,"CDLP","TS4",2,"CDLP_TS4_2",2.5,"P",920.6296,0.00014068620031867,7
"20260218_095",2026-02-18,"LP","TS4",2,"LP_TS4_2",2.5,"L",2188.802,1.75120443847044e-05,7
"20260218_095",2026-02-18,"LP","TS4",2,"LP_TS4_2",2.5,"P",465.64584,6.88203339225055e-05,7
"20260218_096",2026-02-18,"CDLT","TS4",3,"CDLT_TS4_3",2.5,"C",143.528,1.06404793244558e-05,7
"20260218_096",2026-02-18,"CDLT","TS4",3,"CDLT_TS4_3",2.5,"D",1118.90328,1.57180371151563e-05,7
"20260218_096",2026-02-18,"CDLT","TS4",3,"CDLT_TS4_3",2.5,"L",817.0844,7.74969026510682e-06,7
"20260218_096",2026-02-18,"CDLT","TS4",3,"CDLT_TS4_3",2.5,"T",702.87712,8.87033227757542e-06,7
"20260218_097",2026-02-18,"LP","TS4",1,"LP_TS4_1",2.5,"L",2756.55776,2.20774284709053e-05,7
"20260218_097",2026-02-18,"LP","TS4",1,"LP_TS4_1",2.5,"P",1678.86752,0.00030850069581579,7
"20260218_098",2026-02-18,"CDLT","TS4",1,"CDLT_TS4_1",2.5,"C",211.39624,8.43449978831858e-06,7
"20260218_098",2026-02-18,"CDLT","TS4",1,"CDLT_TS4_1",2.5,"D",1600.3372,2.36952911643173e-05,7
"20260218_098",2026-02-18,"CDLT","TS4",1,"CDLT_TS4_1",2.5,"L",953.23096,1.13054275412437e-05,7
"20260218_098",2026-02-18,"CDLT","TS4",1,"CDLT_TS4_1",2.5,"T",503.16816,8.07001127814409e-06,7
"20260218_099",2026-02-18,"CDLP","TS4",1,"CDLP_TS4_1",2.5,"C",97.394,5.99196029266308e-06,7
"20260218_099",2026-02-18,"CDLP","TS4",1,"CDLP_TS4_1",2.5,"D",1193.94792,1.59775157228176e-05,7
"20260218_099",2026-02-18,"CDLP","TS4",1,"CDLP_TS4_1",2.5,"L",973.32488,8.91992068740238e-06,7
"20260218_099",2026-02-18,"CDLP","TS4",1,"CDLP_TS4_1",2.5,"P",832.66744,0.0001249050814309,7
"20260218_100",2026-02-18,"DPT","TS4",1,"DPT_TS4_1",2.5,"D",1336.04064,1.67841841298469e-05,7
"20260218_100",2026-02-18,"DPT","TS4",1,"DPT_TS4_1",2.5,"P",799.24592,0.00012394585351923,7
"20260218_100",2026-02-18,"DPT","TS4",1,"DPT_TS4_1",2.5,"T",832.05232,8.02343673907755e-06,7
"20260218_101",2026-02-18,"LT","TS4",1,"LT_TS4_1",2.5,"L",2310.39072,2.86535150548603e-05,7
"20260218_101",2026-02-18,"LT","TS4",1,"LT_TS4_1",2.5,"T",1605.05312,2.34733447472061e-05,7
"20260218_102",2026-02-18,"CDPT","TS4",3,"CDPT_TS4_3",2.5,"C",37.413908045977,4.0121258248237e-06,7
"20260218_102",2026-02-18,"CDPT","TS4",3,"CDPT_TS4_3",2.5,"D",433.04448,6.01853032808292e-06,7
"20260218_102",2026-02-18,"CDPT","TS4",3,"CDPT_TS4_3",2.5,"P",677.6572,0.00010117539752015,7
"20260218_102",2026-02-18,"CDPT","TS4",3,"CDPT_TS4_3",2.5,"T",652.23224,7.34790764687408e-06,7
"20260218_103",2026-02-18,"LPT","TS4",1,"LPT_TS4_1",2.5,"L",1454.14368,1.19221870513486e-05,7
"20260218_103",2026-02-18,"LPT","TS4",1,"LPT_TS4_1",2.5,"P",824.05576,0.00014103770799718,7
"20260218_103",2026-02-18,"LPT","TS4",1,"LPT_TS4_1",2.5,"T",491.0708,4.3976893453994e-06,7
"20260218_104",2026-02-18,"LT","TS4",3,"LT_TS4_3",2.5,"L",2497.79728,2.90239368846896e-05,7
"20260218_104",2026-02-18,"LT","TS4",3,"LT_TS4_3",2.5,"T",1694.45056,1.90616623169601e-05,7
"20260218_105",2026-02-18,"LT","TS4",2,"LT_TS4_2",2.5,"L",2773.57608,3.14453223549743e-05,7
"20260218_105",2026-02-18,"LT","TS4",2,"LT_TS4_2",2.5,"T",1999.14,2.51165765606404e-05,7
"20260218_106",2026-02-18,"CLT","TS4",2,"CLT_TS4_2",2.5,"C",188.22672,1.36241299146809e-05,7
"20260218_106",2026-02-18,"CLT","TS4",2,"CLT_TS4_2",2.5,"L",1608.5388,1.47296076929953e-05,7
"20260218_106",2026-02-18,"CLT","TS4",2,"CLT_TS4_2",2.5,"T",615.53008,7.21886982112668e-06,7
"20260218_107",2026-02-18,"LPT","TS4",2,"LPT_TS4_2",2.5,"L",1520.78168,1.88617182077706e-05,7
"20260218_107",2026-02-18,"LPT","TS4",2,"LPT_TS4_2",2.5,"P",645.46592,0.00012158722843019,7
"20260218_107",2026-02-18,"LPT","TS4",2,"LPT_TS4_2",2.5,"T",799.24592,7.04890667226356e-06,7
"20260218_108",2026-02-18,"LPT","TS4",3,"LPT_TS4_3",2.5,"L",1774.21112,1.43981684364962e-05,7
"20260218_108",2026-02-18,"LPT","TS4",3,"LPT_TS4_3",2.5,"P",883.31232,0.00014061569272818,7
"20260218_108",2026-02-18,"LPT","TS4",3,"LPT_TS4_3",2.5,"T",662.07416,5.56216221759735e-06,7
"20260219_001",2026-02-19,"DLPT","TS1",3,"DLPT_TS1_3",2.5,"D",723.17608,7.73854986924426e-06,8
"20260219_001",2026-02-19,"DLPT","TS1",3,"DLPT_TS1_3",2.5,"L",748.19096,5.68288819556601e-06,8
"20260219_001",2026-02-19,"DLPT","TS1",3,"DLPT_TS1_3",2.5,"P",890.48872,0.00013671789297933,8
"20260219_001",2026-02-19,"DLPT","TS1",3,"DLPT_TS1_3",2.5,"T",1070.92392,1.1245434096198e-05,8
"20260219_002",2026-02-19,"LPT","TS1",1,"LPT_TS1_1",2.5,"L",1390.78632,1.09922798923219e-05,8
"20260219_002",2026-02-19,"LPT","TS1",1,"LPT_TS1_1",2.5,"P",1322.91808,0.00019556337685676,8
"20260219_002",2026-02-19,"LPT","TS1",1,"LPT_TS1_1",2.5,"T",940.92856,7.85631818007539e-06,8
"20260219_003",2026-02-19,"DLPT","TS1",2,"DLPT_TS1_2",2.5,"D",846.20008,1.00343845066457e-05,8
"20260219_003",2026-02-19,"DLPT","TS1",2,"DLPT_TS1_2",2.5,"L",817.49448,6.51729523961268e-06,8
"20260219_003",2026-02-19,"DLPT","TS1",2,"DLPT_TS1_2",2.5,"P",552.17272,8.95782956591871e-05,8
"20260219_003",2026-02-19,"DLPT","TS1",2,"DLPT_TS1_2",2.5,"T",703.69728,6.56279251582605e-06,8
"20260219_004",2026-02-19,"CD","TS1",3,"CD_TS1_3",2.5,"C",257.73528,2.0228867518307e-05,8
"20260219_004",2026-02-19,"CD","TS1",3,"CD_TS1_3",2.5,"D",1659.7988,2.58269404459859e-05,8
"20260219_005",2026-02-19,"CLT","TS1",1,"CLT_TS1_1",2.5,"C",185.97128,1.63661610572149e-05,8
"20260219_005",2026-02-19,"CLT","TS1",1,"CLT_TS1_1",2.5,"L",1156.01552,1.19305827611161e-05,8
"20260219_005",2026-02-19,"CLT","TS1",1,"CLT_TS1_1",2.5,"T",277.62416,3.25318147782979e-06,8
"20260219_006",2026-02-19,"DPT","TS1",3,"DPT_TS1_3",2.5,"D",751.4716,9.49686321289471e-06,8
"20260219_006",2026-02-19,"DPT","TS1",3,"DPT_TS1_3",2.5,"P",559.34912,7.77632982606496e-05,8
"20260219_006",2026-02-19,"DPT","TS1",3,"DPT_TS1_3",2.5,"T",880.85184,9.51859353826779e-06,8
"20260219_007",2026-02-19,"CLT","TS1",2,"CLT_TS1_2",2.5,"C",266.96208,1.89732508652053e-05,8
"20260219_007",2026-02-19,"CLT","TS1",2,"CLT_TS1_2",2.5,"L",1452.29832,1.5299312062879e-05,8
"20260219_007",2026-02-19,"CLT","TS1",2,"CLT_TS1_2",2.5,"T",338.72608,3.87819768464118e-06,8
"20260219_008",2026-02-19,"CDLP","TS1",2,"CDLP_TS1_2",2.5,"C",123.024,4.88194641765164e-06,8
"20260219_008",2026-02-19,"CDLP","TS1",2,"CDLP_TS1_2",2.5,"D",1367.6168,1.7030067441154e-05,8
"20260219_008",2026-02-19,"CDLP","TS1",2,"CDLP_TS1_2",2.5,"L",720.10048,6.1499409315819e-06,8
"20260219_008",2026-02-19,"CDLP","TS1",2,"CDLP_TS1_2",2.5,"P",597.28152,9.76349000750102e-05,8
"20260219_009",2026-02-19,"PT","TS1",1,"PT_TS1_1",2.5,"P",855.83696,0.00011891991281035,8
"20260219_009",2026-02-19,"PT","TS1",1,"PT_TS1_1",2.5,"T",489.0204,3.76397219418348e-06,8
"20260219_010",2026-02-19,"LPT","TS1",2,"LPT_TS1_2",2.5,"L",1416.00624,1.01990613143057e-05,8
"20260219_010",2026-02-19,"LPT","TS1",2,"LPT_TS1_2",2.5,"P",817.28944,0.00013309394275919,8
"20260219_010",2026-02-19,"LPT","TS1",2,"LPT_TS1_2",2.5,"T",868.13936,7.48835170138509e-06,8
"20260219_011",2026-02-19,"CDLT","TS1",3,"CDLT_TS1_3",2.5,"C",146.6036,1.19388798865464e-05,8
"20260219_011",2026-02-19,"CDLT","TS1",3,"CDLT_TS1_3",2.5,"D",1115.00752,1.71513126031957e-05,8
"20260219_011",2026-02-19,"CDLT","TS1",3,"CDLT_TS1_3",2.5,"L",715.5896,6.64740343790035e-06,8
"20260219_011",2026-02-19,"CDLT","TS1",3,"CDLT_TS1_3",2.5,"T",280.9048,2.78877736506399e-06,8
"20260219_012",2026-02-19,"DLPT","TS1",1,"DLPT_TS1_1",2.5,"D",1031.76128,1.42753386103217e-05,8
"20260219_012",2026-02-19,"DLPT","TS1",1,"DLPT_TS1_1",2.5,"L",1186.77152,1.0530826158881e-05,8
"20260219_012",2026-02-19,"DLPT","TS1",1,"DLPT_TS1_1",2.5,"P",633.16352,0.0001083826715431,8
"20260219_012",2026-02-19,"DLPT","TS1",1,"DLPT_TS1_1",2.5,"T",755.77744,8.15336105318393e-06,8
"20260219_013",2026-02-19,"LT","TS1",3,"LT_TS1_3",2.5,"L",1851.92128,2.11687679292826e-05,8
"20260219_013",2026-02-19,"LT","TS1",3,"LT_TS1_3",2.5,"T",1658.7736,2.41758254854612e-05,8
"20260219_014",2026-02-19,"CDLT","TS1",2,"CDLT_TS1_2",2.5,"C",47.8709090909091,2.97549664480947e-06,8
"20260219_014",2026-02-19,"CDLT","TS1",2,"CDLT_TS1_2",2.5,"D",905.66168,1.51395899309924e-05,8
"20260219_014",2026-02-19,"CDLT","TS1",2,"CDLT_TS1_2",2.5,"L",909.76248,7.86595731705003e-06,8
"20260219_014",2026-02-19,"CDLT","TS1",2,"CDLT_TS1_2",2.5,"T",365.38128,4.30875466361335e-06,8
"20260219_015",2026-02-19,"LT","TS1",2,"LT_TS1_2",2.5,"L",2393.22688,3.03470366769151e-05,8
"20260219_015",2026-02-19,"LT","TS1",2,"LT_TS1_2",2.5,"T",929.65136,1.40848797175981e-05,8
"20260219_016",2026-02-19,"CDLT","TS1",1,"CDLT_TS1_1",2.5,"C",85.70672,5.73318647425508e-06,8
"20260219_016",2026-02-19,"CDLT","TS1",1,"CDLT_TS1_1",2.5,"D",1786.10344,2.50947015301074e-05,8
"20260219_016",2026-02-19,"CDLT","TS1",1,"CDLT_TS1_1",2.5,"L",1214.24688,1.05575213602503e-05,8
"20260219_016",2026-02-19,"CDLT","TS1",1,"CDLT_TS1_1",2.5,"T",713.94928,7.9868318180073e-06,8
"20260219_017",2026-02-19,"DPT","TS1",1,"DPT_TS1_1",2.5,"D",1012.48752,1.70249762616577e-05,8
"20260219_017",2026-02-19,"DPT","TS1",1,"DPT_TS1_1",2.5,"P",1006.13128,0.00014467884670693,8
"20260219_017",2026-02-19,"DPT","TS1",1,"DPT_TS1_1",2.5,"T",535.1544,5.82354140211539e-06,8
"20260219_018",2026-02-19,"DPT","TS1",2,"DPT_TS1_2",2.5,"D",1501.50792,2.03001358578411e-05,8
"20260219_018",2026-02-19,"DPT","TS1",2,"DPT_TS1_2",2.5,"P",964.50816,0.00014404503860539,8
"20260219_018",2026-02-19,"DPT","TS1",2,"DPT_TS1_2",2.5,"T",1213.8368,1.18051630406383e-05,8
"20260219_019",2026-02-19,"PT","TS1",3,"PT_TS1_3",2.5,"P",1156.01552,0.00016008094286096,8
"20260219_019",2026-02-19,"PT","TS1",3,"PT_TS1_3",2.5,"T",912.01792,7.38576698198027e-06,8
"20260219_020",2026-02-19,"CDLP","TS1",1,"CDLP_TS1_1",2.5,"C",409.0548,2.3401092252179e-05,8
"20260219_020",2026-02-19,"CDLP","TS1",1,"CDLP_TS1_1",2.5,"D",1047.7544,1.34970419528289e-05,8
"20260219_020",2026-02-19,"CDLP","TS1",1,"CDLP_TS1_1",2.5,"L",1193.74288,9.4324981351726e-06,8
"20260219_020",2026-02-19,"CDLP","TS1",1,"CDLP_TS1_1",2.5,"P",823.85072,0.0001304469790224,8
"20260219_021",2026-02-19,"CDLP","TS1",3,"CDLP_TS1_3",2.5,"C",144.96328,6.2573095953186e-06,8
"20260219_021",2026-02-19,"CDLP","TS1",3,"CDLP_TS1_3",2.5,"D",518.54616,8.14105749047349e-06,8
"20260219_021",2026-02-19,"CDLP","TS1",3,"CDLP_TS1_3",2.5,"L",668.63544,5.04338370209371e-06,8
"20260219_021",2026-02-19,"CDLP","TS1",3,"CDLP_TS1_3",2.5,"P",780.99736,7.69142274744518e-05,8
"20260219_022",2026-02-19,"CD","TS1",1,"CD_TS1_1",2.5,"C",141.4776,1.29428586584371e-05,8
"20260219_022",2026-02-19,"CD","TS1",1,"CD_TS1_1",2.5,"D",2327.40904,3.68899439002509e-05,8
"20260219_023",2026-02-19,"LPT","TS1",3,"LPT_TS1_3",2.5,"L",1630.88816,1.17445078776107e-05,8
"20260219_023",2026-02-19,"LPT","TS1",3,"LPT_TS1_3",2.5,"P",817.28944,0.00013482624144685,8
"20260219_023",2026-02-19,"LPT","TS1",3,"LPT_TS1_3",2.5,"T",756.39256,6.40091381876506e-06,8
"20260219_024",2026-02-19,"LT","TS1",1,"LT_TS1_1",2.5,"L",2493.2864,2.84023797567334e-05,8
"20260219_024",2026-02-19,"LT","TS1",1,"LT_TS1_1",2.5,"T",1781.18248,2.37375494636927e-05,8
"20260219_025",2026-02-19,"CLT","TS1",3,"CLT_TS1_3",2.5,"C",315.55656,1.95815219391776e-05,8
"20260219_025",2026-02-19,"CLT","TS1",3,"CLT_TS1_3",2.5,"L",1231.67528,1.5495903291396e-05,8
"20260219_025",2026-02-19,"CLT","TS1",3,"CLT_TS1_3",2.5,"T",524.9024,5.14322218369177e-06,8
"20260219_026",2026-02-19,"CD","TS1",2,"CD_TS1_2",2.5,"C",450.26784,2.58565972759786e-05,8
"20260219_026",2026-02-19,"CD","TS1",2,"CD_TS1_2",2.5,"D",1859.09768,2.7641262360702e-05,8
"20260219_027",2026-02-19,"PT","TS1",2,"PT_TS1_2",2.5,"P",1024.1748,0.00014425777767006,8
"20260219_027",2026-02-19,"PT","TS1",2,"PT_TS1_2",2.5,"T",702.67208,5.8193581809818e-06,8
"20260219_028",2026-02-19,"CLT","TS2",1,"CLT_TS2_1",2.5,"C",141.27256,1.12066799484894e-05,8
"20260219_028",2026-02-19,"CLT","TS2",1,"CLT_TS2_1",2.5,"L",1683.58344,1.6917106013561e-05,8
"20260219_028",2026-02-19,"CLT","TS2",1,"CLT_TS2_1",2.5,"T",955.07632,1.09925861503593e-05,8
"20260219_029",2026-02-19,"CP","TS2",1,"CP_TS2_1",2.5,"C",293.00216,2.05953951514863e-05,8
"20260219_029",2026-02-19,"CP","TS2",1,"CP_TS2_1",2.5,"P",1011.8724,0.00016683180920212,8
"20260219_030",2026-02-19,"CDPT","TS2",1,"CDPT_TS2_1",2.5,"C",368.86696,1.74740766774062e-05,8
"20260219_030",2026-02-19,"CDPT","TS2",1,"CDPT_TS2_1",2.5,"D",798.83584,1.14166872870063e-05,8
"20260219_030",2026-02-19,"CDPT","TS2",1,"CDPT_TS2_1",2.5,"P",608.9688,9.60855474837293e-05,8
"20260219_030",2026-02-19,"CDPT","TS2",1,"CDPT_TS2_1",2.5,"T",1074.81968,1.2999547492892e-05,8
"20260219_031",2026-02-19,"CDPT","TS2",3,"CDPT_TS2_3",2.5,"C",95.13856,4.89308141620777e-06,8
"20260219_031",2026-02-19,"CDPT","TS2",3,"CDPT_TS2_3",2.5,"D",449.65272,6.09211084490852e-06,8
"20260219_031",2026-02-19,"CDPT","TS2",3,"CDPT_TS2_3",2.5,"P",564.06504,8.18166170255653e-05,8
"20260219_031",2026-02-19,"CDPT","TS2",3,"CDPT_TS2_3",2.5,"T",363.74096,4.25253769798861e-06,8
"20260219_032",2026-02-19,"LT","TS2",3,"LT_TS2_3",2.5,"L",2132.62104,2.55950825903702e-05,8
"20260219_032",2026-02-19,"LT","TS2",3,"LT_TS2_3",2.5,"T",1547.43688,1.97292327120415e-05,8
"20260219_033",2026-02-19,"PT","TS2",3,"PT_TS2_3",2.5,"P",992.3936,0.00013689418200749,8
"20260219_033",2026-02-19,"PT","TS2",3,"PT_TS2_3",2.5,"T",1015.9732,7.83416961855282e-06,8
"20260219_034",2026-02-19,"DPT","TS2",3,"DPT_TS2_3",2.5,"D",1340.75656,1.54548022488492e-05,8
"20260219_034",2026-02-19,"DPT","TS2",3,"DPT_TS2_3",2.5,"P",626.3972,9.6442457998616e-05,8
"20260219_034",2026-02-19,"DPT","TS2",3,"DPT_TS2_3",2.5,"T",901.35584,8.51059857183452e-06,8
"20260219_035",2026-02-19,"PT","TS2",1,"PT_TS2_1",2.5,"P",804.57696,0.0001078940438696,8
"20260219_035",2026-02-19,"PT","TS2",1,"PT_TS2_1",2.5,"T",1126.48976,1.20985640211646e-05,8
"20260219_036",2026-02-19,"CDLT","TS2",3,"CDLT_TS2_3",2.5,"C",71.14888,5.98868919046323e-06,8
"20260219_036",2026-02-19,"CDLT","TS2",3,"CDLT_TS2_3",2.5,"D",1688.70944,2.29098112226036e-05,8
"20260219_036",2026-02-19,"CDLT","TS2",3,"CDLT_TS2_3",2.5,"L",521.00664,4.90495525311313e-06,8
"20260219_036",2026-02-19,"CDLT","TS2",3,"CDLT_TS2_3",2.5,"T",798.22072,1.09384615636674e-05,8
"20260219_037",2026-02-19,"CDLP","TS2",2,"CDLP_TS2_2",2.5,"C",80.9908,4.31070313182126e-06,8
"20260219_037",2026-02-19,"CDLP","TS2",2,"CDLP_TS2_2",2.5,"D",905.86672,1.15455568792813e-05,8
"20260219_037",2026-02-19,"CDLP","TS2",2,"CDLP_TS2_2",2.5,"L",773.82096,5.9982496239618e-06,8
"20260219_037",2026-02-19,"CDLP","TS2",2,"CDLP_TS2_2",2.5,"P",344.26216,6.36670071048463e-05,8
"20260219_038",2026-02-19,"CDLT","TS2",2,"CDLT_TS2_2",2.5,"C",179.41,1.37763581937418e-05,8
"20260219_038",2026-02-19,"CDLT","TS2",2,"CDLT_TS2_2",2.5,"D",1415.59616,2.05410551343649e-05,8
"20260219_038",2026-02-19,"CDLT","TS2",2,"CDLT_TS2_2",2.5,"L",710.05352,6.23901889355596e-06,8
"20260219_038",2026-02-19,"CDLT","TS2",2,"CDLT_TS2_2",2.5,"T",828.56664,1.01459666931676e-05,8
"20260219_039",2026-02-19,"CDPT","TS2",2,"CDPT_TS2_2",2.5,"C",127.73992,6.75501206557317e-06,8
"20260219_039",2026-02-19,"CDPT","TS2",2,"CDPT_TS2_2",2.5,"D",552.37776,7.32195053997076e-06,8
"20260219_039",2026-02-19,"CDPT","TS2",2,"CDPT_TS2_2",2.5,"P",581.69848,9.40048322798703e-05,8
"20260219_039",2026-02-19,"CDPT","TS2",2,"CDPT_TS2_2",2.5,"T",394.29192,4.73118475084341e-06,8
"20260219_040",2026-02-19,"CLT","TS2",3,"CLT_TS2_3",2.5,"C",114.20728,7.20382514594566e-06,8
"20260219_040",2026-02-19,"CLT","TS2",3,"CLT_TS2_3",2.5,"L",1583.11384,1.59544494300097e-05,8
"20260219_040",2026-02-19,"CLT","TS2",3,"CLT_TS2_3",2.5,"T",902.38104,9.71043281355978e-06,8
"20260219_041",2026-02-19,"PT","TS2",2,"PT_TS2_2",2.5,"P",780.79232,0.00011777903031489,8
"20260219_041",2026-02-19,"PT","TS2",2,"PT_TS2_2",2.5,"T",865.67888,7.13089221832882e-06,8
"20260219_042",2026-02-19,"DLP","TS2",3,"DLP_TS2_3",2.5,"D",1980.6864,2.33428977075759e-05,8
"20260219_042",2026-02-19,"DLP","TS2",3,"DLP_TS2_3",2.5,"L",1307.33504,1.02954666557957e-05,8
"20260219_042",2026-02-19,"DLP","TS2",3,"DLP_TS2_3",2.5,"P",723.38112,0.00010015117064091,8
"20260219_043",2026-02-19,"CDLP","TS2",1,"CDLP_TS2_1",2.5,"C",199.50392,1.17978636606833e-05,8
"20260219_043",2026-02-19,"CDLP","TS2",1,"CDLP_TS2_1",2.5,"D",1075.84488,1.45222452526094e-05,8
"20260219_043",2026-02-19,"CDLP","TS2",1,"CDLP_TS2_1",2.5,"L",1174.67416,1.04099123851631e-05,8
"20260219_043",2026-02-19,"CDLP","TS2",1,"CDLP_TS2_1",2.5,"P",566.11544,8.73150714841569e-05,8
"20260219_044",2026-02-19,"LT","TS2",2,"LT_TS2_2",2.5,"L",3120.50376,4.15745125463751e-05,8
"20260219_044",2026-02-19,"LT","TS2",2,"LT_TS2_2",2.5,"T",1644.21576,2.4011096544408e-05,8
"20260219_045",2026-02-19,"CLT","TS2",2,"CLT_TS2_2",2.5,"C",165.26224,1.07468635811738e-05,8
"20260219_045",2026-02-19,"CLT","TS2",2,"CLT_TS2_2",2.5,"L",1417.23648,1.71783585113189e-05,8
"20260219_045",2026-02-19,"CLT","TS2",2,"CLT_TS2_2",2.5,"T",715.79464,9.31829257031066e-06,8
"20260219_046",2026-02-19,"DPT","TS2",1,"DPT_TS2_1",2.5,"D",960.20232,1.2650591488221e-05,8
"20260219_046",2026-02-19,"DPT","TS2",1,"DPT_TS2_1",2.5,"P",763.97904,0.00010232760818327,8
"20260219_046",2026-02-19,"DPT","TS2",1,"DPT_TS2_1",2.5,"T",1271.86312,1.35238601574693e-05,8
"20260219_047",2026-02-19,"DLP","TS2",2,"DLP_TS2_2",2.5,"D",1351.00856,1.4965373733624e-05,8
"20260219_047",2026-02-19,"DLP","TS2",2,"DLP_TS2_2",2.5,"L",958.35696,7.53716537044595e-06,8
"20260219_047",2026-02-19,"DLP","TS2",2,"DLP_TS2_2",2.5,"P",927.806,0.0001353378182016,8
"20260219_048",2026-02-19,"DPT","TS2",2,"DPT_TS2_2",2.5,"D",886.18288,1.02254256566955e-05,8
"20260219_048",2026-02-19,"DPT","TS2",2,"DPT_TS2_2",2.5,"P",654.28264,0.00010478481601111,8
"20260219_048",2026-02-19,"DPT","TS2",2,"DPT_TS2_2",2.5,"T",1203.37976,1.16884426347005e-05,8
"20260219_049",2026-02-19,"CP","TS2",3,"CP_TS2_3",2.5,"C",354.92424,1.94669706024565e-05,8
"20260219_049",2026-02-19,"CP","TS2",3,"CP_TS2_3",2.5,"P",752.90688,0.00010772558420782,8
"20260219_050",2026-02-19,"CP","TS2",2,"CP_TS2_2",2.5,"C",202.57952,9.68424598262327e-06,8
"20260219_050",2026-02-19,"CP","TS2",2,"CP_TS2_2",2.5,"P",574.72712,8.73425933915335e-05,8
"20260219_051",2026-02-19,"CDLT","TS2",1,"CDLT_TS2_1",2.5,"C",89.1924,4.50630013120914e-06,8
"20260219_051",2026-02-19,"CDLT","TS2",1,"CDLT_TS2_1",2.5,"D",1051.65016,1.48030896744892e-05,8
"20260219_051",2026-02-19,"CDLT","TS2",1,"CDLT_TS2_1",2.5,"L",740.80952,6.26213733749649e-06,8
"20260219_051",2026-02-19,"CDLT","TS2",1,"CDLT_TS2_1",2.5,"T",479.17848,5.23986107888634e-06,8
"20260219_052",2026-02-19,"CDLP","TS2",3,"CDLP_TS2_3",2.5,"C",89.60248,3.94216871648021e-06,8
"20260219_052",2026-02-19,"CDLP","TS2",3,"CDLP_TS2_3",2.5,"D",1201.94448,1.56269577078041e-05,8
"20260219_052",2026-02-19,"CDLP","TS2",3,"CDLP_TS2_3",2.5,"L",826.51624,6.1602312584783e-06,8
"20260219_052",2026-02-19,"CDLP","TS2",3,"CDLP_TS2_3",2.5,"P",709.02832,0.0001088627180935,8
"20260219_053",2026-02-19,"DLP","TS2",1,"DLP_TS2_1",2.5,"D",1090.60776,1.32987131176152e-05,8
"20260219_053",2026-02-19,"DLP","TS2",1,"DLP_TS2_1",2.5,"L",1178.56992,1.05132707143e-05,8
"20260219_053",2026-02-19,"DLP","TS2",1,"DLP_TS2_1",2.5,"P",531.46368,8.78667945290288e-05,8
"20260219_054",2026-02-19,"LT","TS2",1,"LT_TS2_1",2.5,"L",2023.12968,2.19405113211162e-05,8
"20260219_054",2026-02-19,"LT","TS2",1,"LT_TS2_1",2.5,"T",1774.41616,2.31074250154403e-05,8
"20260219_055",2026-02-19,"CDLP","TS3",3,"CDLP_TS3_3",2.5,"C",229.6448,1.33827092020202e-05,8
"20260219_055",2026-02-19,"CDLP","TS3",3,"CDLP_TS3_3",2.5,"D",1535.54456,1.86537949182794e-05,8
"20260219_055",2026-02-19,"CDLP","TS3",3,"CDLP_TS3_3",2.5,"L",473.6424,3.42638359352779e-06,8
"20260219_055",2026-02-19,"CDLP","TS3",3,"CDLP_TS3_3",2.5,"P",727.48192,0.00011855899664441,8
"20260219_056",2026-02-19,"CDPT","TS3",2,"CDPT_TS3_2",2.5,"C",41.21304,2.43843819248287e-06,8
"20260219_056",2026-02-19,"CDPT","TS3",2,"CDPT_TS3_2",2.5,"D",574.72712,8.62543873459083e-06,8
"20260219_056",2026-02-19,"CDPT","TS3",2,"CDPT_TS3_2",2.5,"P",707.388,9.48864693188632e-05,8
"20260219_056",2026-02-19,"CDPT","TS3",2,"CDPT_TS3_2",2.5,"T",1102.50008,1.66524634497459e-05,8
"20260219_057",2026-02-19,"CDLT","TS3",2,"CDLT_TS3_2",2.5,"C",120.35848,9.0379694997507e-06,8
"20260219_057",2026-02-19,"CDLT","TS3",2,"CDLT_TS3_2",2.5,"D",852.55632,1.10536669550879e-05,8
"20260219_057",2026-02-19,"CDLT","TS3",2,"CDLT_TS3_2",2.5,"L",774.64112,1.0364258183356e-05,8
"20260219_057",2026-02-19,"CDLT","TS3",2,"CDLT_TS3_2",2.5,"T",1127.10488,1.26296514154931e-05,8
"20260219_058",2026-02-19,"LT","TS3",1,"LT_TS3_1",2.5,"L",1861.35312,2.02509772295278e-05,8
"20260219_058",2026-02-19,"LT","TS3",1,"LT_TS3_1",2.5,"T",1833.26264,2.43857292074133e-05,8
"20260219_059",2026-02-19,"LT","TS3",3,"LT_TS3_3",2.5,"L",1736.27872,1.81584626724352e-05,8
"20260219_059",2026-02-19,"LT","TS3",3,"LT_TS3_3",2.5,"T",1247.87344,1.42535465497972e-05,8
"20260219_060",2026-02-19,"CDLT","TS3",1,"CDLT_TS3_1",2.5,"C",58.4364,5.31422598753731e-06,8
"20260219_060",2026-02-19,"CDLT","TS3",1,"CDLT_TS3_1",2.5,"D",1046.93424,1.39680197939311e-05,8
"20260219_060",2026-02-19,"CDLT","TS3",1,"CDLT_TS3_1",2.5,"L",574.112,4.19510324075787e-06,8
"20260219_060",2026-02-19,"CDLT","TS3",1,"CDLT_TS3_1",2.5,"T",827.74648,1.09319821071428e-05,8
"20260219_061",2026-02-19,"DLP","TS3",1,"DLP_TS3_1",2.5,"D",1868.32448,2.38686582105856e-05,8
"20260219_061",2026-02-19,"DLP","TS3",1,"DLP_TS3_1",2.5,"L",663.09936,5.58154692520835e-06,8
"20260219_061",2026-02-19,"DLP","TS3",1,"DLP_TS3_1",2.5,"P",1083.84144,0.00013155233020531,8
"20260219_062",2026-02-19,"DLP","TS3",2,"DLP_TS3_2",2.5,"D",1622.07144,2.13385240001904e-05,8
"20260219_062",2026-02-19,"DLP","TS3",2,"DLP_TS3_2",2.5,"L",962.25272,8.49541523035224e-06,8
"20260219_062",2026-02-19,"DLP","TS3",2,"DLP_TS3_2",2.5,"P",3438.93088,0.00049969139971009,8
"20260219_063",2026-02-19,"DLP","TS3",3,"DLP_TS3_3",2.5,"D",1793.0748,1.92438462230782e-05,8
"20260219_063",2026-02-19,"DLP","TS3",3,"DLP_TS3_3",2.5,"L",851.12104,5.96163034911761e-06,8
"20260219_063",2026-02-19,"DLP","TS3",3,"DLP_TS3_3",2.5,"P",901.35584,0.0001182616440933,8
"20260219_064",2026-02-19,"DPT","TS3",2,"DPT_TS3_2",2.5,"D",458.87952,5.81959512111064e-06,8
"20260219_064",2026-02-19,"DPT","TS3",2,"DPT_TS3_2",2.5,"P",689.75456,0.0001064018807115,8
"20260219_064",2026-02-19,"DPT","TS3",2,"DPT_TS3_2",2.5,"T",908.73728,8.92258893150489e-06,8
"20260219_065",2026-02-19,"CD","TS3",2,"CD_TS3_2",2.5,"C",157.47072,1.00514144831558e-05,8
"20260219_065",2026-02-19,"CD","TS3",2,"CD_TS3_2",2.5,"D",1864.22368,2.8881568244843e-05,8
"20260219_066",2026-02-19,"CDLP","TS3",1,"CDLP_TS3_1",2.5,"C",148.654,7.4668369160911e-06,8
"20260219_066",2026-02-19,"CDLP","TS3",1,"CDLP_TS3_1",2.5,"D",858.0924,1.08623986071423e-05,8
"20260219_066",2026-02-19,"CDLP","TS3",1,"CDLP_TS3_1",2.5,"L",643.41552,5.18105428646632e-06,8
"20260219_066",2026-02-19,"CDLP","TS3",1,"CDLP_TS3_1",2.5,"P",465.03072,7.0156530230221e-05,8
"20260219_067",2026-02-19,"CLT","TS3",1,"CLT_TS3_1",2.5,"C",493.94136,1.6744825869488e-05,8
"20260219_067",2026-02-19,"CLT","TS3",1,"CLT_TS3_1",2.5,"L",1091.42792,1.12396484488941e-05,8
"20260219_067",2026-02-19,"CLT","TS3",1,"CLT_TS3_1",2.5,"T",875.93088,1.63296850074312e-05,8
"20260219_068",2026-02-19,"CDLP","TS3",2,"CDLP_TS3_2",2.5,"C",144.96328,8.68187518794191e-06,8
"20260219_068",2026-02-19,"CDLP","TS3",2,"CDLP_TS3_2",2.5,"D",1439.17576,1.48697400857091e-05,8
"20260219_068",2026-02-19,"CDLP","TS3",2,"CDLP_TS3_2",2.5,"L",740.60448,5.20510341624245e-06,8
"20260219_068",2026-02-19,"CDLP","TS3",2,"CDLP_TS3_2",2.5,"P",611.22424,9.37211596180903e-05,8
"20260219_069",2026-02-19,"PT","TS3",3,"PT_TS3_3",2.5,"P",1116.4428,0.0001817793325744,8
"20260219_069",2026-02-19,"PT","TS3",3,"PT_TS3_3",2.5,"T",827.13136,6.3453892674744e-06,8
"20260219_070",2026-02-19,"CD","TS3",3,"CD_TS3_3",2.5,"C",269.83264,1.94949186174212e-05,8
"20260219_070",2026-02-19,"CD","TS3",3,"CD_TS3_3",2.5,"D",2008.98192,2.76564339536016e-05,8
"20260219_071",2026-02-19,"CDLT","TS3",3,"CDLT_TS3_3",2.5,"C",91.65288,7.34214641932068e-06,8
"20260219_071",2026-02-19,"CDLT","TS3",3,"CDLT_TS3_3",2.5,"D",1219.988,1.43995859743381e-05,8
"20260219_071",2026-02-19,"CDLT","TS3",3,"CDLT_TS3_3",2.5,"L",627.62744,4.56204641297508e-06,8
"20260219_071",2026-02-19,"CDLT","TS3",3,"CDLT_TS3_3",2.5,"T",939.49328,1.08816133239995e-05,8
"20260219_072",2026-02-19,"DPT","TS3",3,"DPT_TS3_3",2.5,"D",807.8576,9.13746926348148e-06,8
"20260219_072",2026-02-19,"DPT","TS3",3,"DPT_TS3_3",2.5,"P",874.08552,0.00013185425387307,8
"20260219_072",2026-02-19,"DPT","TS3",3,"DPT_TS3_3",2.5,"T",1516.88592,1.56940864795541e-05,8
"20260219_073",2026-02-19,"CLT","TS3",3,"CLT_TS3_3",2.5,"C",197.65856,1.28595037903957e-05,8
"20260219_073",2026-02-19,"CLT","TS3",3,"CLT_TS3_3",2.5,"L",1539.64536,1.52813250968771e-05,8
"20260219_073",2026-02-19,"CLT","TS3",3,"CLT_TS3_3",2.5,"T",720.51056,5.39200308559291e-06,8
"20260219_074",2026-02-19,"CD","TS3",1,"CD_TS3_1",2.5,"C",249.53368,1.45390487977573e-05,8
"20260219_074",2026-02-19,"CD","TS3",1,"CD_TS3_1",2.5,"D",2502.92328,3.71444174720223e-05,8
"20260219_075",2026-02-19,"PT","TS3",2,"PT_TS3_2",2.5,"P",723.17608,0.0001003406345946,8
"20260219_075",2026-02-19,"PT","TS3",2,"PT_TS3_2",2.5,"T",870.80488,7.56239252345932e-06,8
"20260219_076",2026-02-19,"PT","TS3",1,"PT_TS3_1",2.5,"P",1096.14384,0.00013569015322694,8
"20260219_076",2026-02-19,"PT","TS3",1,"PT_TS3_1",2.5,"T",1077.69024,1.01581739941829e-05,8
"20260219_077",2026-02-19,"CDPT","TS3",3,"CDPT_TS3_3",2.5,"C",0,0,8
"20260219_077",2026-02-19,"CDPT","TS3",3,"CDPT_TS3_3",2.5,"D",319.65736,5.95554618998468e-06,8
"20260219_077",2026-02-19,"CDPT","TS3",3,"CDPT_TS3_3",2.5,"P",503.78328,7.8020310383651e-05,8
"20260219_077",2026-02-19,"CDPT","TS3",3,"CDPT_TS3_3",2.5,"T",892.33408,1.05866802466273e-05,8
"20260219_078",2026-02-19,"CDPT","TS3",1,"CDPT_TS3_1",2.5,"C",114.61736,5.99319662945195e-06,8
"20260219_078",2026-02-19,"CDPT","TS3",1,"CDPT_TS3_1",2.5,"D",665.55984,8.54840155346046e-06,8
"20260219_078",2026-02-19,"CDPT","TS3",1,"CDPT_TS3_1",2.5,"P",869.98472,0.0001315384944734,8
"20260219_078",2026-02-19,"CDPT","TS3",1,"CDPT_TS3_1",2.5,"T",1124.23432,1.3112615092725e-05,8
"20260219_079",2026-02-19,"DPT","TS3",1,"DPT_TS3_1",2.5,"D",546.63664,5.50449708014048e-06,8
"20260219_079",2026-02-19,"DPT","TS3",1,"DPT_TS3_1",2.5,"P",627.01232,8.12633557873882e-05,8
"20260219_079",2026-02-19,"DPT","TS3",1,"DPT_TS3_1",2.5,"T",1307.13,1.37287540062147e-05,8
"20260219_080",2026-02-19,"CLT","TS3",2,"CLT_TS3_2",2.5,"C",238.25648,1.07971572228809e-05,8
"20260219_080",2026-02-19,"CLT","TS3",2,"CLT_TS3_2",2.5,"L",1553.178,1.66635190465108e-05,8
"20260219_080",2026-02-19,"CLT","TS3",2,"CLT_TS3_2",2.5,"T",369.89216,6.30991397770968e-06,8
"20260219_081",2026-02-19,"LT","TS3",2,"LT_TS3_2",2.5,"L",1268.99256,1.26145940014168e-05,8
"20260219_081",2026-02-19,"LT","TS3",2,"LT_TS3_2",2.5,"T",1210.96624,1.4834926130759e-05,8
"20260219_082",2026-02-19,"PT","TS4",1,"PT_TS4_1",2.5,"P",1003.6708,0.00014720585758655,8
"20260219_082",2026-02-19,"PT","TS4",1,"PT_TS4_1",2.5,"T",985.83232,7.92893636940783e-06,8
"20260219_083",2026-02-19,"DPT","TS4",2,"DPT_TS4_2",2.5,"D",413.77072,5.088212658547e-06,8
"20260219_083",2026-02-19,"DPT","TS4",2,"DPT_TS4_2",2.5,"P",502.14296,8.22596106300407e-05,8
"20260219_083",2026-02-19,"DPT","TS4",2,"DPT_TS4_2",2.5,"T",1268.78752,1.32106470810643e-05,8
"20260219_084",2026-02-19,"CDLP","TS4",3,"CDLP_TS4_3",2.5,"C",288.28624,1.43222711607815e-05,8
"20260219_084",2026-02-19,"CDLP","TS4",3,"CDLP_TS4_3",2.5,"D",1536.7748,2.09319659888829e-05,8
"20260219_084",2026-02-19,"CDLP","TS4",3,"CDLP_TS4_3",2.5,"L",1030.94112,9.03174161081984e-06,8
"20260219_084",2026-02-19,"CDLP","TS4",3,"CDLP_TS4_3",2.5,"P",756.18752,0.0001235674602372,8
"20260219_085",2026-02-19,"PT","TS4",2,"PT_TS4_2",2.5,"P",1111.52184,0.0001523390517427,8
"20260219_085",2026-02-19,"PT","TS4",2,"PT_TS4_2",2.5,"T",952.00072,7.99919720100226e-06,8
"20260219_086",2026-02-19,"CDPT","TS4",1,"CDPT_TS4_1",2.5,"C",97.59904,6.05981170955361e-06,8
"20260219_086",2026-02-19,"CDPT","TS4",1,"CDPT_TS4_1",2.5,"D",830.20696,1.16708387521096e-05,8
"20260219_086",2026-02-19,"CDPT","TS4",1,"CDPT_TS4_1",2.5,"P",542.3308,9.33071084898287e-05,8
"20260219_086",2026-02-19,"CDPT","TS4",1,"CDPT_TS4_1",2.5,"T",971.68456,1.36183488531375e-05,8
"20260219_087",2026-02-19,"PT","TS4",3,"PT_TS4_3",2.5,"P",1338.29608,0.00020332538174981,8
"20260219_087",2026-02-19,"PT","TS4",3,"PT_TS4_3",2.5,"T",782.43264,7.16701864036125e-06,8
"20260219_088",2026-02-19,"DPT","TS4",3,"DPT_TS4_3",2.5,"D",945.2344,1.15197558394081e-05,8
"20260219_088",2026-02-19,"DPT","TS4",3,"DPT_TS4_3",2.5,"P",665.14976,0.0001024527079186,8
"20260219_088",2026-02-19,"DPT","TS4",3,"DPT_TS4_3",2.5,"T",1128.95024,1.31933451995507e-05,8
"20260219_089",2026-02-19,"CDLT","TS4",2,"CDLT_TS4_2",2.5,"C",216.3172,1.93225346324946e-05,8
"20260219_089",2026-02-19,"CDLT","TS4",2,"CDLT_TS4_2",2.5,"D",1288.26632,1.85321509024148e-05,8
"20260219_089",2026-02-19,"CDLT","TS4",2,"CDLT_TS4_2",2.5,"L",586.4144,5.52939001464946e-06,8
"20260219_089",2026-02-19,"CDLT","TS4",2,"CDLT_TS4_2",2.5,"T",644.23568,7.34908649388955e-06,8
"20260219_090",2026-02-19,"CDPT","TS4",2,"CDPT_TS4_2",2.5,"C",77.50512,5.8729794136178e-06,8
"20260219_090",2026-02-19,"CDPT","TS4",2,"CDPT_TS4_2",2.5,"D",475.48776,5.65344818013702e-06,8
"20260219_090",2026-02-19,"CDPT","TS4",2,"CDPT_TS4_2",2.5,"P",651.002,0.00010561005375224,8
"20260219_090",2026-02-19,"CDPT","TS4",2,"CDPT_TS4_2",2.5,"T",633.36856,9.35876108723543e-06,8
"20260219_091",2026-02-19,"CLT","TS4",1,"CLT_TS4_1",2.5,"C",156.44552,1.13287474398689e-05,8
"20260219_091",2026-02-19,"CLT","TS4",1,"CLT_TS4_1",2.5,"L",1661.43912,1.66827251966485e-05,8
"20260219_091",2026-02-19,"CLT","TS4",1,"CLT_TS4_1",2.5,"T",588.05472,5.90394994074904e-06,8
"20260219_092",2026-02-19,"LP","TS4",3,"LP_TS4_3",2.5,"L",1945.62456,1.51287586041954e-05,8
"20260219_092",2026-02-19,"LP","TS4",3,"LP_TS4_3",2.5,"P",531.66872,0.00011113939931183,8
"20260219_093",2026-02-19,"CLT","TS4",3,"CLT_TS4_3",2.5,"C",258.14536,2.01805098229519e-05,8
"20260219_093",2026-02-19,"CLT","TS4",3,"CLT_TS4_3",2.5,"L",1310.41064,1.3193399810898e-05,8
"20260219_093",2026-02-19,"CLT","TS4",3,"CLT_TS4_3",2.5,"T",877.98128,1.07994310161408e-05,8
"20260219_094",2026-02-19,"CDLP","TS4",2,"CDLP_TS4_2",2.5,"C",95.95872,9.16868639906674e-06,8
"20260219_094",2026-02-19,"CDLP","TS4",2,"CDLP_TS4_2",2.5,"D",1380.32928,1.75311713658518e-05,8
"20260219_094",2026-02-19,"CDLP","TS4",2,"CDLP_TS4_2",2.5,"L",741.62968,6.15714864411648e-06,8
"20260219_094",2026-02-19,"CDLP","TS4",2,"CDLP_TS4_2",2.5,"P",668.84048,0.0001123930499442,8
"20260219_095",2026-02-19,"LP","TS4",2,"LP_TS4_2",2.5,"L",1672.92136,1.16123702723568e-05,8
"20260219_095",2026-02-19,"LP","TS4",2,"LP_TS4_2",2.5,"P",574.52208,9.2814793120487e-05,8
"20260219_096",2026-02-19,"CDLT","TS4",3,"CDLT_TS4_3",2.5,"C",147.21872,1.2406195928163e-05,8
"20260219_096",2026-02-19,"CDLT","TS4",3,"CDLT_TS4_3",2.5,"D",1176.10944,1.76136509086984e-05,8
"20260219_096",2026-02-19,"CDLT","TS4",3,"CDLT_TS4_3",2.5,"L",699.1864,6.06471948119069e-06,8
"20260219_096",2026-02-19,"CDLT","TS4",3,"CDLT_TS4_3",2.5,"T",858.0924,1.30149014255079e-05,8
"20260219_097",2026-02-19,"LP","TS4",1,"LP_TS4_1",2.5,"L",1638.67968,1.1391193663344e-05,8
"20260219_097",2026-02-19,"LP","TS4",1,"LP_TS4_1",2.5,"P",644.8508,0.00010882416077727,8
"20260219_098",2026-02-19,"CDLT","TS4",1,"CDLT_TS4_1",2.5,"C",193.55776,2.08059832218044e-05,8
"20260219_098",2026-02-19,"CDLT","TS4",1,"CDLT_TS4_1",2.5,"D",1111.3168,1.56137947036104e-05,8
"20260219_098",2026-02-19,"CDLT","TS4",1,"CDLT_TS4_1",2.5,"L",957.94688,9.5468097367013e-06,8
"20260219_098",2026-02-19,"CDLT","TS4",1,"CDLT_TS4_1",2.5,"T",872.4452,1.03294675102585e-05,8
"20260219_099",2026-02-19,"CDLP","TS4",1,"CDLP_TS4_1",2.5,"C",61.30696,2.94387360355547e-06,8
"20260219_099",2026-02-19,"CDLP","TS4",1,"CDLP_TS4_1",2.5,"D",748.60104,7.85125014618892e-06,8
"20260219_099",2026-02-19,"CDLP","TS4",1,"CDLP_TS4_1",2.5,"L",609.78896,3.90509994834999e-06,8
"20260219_099",2026-02-19,"CDLP","TS4",1,"CDLP_TS4_1",2.5,"P",539.2552,9.43477317717641e-05,8
"20260219_100",2026-02-19,"DPT","TS4",1,"DPT_TS4_1",2.5,"D",1171.39352,1.50459278201851e-05,8
"20260219_100",2026-02-19,"DPT","TS4",1,"DPT_TS4_1",2.5,"P",738.144,0.00011225242090125,8
"20260219_100",2026-02-19,"DPT","TS4",1,"DPT_TS4_1",2.5,"T",1179.39008,1.30477258168197e-05,8
"20260219_101",2026-02-19,"LT","TS4",1,"LT_TS4_1",2.5,"L",1308.56528,1.45686592119963e-05,8
"20260219_101",2026-02-19,"LT","TS4",1,"LT_TS4_1",2.5,"T",1945.00944,2.64312650415594e-05,8
"20260219_102",2026-02-19,"CDPT","TS4",3,"CDPT_TS4_3",2.5,"C",50.2348,3.068285559519e-06,8
"20260219_102",2026-02-19,"CDPT","TS4",3,"CDPT_TS4_3",2.5,"D",436.12008,5.49133570786384e-06,8
"20260219_102",2026-02-19,"CDPT","TS4",3,"CDPT_TS4_3",2.5,"P",587.4396,9.56482550009825e-05,8
"20260219_102",2026-02-19,"CDPT","TS4",3,"CDPT_TS4_3",2.5,"T",743.06496,1.02222550974522e-05,8
"20260219_103",2026-02-19,"LPT","TS4",1,"LPT_TS4_1",2.5,"L",1337.68096,1.0253997566949e-05,8
"20260219_103",2026-02-19,"LPT","TS4",1,"LPT_TS4_1",2.5,"P",1067.02816,0.00018988754798459,8
"20260219_103",2026-02-19,"LPT","TS4",1,"LPT_TS4_1",2.5,"T",930.67656,7.53347440986901e-06,8
"20260219_104",2026-02-19,"LT","TS4",3,"LT_TS4_3",2.5,"L",2381.33456,2.84126161872868e-05,8
"20260219_104",2026-02-19,"LT","TS4",3,"LT_TS4_3",2.5,"T",2031.74136,2.79763590571603e-05,8
"20260219_105",2026-02-19,"LT","TS4",2,"LT_TS4_2",2.5,"L",1681.94312,1.95970862533106e-05,8
"20260219_105",2026-02-19,"LT","TS4",2,"LT_TS4_2",2.5,"T",1478.54344,1.90276384566143e-05,8
"20260219_106",2026-02-19,"CLT","TS4",2,"CLT_TS4_2",2.5,"C",201.14424,1.64426548558033e-05,8
"20260219_106",2026-02-19,"CLT","TS4",2,"CLT_TS4_2",2.5,"L",1693.6304,1.77413715053077e-05,8
"20260219_106",2026-02-19,"CLT","TS4",2,"CLT_TS4_2",2.5,"T",801.91144,9.02705869659141e-06,8
"20260219_107",2026-02-19,"LPT","TS4",2,"LPT_TS4_2",2.5,"L",951.3856,7.79724040838459e-06,8
"20260219_107",2026-02-19,"LPT","TS4",2,"LPT_TS4_2",2.5,"P",505.21856,8.98040833315606e-05,8
"20260219_107",2026-02-19,"LPT","TS4",2,"LPT_TS4_2",2.5,"T",869.3696,6.87149570081164e-06,8
"20260219_108",2026-02-19,"LPT","TS4",3,"LPT_TS4_3",2.5,"L",1573.88704,1.21493127866941e-05,8
"20260219_108",2026-02-19,"LPT","TS4",3,"LPT_TS4_3",2.5,"P",820.98016,0.00011986479167523,8
"20260219_108",2026-02-19,"LPT","TS4",3,"LPT_TS4_3",2.5,"T",1015.9732,9.42221917811298e-06,8
"20260220_001",2026-02-20,"DLPT","TS1",3,"DLPT_TS1_3",2.5,"D",725.8416,6.74837052244109e-06,9
"20260220_001",2026-02-20,"DLPT","TS1",3,"DLPT_TS1_3",2.5,"L",346.92768,2.48612418223304e-06,9
"20260220_001",2026-02-20,"DLPT","TS1",3,"DLPT_TS1_3",2.5,"P",901.56088,0.00012521039102887,9
"20260220_001",2026-02-20,"DLPT","TS1",3,"DLPT_TS1_3",2.5,"T",1311.43584,1.30836195627129e-05,9
"20260220_002",2026-02-20,"LPT","TS1",1,"LPT_TS1_1",2.5,"L",954.66624,5.97882637374436e-06,9
"20260220_002",2026-02-20,"LPT","TS1",1,"LPT_TS1_1",2.5,"P",1339.9364,0.00018469880110254,9
"20260220_002",2026-02-20,"LPT","TS1",1,"LPT_TS1_1",2.5,"T",1181.23544,8.4142578694526e-06,9
"20260220_003",2026-02-20,"DLPT","TS1",2,"DLPT_TS1_2",2.5,"D",634.5988,6.67386982039812e-06,9
"20260220_003",2026-02-20,"DLPT","TS1",2,"DLPT_TS1_2",2.5,"L",291.77192,1.73098906604378e-06,9
"20260220_003",2026-02-20,"DLPT","TS1",2,"DLPT_TS1_2",2.5,"P",579.03296,8.17357426061914e-05,9
"20260220_003",2026-02-20,"DLPT","TS1",2,"DLPT_TS1_2",2.5,"T",1201.32936,1.12264246784734e-05,9
"20260220_004",2026-02-20,"CD","TS1",3,"CD_TS1_3",2.5,"C",195.19808,1.56968198511919e-05,9
"20260220_004",2026-02-20,"CD","TS1",3,"CD_TS1_3",2.5,"D",2175.88448,3.34902314559386e-05,9
"20260220_005",2026-02-20,"CLT","TS1",1,"CLT_TS1_1",2.5,"C",74.01944,5.60344717778278e-06,9
"20260220_005",2026-02-20,"CLT","TS1",1,"CLT_TS1_1",2.5,"L",1264.68672,1.16340568809468e-05,9
"20260220_005",2026-02-20,"CLT","TS1",1,"CLT_TS1_1",2.5,"T",888.23328,7.75236114560113e-06,9
"20260220_006",2026-02-20,"DPT","TS1",3,"DPT_TS1_3",2.5,"D",706.3628,8.85348390542983e-06,9
"20260220_006",2026-02-20,"DPT","TS1",3,"DPT_TS1_3",2.5,"P",1306.30984,0.00016972324601305,9
"20260220_006",2026-02-20,"DPT","TS1",3,"DPT_TS1_3",2.5,"T",1734.6384,1.69041705833339e-05,9
"20260220_007",2026-02-20,"CLT","TS1",2,"CLT_TS1_2",2.5,"C",142.29776,6.71002494433277e-06,9
"20260220_007",2026-02-20,"CLT","TS1",2,"CLT_TS1_2",2.5,"L",1055.75096,8.8542475785934e-06,9
"20260220_007",2026-02-20,"CLT","TS1",2,"CLT_TS1_2",2.5,"T",873.4704,1.19029209171305e-05,9
"20260220_008",2026-02-20,"CDLP","TS1",2,"CDLP_TS1_2",2.5,"C",98.4192,6.39441861009794e-06,9
"20260220_008",2026-02-20,"CDLP","TS1",2,"CDLP_TS1_2",2.5,"D",1098.60432,1.19444217660551e-05,9
"20260220_008",2026-02-20,"CDLP","TS1",2,"CDLP_TS1_2",2.5,"L",493.1212,3.69429505445633e-06,9
"20260220_008",2026-02-20,"CDLP","TS1",2,"CDLP_TS1_2",2.5,"P",853.9916,0.00013722420538164,9
"20260220_009",2026-02-20,"PT","TS1",1,"PT_TS1_1",2.5,"P",1229.82992,0.00015499740814105,9
"20260220_009",2026-02-20,"PT","TS1",1,"PT_TS1_1",2.5,"T",456.41904,3.34179406586231e-06,9
"20260220_010",2026-02-20,"LPT","TS1",2,"LPT_TS1_2",2.5,"L",921.24472,6.42863136670321e-06,9
"20260220_010",2026-02-20,"LPT","TS1",2,"LPT_TS1_2",2.5,"P",1089.37752,0.00016282216325584,9
"20260220_010",2026-02-20,"LPT","TS1",2,"LPT_TS1_2",2.5,"T",1090.19768,8.34566973787206e-06,9
"20260220_011",2026-02-20,"CDLT","TS1",3,"CDLT_TS1_3",2.5,"C",109.90144,9.34412597918078e-06,9
"20260220_011",2026-02-20,"CDLT","TS1",3,"CDLT_TS1_3",2.5,"D",1384.84016,1.64801086075619e-05,9
"20260220_011",2026-02-20,"CDLT","TS1",3,"CDLT_TS1_3",2.5,"L",497.83712,4.11657798256106e-06,9
"20260220_011",2026-02-20,"CDLT","TS1",3,"CDLT_TS1_3",2.5,"T",612.65952,8.89084274445273e-06,9
"20260220_012",2026-02-20,"DLPT","TS1",1,"DLPT_TS1_1",2.5,"D",693.0352,6.79900379766701e-06,9
"20260220_012",2026-02-20,"DLPT","TS1",1,"DLPT_TS1_1",2.5,"L",156.44552,1.30420972629031e-06,9
"20260220_012",2026-02-20,"DLPT","TS1",1,"DLPT_TS1_1",2.5,"P",996.90448,0.00015742886554492,9
"20260220_012",2026-02-20,"DLPT","TS1",1,"DLPT_TS1_1",2.5,"T",1038.32256,1.10690545664904e-05,9
"20260220_013",2026-02-20,"LT","TS1",3,"LT_TS1_3",2.5,"L",1302.61912,1.27392139880807e-05,9
"20260220_013",2026-02-20,"LT","TS1",3,"LT_TS1_3",2.5,"T",2536.13976,3.02894190381559e-05,9
"20260220_014",2026-02-20,"CDLT","TS1",2,"CDLT_TS1_2",2.5,"C",160.34128,1.10346451716217e-05,9
"20260220_014",2026-02-20,"CDLT","TS1",2,"CDLT_TS1_2",2.5,"D",1560.76448,2.14616249455116e-05,9
"20260220_014",2026-02-20,"CDLT","TS1",2,"CDLT_TS1_2",2.5,"L",741.2196,6.35165039087308e-06,9
"20260220_014",2026-02-20,"CDLT","TS1",2,"CDLT_TS1_2",2.5,"T",625.372,6.53605617421503e-06,9
"20260220_015",2026-02-20,"LT","TS1",2,"LT_TS1_2",2.5,"L",1568.96608,1.76280732655532e-05,9
"20260220_015",2026-02-20,"LT","TS1",2,"LT_TS1_2",2.5,"T",2154.76536,2.51949180425047e-05,9
"20260220_016",2026-02-20,"CDLT","TS1",1,"CDLT_TS1_1",2.5,"C",34.8568,2.12318200882776e-06,9
"20260220_016",2026-02-20,"CDLT","TS1",1,"CDLT_TS1_1",2.5,"D",1199.89408,1.48091193343299e-05,9
"20260220_016",2026-02-20,"CDLT","TS1",1,"CDLT_TS1_1",2.5,"L",376.86352,2.84085661662306e-06,9
"20260220_016",2026-02-20,"CDLT","TS1",1,"CDLT_TS1_1",2.5,"T",641.16008,1.0054462832778e-05,9
"20260220_017",2026-02-20,"DPT","TS1",1,"DPT_TS1_1",2.5,"D",713.12912,7.54749772159791e-06,9
"20260220_017",2026-02-20,"DPT","TS1",1,"DPT_TS1_1",2.5,"P",995.05912,0.0001386296071823,9
"20260220_017",2026-02-20,"DPT","TS1",1,"DPT_TS1_1",2.5,"T",945.64448,9.981782953164e-06,9
"20260220_018",2026-02-20,"DPT","TS1",2,"DPT_TS1_2",2.5,"D",515.47056,5.44648413655748e-06,9
"20260220_018",2026-02-20,"DPT","TS1",2,"DPT_TS1_2",2.5,"P",1364.95128,0.00020300615866332,9
"20260220_018",2026-02-20,"DPT","TS1",2,"DPT_TS1_2",2.5,"T",1284.98568,1.31628600974085e-05,9
"20260220_019",2026-02-20,"PT","TS1",3,"PT_TS1_3",2.5,"P",1125.87464,0.00014077219106486,9
"20260220_019",2026-02-20,"PT","TS1",3,"PT_TS1_3",2.5,"T",797.19552,6.01054492945022e-06,9
"20260220_020",2026-02-20,"CDLP","TS1",1,"CDLP_TS1_1",2.5,"C",91.44784,4.48922885504964e-06,9
"20260220_020",2026-02-20,"CDLP","TS1",1,"CDLP_TS1_1",2.5,"D",1386.68552,1.47701089625964e-05,9
"20260220_020",2026-02-20,"CDLP","TS1",1,"CDLP_TS1_1",2.5,"L",389.98608,2.35886800835815e-06,9
"20260220_020",2026-02-20,"CDLP","TS1",1,"CDLP_TS1_1",2.5,"P",852.76136,0.00012197007983145,9
"20260220_021",2026-02-20,"CDLP","TS1",3,"CDLP_TS1_3",2.5,"C",128.35504,8.80620843100995e-06,9
"20260220_021",2026-02-20,"CDLP","TS1",3,"CDLP_TS1_3",2.5,"D",1195.58824,1.32890162053307e-05,9
"20260220_021",2026-02-20,"CDLP","TS1",3,"CDLP_TS1_3",2.5,"L",584.15896,4.3407996679087e-06,9
"20260220_021",2026-02-20,"CDLP","TS1",3,"CDLP_TS1_3",2.5,"P",587.84968,9.25412627795425e-05,9
"20260220_022",2026-02-20,"CD","TS1",1,"CD_TS1_1",2.5,"C",200.32408,1.04701864417585e-05,9
"20260220_022",2026-02-20,"CD","TS1",1,"CD_TS1_1",2.5,"D",2166.04256,2.98875811065738e-05,9
"20260220_023",2026-02-20,"LPT","TS1",3,"LPT_TS1_3",2.5,"L",1067.43824,1.25454305435822e-05,9
"20260220_023",2026-02-20,"LPT","TS1",3,"LPT_TS1_3",2.5,"P",812.16344,0.00010353499403416,9
"20260220_023",2026-02-20,"LPT","TS1",3,"LPT_TS1_3",2.5,"T",799.45096,5.98953132798084e-06,9
"20260220_024",2026-02-20,"LT","TS1",1,"LT_TS1_1",2.5,"L",1531.6488,1.66273396186699e-05,9
"20260220_024",2026-02-20,"LT","TS1",1,"LT_TS1_1",2.5,"T",2001.1904,2.65259267519079e-05,9
"20260220_025",2026-02-20,"CLT","TS1",3,"CLT_TS1_3",2.5,"C",110.51656,1.0414459046862e-05,9
"20260220_025",2026-02-20,"CLT","TS1",3,"CLT_TS1_3",2.5,"L",1687.27416,1.61656419858333e-05,9
"20260220_025",2026-02-20,"CLT","TS1",3,"CLT_TS1_3",2.5,"T",959.17712,1.42791312399733e-05,9
"20260220_026",2026-02-20,"CD","TS1",2,"CD_TS1_2",2.5,"C",123.84416,9.17042893663427e-06,9
"20260220_026",2026-02-20,"CD","TS1",2,"CD_TS1_2",2.5,"D",2329.86952,3.14792593359005e-05,9
"20260220_027",2026-02-20,"PT","TS1",2,"PT_TS1_2",2.5,"P",488.61032,5.90437075922804e-05,9
"20260220_027",2026-02-20,"PT","TS1",2,"PT_TS1_2",2.5,"T",953.436,7.09453914603282e-06,9
"20260220_028",2026-02-20,"CLT","TS2",1,"CLT_TS2_1",2.5,"C",249.73872,1.68434380298406e-05,9
"20260220_028",2026-02-20,"CLT","TS2",1,"CLT_TS2_1",2.5,"L",1302.41408,1.21082511551031e-05,9
"20260220_028",2026-02-20,"CLT","TS2",1,"CLT_TS2_1",2.5,"T",770.9504,7.52931401385945e-06,9
"20260220_029",2026-02-20,"CP","TS2",1,"CP_TS2_1",2.5,"C",258.96552,1.21878548712333e-05,9
"20260220_029",2026-02-20,"CP","TS2",1,"CP_TS2_1",2.5,"P",772.18064,0.00011303291080155,9
"20260220_030",2026-02-20,"CDPT","TS2",1,"CDPT_TS2_1",2.5,"C",126.50968,5.88611462226116e-06,9
"20260220_030",2026-02-20,"CDPT","TS2",1,"CDPT_TS2_1",2.5,"D",430.78904,4.64235015873203e-06,9
"20260220_030",2026-02-20,"CDPT","TS2",1,"CDPT_TS2_1",2.5,"P",769.72016,0.00012263065490641,9
"20260220_030",2026-02-20,"CDPT","TS2",1,"CDPT_TS2_1",2.5,"T",1281.70504,1.39797728866595e-05,9
"20260220_031",2026-02-20,"CDPT","TS2",3,"CDPT_TS2_3",2.5,"C",133.68608,6.87456819932107e-06,9
"20260220_031",2026-02-20,"CDPT","TS2",3,"CDPT_TS2_3",2.5,"D",348.77304,4.0979908926025e-06,9
"20260220_031",2026-02-20,"CDPT","TS2",3,"CDPT_TS2_3",2.5,"P",869.3696,0.0001286317782306,9
"20260220_031",2026-02-20,"CDPT","TS2",3,"CDPT_TS2_3",2.5,"T",890.07864,8.9750239253495e-06,9
"20260220_032",2026-02-20,"LT","TS2",3,"LT_TS2_3",2.5,"L",1352.2388,1.49645007475767e-05,9
"20260220_032",2026-02-20,"LT","TS2",3,"LT_TS2_3",2.5,"T",1721.10576,2.18312209920807e-05,9
"20260220_033",2026-02-20,"PT","TS2",3,"PT_TS2_3",2.5,"P",1164.83224,0.00013208320463861,9
"20260220_033",2026-02-20,"PT","TS2",3,"PT_TS2_3",2.5,"T",1162.78184,9.4974868316779e-06,9
"20260220_034",2026-02-20,"DPT","TS2",3,"DPT_TS2_3",2.5,"D",768.69496,7.64541830553275e-06,9
"20260220_034",2026-02-20,"DPT","TS2",3,"DPT_TS2_3",2.5,"P",772.59072,0.00011230526157232,9
"20260220_034",2026-02-20,"DPT","TS2",3,"DPT_TS2_3",2.5,"T",1896.82504,1.79972005522546e-05,9
"20260220_035",2026-02-20,"PT","TS2",1,"PT_TS2_1",2.5,"P",1052.47032,0.00012285087034906,9
"20260220_035",2026-02-20,"PT","TS2",1,"PT_TS2_1",2.5,"T",977.83576,8.53661169751652e-06,9
"20260220_036",2026-02-20,"CDLT","TS2",3,"CDLT_TS2_3",2.5,"C",71.764,3.27606887979667e-06,9
"20260220_036",2026-02-20,"CDLT","TS2",3,"CDLT_TS2_3",2.5,"D",1062.31224,1.35915822887734e-05,9
"20260220_036",2026-02-20,"CDLT","TS2",3,"CDLT_TS2_3",2.5,"L",485.9448,4.08415437161628e-06,9
"20260220_036",2026-02-20,"CDLT","TS2",3,"CDLT_TS2_3",2.5,"T",1018.43368,1.11075904163515e-05,9
"20260220_037",2026-02-20,"CDLP","TS2",2,"CDLP_TS2_2",2.5,"C",178.79488,8.70717191567874e-06,9
"20260220_037",2026-02-20,"CDLP","TS2",2,"CDLP_TS2_2",2.5,"D",1188.00176,1.32319898199513e-05,9
"20260220_037",2026-02-20,"CDLP","TS2",2,"CDLP_TS2_2",2.5,"L",827.74648,6.00759391334738e-06,9
"20260220_037",2026-02-20,"CDLP","TS2",2,"CDLP_TS2_2",2.5,"P",899.92056,0.00012926584423904,9
"20260220_038",2026-02-20,"CDLT","TS2",2,"CDLT_TS2_2",2.5,"C",209.34584,1.50051785352377e-05,9
"20260220_038",2026-02-20,"CDLT","TS2",2,"CDLT_TS2_2",2.5,"D",1079.33056,1.53699373178879e-05,9
"20260220_038",2026-02-20,"CDLT","TS2",2,"CDLT_TS2_2",2.5,"L",903.2012,7.78119973693672e-06,9
"20260220_038",2026-02-20,"CDLT","TS2",2,"CDLT_TS2_2",2.5,"T",1031.3512,1.31499138156907e-05,9
"20260220_039",2026-02-20,"CDPT","TS2",2,"CDPT_TS2_2",2.5,"C",25.63,4.57162552204074e-07,9
"20260220_039",2026-02-20,"CDPT","TS2",2,"CDPT_TS2_2",2.5,"D",168.33784,1.26649739678068e-06,9
"20260220_039",2026-02-20,"CDPT","TS2",2,"CDPT_TS2_2",2.5,"P",499.2724,7.47291891205556e-05,9
"20260220_039",2026-02-20,"CDPT","TS2",2,"CDPT_TS2_2",2.5,"T",712.71904,8.6631706431898e-06,9
"20260220_040",2026-02-20,"CLT","TS2",3,"CLT_TS2_3",2.5,"C",98.21416,8.27354515140326e-06,9
"20260220_040",2026-02-20,"CLT","TS2",3,"CLT_TS2_3",2.5,"L",1380.9444,1.19842761764874e-05,9
"20260220_040",2026-02-20,"CLT","TS2",3,"CLT_TS2_3",2.5,"T",857.27224,1.14058680741994e-05,9
"20260220_041",2026-02-20,"PT","TS2",2,"PT_TS2_2",2.5,"P",980.29624,0.0001405679838464,9
"20260220_041",2026-02-20,"PT","TS2",2,"PT_TS2_2",2.5,"T",1028.07056,7.55443297845375e-06,9
"20260220_042",2026-02-20,"DLP","TS2",3,"DLP_TS2_3",2.5,"D",2271.22808,2.27134045397392e-05,9
"20260220_042",2026-02-20,"DLP","TS2",3,"DLP_TS2_3",2.5,"L",806.62736,5.26070041650237e-06,9
"20260220_042",2026-02-20,"DLP","TS2",3,"DLP_TS2_3",2.5,"P",549.5072,7.06203733775134e-05,9
"20260220_043",2026-02-20,"CDLP","TS2",1,"CDLP_TS2_1",2.5,"C",249.94376,1.26264380392503e-05,9
"20260220_043",2026-02-20,"CDLP","TS2",1,"CDLP_TS2_1",2.5,"D",1546.0016,2.14868182298247e-05,9
"20260220_043",2026-02-20,"CDLP","TS2",1,"CDLP_TS2_1",2.5,"L",1022.94456,7.43617048016204e-06,9
"20260220_043",2026-02-20,"CDLP","TS2",1,"CDLP_TS2_1",2.5,"P",1000.18512,0.00014884506858361,9
"20260220_044",2026-02-20,"LT","TS2",2,"LT_TS2_2",2.5,"L",1322.71304,1.44270959733912e-05,9
"20260220_044",2026-02-20,"LT","TS2",2,"LT_TS2_2",2.5,"T",1735.04848,2.51282182455066e-05,9
"20260220_045",2026-02-20,"CLT","TS2",2,"CLT_TS2_2",2.5,"C",316.7868,2.30925142438124e-05,9
"20260220_045",2026-02-20,"CLT","TS2",2,"CLT_TS2_2",2.5,"L",1034.83688,1.06020103766163e-05,9
"20260220_045",2026-02-20,"CLT","TS2",2,"CLT_TS2_2",2.5,"T",610.19904,7.56625088205809e-06,9
"20260220_046",2026-02-20,"DPT","TS2",1,"DPT_TS2_1",2.5,"D",481.63896,6.01446664315053e-06,9
"20260220_046",2026-02-20,"DPT","TS2",1,"DPT_TS2_1",2.5,"P",1064.36264,0.00013539054186388,9
"20260220_046",2026-02-20,"DPT","TS2",1,"DPT_TS2_1",2.5,"T",1959.36224,1.80336299196979e-05,9
"20260220_047",2026-02-20,"DLP","TS2",2,"DLP_TS2_2",2.5,"D",1601.3624,1.86890635736626e-05,9
"20260220_047",2026-02-20,"DLP","TS2",2,"DLP_TS2_2",2.5,"L",426.07312,3.12974450555768e-06,9
"20260220_047",2026-02-20,"DLP","TS2",2,"DLP_TS2_2",2.5,"P",769.72016,0.00010553171528555,9
"20260220_048",2026-02-20,"DPT","TS2",2,"DPT_TS2_2",2.5,"D",622.50144,6.46208568440095e-06,9
"20260220_048",2026-02-20,"DPT","TS2",2,"DPT_TS2_2",2.5,"P",1120.33856,0.00016359681038181,9
"20260220_048",2026-02-20,"DPT","TS2",2,"DPT_TS2_2",2.5,"T",1386.89056,1.403533656598e-05,9
"20260220_049",2026-02-20,"CP","TS2",3,"CP_TS2_3",2.5,"C",295.87272,1.5295135755016e-05,9
"20260220_049",2026-02-20,"CP","TS2",3,"CP_TS2_3",2.5,"P",878.80144,0.00011788181386793,9
"20260220_050",2026-02-20,"CP","TS2",2,"CP_TS2_2",2.5,"C",400.44312,1.85063160475075e-05,9
"20260220_050",2026-02-20,"CP","TS2",2,"CP_TS2_2",2.5,"P",1443.68664,0.00019340379769891,9
"20260220_051",2026-02-20,"CDLT","TS2",1,"CDLT_TS2_1",2.5,"C",72.37912,6.91519316904867e-06,9
"20260220_051",2026-02-20,"CDLT","TS2",1,"CDLT_TS2_1",2.5,"D",625.57704,7.96513765601243e-06,9
"20260220_051",2026-02-20,"CDLT","TS2",1,"CDLT_TS2_1",2.5,"L",674.99168,5.18208171408281e-06,9
"20260220_051",2026-02-20,"CDLT","TS2",1,"CDLT_TS2_1",2.5,"T",674.99168,7.45985062679588e-06,9
"20260220_052",2026-02-20,"CDLP","TS2",3,"CDLP_TS2_3",2.5,"C",25.63,1.73697331020447e-06,9
"20260220_052",2026-02-20,"CDLP","TS2",3,"CDLP_TS2_3",2.5,"D",1853.5616,1.99533641539784e-05,9
"20260220_052",2026-02-20,"CDLP","TS2",3,"CDLP_TS2_3",2.5,"L",572.88176,4.76253014405156e-06,9
"20260220_052",2026-02-20,"CDLP","TS2",3,"CDLP_TS2_3",2.5,"P",534.53928,7.40247932983906e-05,9
"20260220_053",2026-02-20,"DLP","TS2",1,"DLP_TS2_1",2.5,"D",1468.49648,1.80372355884173e-05,9
"20260220_053",2026-02-20,"DLP","TS2",1,"DLP_TS2_1",2.5,"L",899.51048,6.51510781796041e-06,9
"20260220_053",2026-02-20,"DLP","TS2",1,"DLP_TS2_1",2.5,"P",663.50944,9.2880233496754e-05,9
"20260220_054",2026-02-20,"LT","TS2",1,"LT_TS2_1",2.5,"L",1569.17112,1.6203713078344e-05,9
"20260220_054",2026-02-20,"LT","TS2",1,"LT_TS2_1",2.5,"T",1977.40576,2.30340321289132e-05,9
"20260220_055",2026-02-20,"CDLP","TS3",3,"CDLP_TS3_3",2.5,"C",166.28744,8.2429933222825e-06,9
"20260220_055",2026-02-20,"CDLP","TS3",3,"CDLP_TS3_3",2.5,"D",1185.54128,1.10487246355384e-05,9
"20260220_055",2026-02-20,"CDLP","TS3",3,"CDLP_TS3_3",2.5,"L",369.68712,3.21559179433779e-06,9
"20260220_055",2026-02-20,"CDLP","TS3",3,"CDLP_TS3_3",2.5,"P",577.39264,8.36057215116389e-05,9
"20260220_056",2026-02-20,"CDPT","TS3",2,"CDPT_TS3_2",2.5,"C",102.52,3.52733508273676e-06,9
"20260220_056",2026-02-20,"CDPT","TS3",2,"CDPT_TS3_2",2.5,"D",362.71576,4.07647633946207e-06,9
"20260220_056",2026-02-20,"CDPT","TS3",2,"CDPT_TS3_2",2.5,"P",878.5964,0.00011966728836168,9
"20260220_056",2026-02-20,"CDPT","TS3",2,"CDPT_TS3_2",2.5,"T",1113.77728,1.26006865733362e-05,9
"20260220_057",2026-02-20,"CDLT","TS3",2,"CDLT_TS3_2",2.5,"C",66.43296,5.55161104924033e-06,9
"20260220_057",2026-02-20,"CDLT","TS3",2,"CDLT_TS3_2",2.5,"D",883.92744,1.04421655214632e-05,9
"20260220_057",2026-02-20,"CDLT","TS3",2,"CDLT_TS3_2",2.5,"L",623.11656,4.40654203240286e-06,9
"20260220_057",2026-02-20,"CDLT","TS3",2,"CDLT_TS3_2",2.5,"T",560.98944,6.43670134231627e-06,9
"20260220_058",2026-02-20,"LT","TS3",1,"LT_TS3_1",2.5,"L",1475.87792,1.70294833420653e-05,9
"20260220_058",2026-02-20,"LT","TS3",1,"LT_TS3_1",2.5,"T",2368.62208,2.69099254199589e-05,9
"20260220_059",2026-02-20,"LT","TS3",3,"LT_TS3_3",2.5,"L",1844.94992,1.73369695241426e-05,9
"20260220_059",2026-02-20,"LT","TS3",3,"LT_TS3_3",2.5,"T",1799.02096,2.05996862023027e-05,9
"20260220_060",2026-02-20,"CDLT","TS3",1,"CDLT_TS3_1",2.5,"C",51.26,4.09199736098983e-06,9
"20260220_060",2026-02-20,"CDLT","TS3",1,"CDLT_TS3_1",2.5,"D",917.96408,1.16105309532381e-05,9
"20260220_060",2026-02-20,"CDLT","TS3",1,"CDLT_TS3_1",2.5,"L",1008.18168,7.34332774865114e-06,9
"20260220_060",2026-02-20,"CDLT","TS3",1,"CDLT_TS3_1",2.5,"T",708.4132,7.63989936339742e-06,9
"20260220_061",2026-02-20,"DLP","TS3",1,"DLP_TS3_1",2.5,"D",1601.3624,1.73968319349083e-05,9
"20260220_061",2026-02-20,"DLP","TS3",1,"DLP_TS3_1",2.5,"L",545.81648,3.70857800016074e-06,9
"20260220_061",2026-02-20,"DLP","TS3",1,"DLP_TS3_1",2.5,"P",620.65608,8.01713793157536e-05,9
"20260220_062",2026-02-20,"DLP","TS3",2,"DLP_TS3_2",2.5,"D",1670.0508,1.78152999014818e-05,9
"20260220_062",2026-02-20,"DLP","TS3",2,"DLP_TS3_2",2.5,"L",693.85536,4.79005365810926e-06,9
"20260220_062",2026-02-20,"DLP","TS3",2,"DLP_TS3_2",2.5,"P",676.01688,9.66604798056568e-05,9
"20260220_063",2026-02-20,"DLP","TS3",3,"DLP_TS3_3",2.5,"D",1600.95232,1.64890654657581e-05,9
"20260220_063",2026-02-20,"DLP","TS3",3,"DLP_TS3_3",2.5,"L",447.19224,3.61328924871694e-06,9
"20260220_063",2026-02-20,"DLP","TS3",3,"DLP_TS3_3",2.5,"P",940.72352,0.00011592761631459,9
"20260220_064",2026-02-20,"DPT","TS3",2,"DPT_TS3_2",2.5,"D",771.15544,8.59946483612309e-06,9
"20260220_064",2026-02-20,"DPT","TS3",2,"DPT_TS3_2",2.5,"P",986.03736,0.00013914816171203,9
"20260220_064",2026-02-20,"DPT","TS3",2,"DPT_TS3_2",2.5,"T",1712.90416,1.94856295194549e-05,9
"20260220_065",2026-02-20,"CD","TS3",2,"CD_TS3_2",2.5,"C",157.06064,1.14003342855039e-05,9
"20260220_065",2026-02-20,"CD","TS3",2,"CD_TS3_2",2.5,"D",1005.51616,1.48351400413636e-05,9
"20260220_066",2026-02-20,"CDLP","TS3",1,"CDLP_TS3_1",2.5,"C",122.20384,8.06389952688277e-06,9
"20260220_066",2026-02-20,"CDLP","TS3",1,"CDLP_TS3_1",2.5,"D",1216.70736,1.20232718842839e-05,9
"20260220_066",2026-02-20,"CDLP","TS3",1,"CDLP_TS3_1",2.5,"L",506.03872,3.67918603140646e-06,9
"20260220_066",2026-02-20,"CDLP","TS3",1,"CDLP_TS3_1",2.5,"P",905.2516,0.00012505187594605,9
"20260220_067",2026-02-20,"CLT","TS3",1,"CLT_TS3_1",2.5,"C",127.53488,5.27025226555456e-06,9
"20260220_067",2026-02-20,"CLT","TS3",1,"CLT_TS3_1",2.5,"L",1076.46,1.05912912199296e-05,9
"20260220_067",2026-02-20,"CLT","TS3",1,"CLT_TS3_1",2.5,"T",595.43616,4.72174852823936e-06,9
"20260220_068",2026-02-20,"CDLP","TS3",2,"CDLP_TS3_2",2.5,"C",173.2588,6.23279888829354e-06,9
"20260220_068",2026-02-20,"CDLP","TS3",2,"CDLP_TS3_2",2.5,"D",1712.28904,1.85633526678404e-05,9
"20260220_068",2026-02-20,"CDLP","TS3",2,"CDLP_TS3_2",2.5,"L",499.88752,3.45390644629349e-06,9
"20260220_068",2026-02-20,"CDLP","TS3",2,"CDLP_TS3_2",2.5,"P",899.71552,0.00014031850641704,9
"20260220_069",2026-02-20,"PT","TS3",3,"PT_TS3_3",2.5,"P",1034.4268,0.00013752755547598,9
"20260220_069",2026-02-20,"PT","TS3",3,"PT_TS3_3",2.5,"T",660.2288,5.71000961572307e-06,9
"20260220_070",2026-02-20,"CD","TS3",3,"CD_TS3_3",2.5,"C",103.5452,4.75870014317235e-06,9
"20260220_070",2026-02-20,"CD","TS3",3,"CD_TS3_3",2.5,"D",1985.19728,2.3831529375875e-05,9
"20260220_071",2026-02-20,"CDLT","TS3",3,"CDLT_TS3_3",2.5,"C",111.95184,6.11416576586742e-06,9
"20260220_071",2026-02-20,"CDLT","TS3",3,"CDLT_TS3_3",2.5,"D",509.11432,6.90032458896997e-06,9
"20260220_071",2026-02-20,"CDLT","TS3",3,"CDLT_TS3_3",2.5,"L",924.52536,7.09650650773431e-06,9
"20260220_071",2026-02-20,"CDLT","TS3",3,"CDLT_TS3_3",2.5,"T",605.68816,7.29185890037266e-06,9
"20260220_072",2026-02-20,"DPT","TS3",3,"DPT_TS3_3",2.5,"D",419.3068,4.68292135941824e-06,9
"20260220_072",2026-02-20,"DPT","TS3",3,"DPT_TS3_3",2.5,"P",714.5644,9.82830001523885e-05,9
"20260220_072",2026-02-20,"DPT","TS3",3,"DPT_TS3_3",2.5,"T",1315.94672,1.35621391683386e-05,9
"20260220_073",2026-02-20,"CLT","TS3",3,"CLT_TS3_3",2.5,"C",111.95184,6.8537019508122e-06,9
"20260220_073",2026-02-20,"CLT","TS3",3,"CLT_TS3_3",2.5,"L",1142.0728,1.06679065530059e-05,9
"20260220_073",2026-02-20,"CLT","TS3",3,"CLT_TS3_3",2.5,"T",570.21624,6.09141465254796e-06,9
"20260220_074",2026-02-20,"CD","TS3",1,"CD_TS3_1",2.5,"C",152.13968,1.08547513664867e-05,9
"20260220_074",2026-02-20,"CD","TS3",1,"CD_TS3_1",2.5,"D",2109.04144,3.04110480694912e-05,9
"20260220_075",2026-02-20,"PT","TS3",2,"PT_TS3_2",2.5,"P",671.91608,7.92010997226679e-05,9
"20260220_075",2026-02-20,"PT","TS3",2,"PT_TS3_2",2.5,"T",805.39712,6.56610527395919e-06,9
"20260220_076",2026-02-20,"PT","TS3",1,"PT_TS3_1",2.5,"P",1161.5516,0.00015774553312608,9
"20260220_076",2026-02-20,"PT","TS3",1,"PT_TS3_1",2.5,"T",1026.02016,8.71526863036995e-06,9
"20260220_077",2026-02-20,"CDPT","TS3",3,"CDPT_TS3_3",2.5,"C",76.89,2.86768647207625e-06,9
"20260220_077",2026-02-20,"CDPT","TS3",3,"CDPT_TS3_3",2.5,"D",325.19344,3.37664530078025e-06,9
"20260220_077",2026-02-20,"CDPT","TS3",3,"CDPT_TS3_3",2.5,"P",542.74088,7.15062782506505e-05,9
"20260220_077",2026-02-20,"CDPT","TS3",3,"CDPT_TS3_3",2.5,"T",584.15896,8.32857158415548e-06,9
"20260220_078",2026-02-20,"CDPT","TS3",1,"CDPT_TS3_1",2.5,"C",98.62424,3.99030220151208e-06,9
"20260220_078",2026-02-20,"CDPT","TS3",1,"CDPT_TS3_1",2.5,"D",382.60464,4.00574980447258e-06,9
"20260220_078",2026-02-20,"CDPT","TS3",1,"CDPT_TS3_1",2.5,"P",639.31472,0.00010490391979444,9
"20260220_078",2026-02-20,"CDPT","TS3",1,"CDPT_TS3_1",2.5,"T",1207.27552,1.15619278236557e-05,9
"20260220_079",2026-02-20,"DPT","TS3",1,"DPT_TS3_1",2.5,"D",818.72472,8.1915792598712e-06,9
"20260220_079",2026-02-20,"DPT","TS3",1,"DPT_TS3_1",2.5,"P",557.29872,7.49335310974384e-05,9
"20260220_079",2026-02-20,"DPT","TS3",1,"DPT_TS3_1",2.5,"T",970.65936,8.82630515070369e-06,9
"20260220_080",2026-02-20,"CLT","TS3",2,"CLT_TS3_2",2.5,"C",171.61848,9.09697623116573e-06,9
"20260220_080",2026-02-20,"CLT","TS3",2,"CLT_TS3_2",2.5,"L",1280.4748,1.10025235321345e-05,9
"20260220_080",2026-02-20,"CLT","TS3",2,"CLT_TS3_2",2.5,"T",565.09024,8.48622371802583e-06,9
"20260220_081",2026-02-20,"LT","TS3",2,"LT_TS3_2",2.5,"L",1501.71296,1.58769607867615e-05,9
"20260220_081",2026-02-20,"LT","TS3",2,"LT_TS3_2",2.5,"T",1365.36136,1.64426695210566e-05,9
"20260220_082",2026-02-20,"PT","TS4",1,"PT_TS4_1",2.5,"P",1078.10032,0.00015537851161233,9
"20260220_082",2026-02-20,"PT","TS4",1,"PT_TS4_1",2.5,"T",849.8908,6.79786403725166e-06,9
"20260220_083",2026-02-20,"DPT","TS4",2,"DPT_TS4_2",2.5,"D",1002.6456,1.05986498805795e-05,9
"20260220_083",2026-02-20,"DPT","TS4",2,"DPT_TS4_2",2.5,"P",1023.76472,0.00013536343126548,9
"20260220_083",2026-02-20,"DPT","TS4",2,"DPT_TS4_2",2.5,"T",1318.61224,1.36371718298295e-05,9
"20260220_084",2026-02-20,"CDLP","TS4",3,"CDLP_TS4_3",2.5,"C",182.4856,1.29470490654408e-05,9
"20260220_084",2026-02-20,"CDLP","TS4",3,"CDLP_TS4_3",2.5,"D",1524.88248,1.67191387116192e-05,9
"20260220_084",2026-02-20,"CDLP","TS4",3,"CDLP_TS4_3",2.5,"L",498.04216,3.30114941297639e-06,9
"20260220_084",2026-02-20,"CDLP","TS4",3,"CDLP_TS4_3",2.5,"P",860.55288,0.000141104894511,9
"20260220_085",2026-02-20,"PT","TS4",2,"PT_TS4_2",2.5,"P",1721.92592,0.00023144924111732,9
"20260220_085",2026-02-20,"PT","TS4",2,"PT_TS4_2",2.5,"T",975.9904,7.6218751516106e-06,9
"20260220_086",2026-02-20,"CDPT","TS4",1,"CDPT_TS4_1",2.5,"C",159.31608,8.10608972986333e-06,9
"20260220_086",2026-02-20,"CDPT","TS4",1,"CDPT_TS4_1",2.5,"D",501.3228,6.38491477956643e-06,9
"20260220_086",2026-02-20,"CDPT","TS4",1,"CDPT_TS4_1",2.5,"P",770.13024,0.0001204543358761,9
"20260220_086",2026-02-20,"CDPT","TS4",1,"CDPT_TS4_1",2.5,"T",1093.06824,1.4192362329455e-05,9
"20260220_087",2026-02-20,"PT","TS4",3,"PT_TS4_3",2.5,"P",1304.66952,0.00018331078612061,9
"20260220_087",2026-02-20,"PT","TS4",3,"PT_TS4_3",2.5,"T",1062.51728,9.1518003733574e-06,9
"20260220_088",2026-02-20,"DPT","TS4",3,"DPT_TS4_3",2.5,"D",794.53,1.00486251406541e-05,9
"20260220_088",2026-02-20,"DPT","TS4",3,"DPT_TS4_3",2.5,"P",653.66752,9.20194440495726e-05,9
"20260220_088",2026-02-20,"DPT","TS4",3,"DPT_TS4_3",2.5,"T",1324.5584,1.48772393416088e-05,9
"20260220_089",2026-02-20,"CDLT","TS4",2,"CDLT_TS4_2",2.5,"C",105.18552,6.74887056508603e-06,9
"20260220_089",2026-02-20,"CDLT","TS4",2,"CDLT_TS4_2",2.5,"D",1114.18736,1.48477588751501e-05,9
"20260220_089",2026-02-20,"CDLT","TS4",2,"CDLT_TS4_2",2.5,"L",858.91256,6.37027540755648e-06,9
"20260220_089",2026-02-20,"CDLT","TS4",2,"CDLT_TS4_2",2.5,"T",734.65832,8.11075459699305e-06,9
"20260220_090",2026-02-20,"CDPT","TS4",2,"CDPT_TS4_2",2.5,"C",134.09616,6.97883486247664e-06,9
"20260220_090",2026-02-20,"CDPT","TS4",2,"CDPT_TS4_2",2.5,"D",425.25296,7.09892195361896e-06,9
"20260220_090",2026-02-20,"CDPT","TS4",2,"CDPT_TS4_2",2.5,"P",696.1108,0.00011447993051956,9
"20260220_090",2026-02-20,"CDPT","TS4",2,"CDPT_TS4_2",2.5,"T",897.87016,1.01865224432975e-05,9
"20260220_091",2026-02-20,"CLT","TS4",1,"CLT_TS4_1",2.5,"C",201.55432,1.35666813177034e-05,9
"20260220_091",2026-02-20,"CLT","TS4",1,"CLT_TS4_1",2.5,"L",1468.70152,1.27215694758476e-05,9
"20260220_091",2026-02-20,"CLT","TS4",1,"CLT_TS4_1",2.5,"T",471.18192,5.36914061563795e-06,9
"20260220_092",2026-02-20,"LP","TS4",3,"LP_TS4_3",2.5,"L",2164.1972,1.5510236733202e-05,9
"20260220_092",2026-02-20,"LP","TS4",3,"LP_TS4_3",2.5,"P",1007.56656,0.00015612111920183,9
"20260220_093",2026-02-20,"CLT","TS4",3,"CLT_TS4_3",2.5,"C",108.87624,7.90072188782306e-06,9
"20260220_093",2026-02-20,"CLT","TS4",3,"CLT_TS4_3",2.5,"L",1094.50352,1.00920569330508e-05,9
"20260220_093",2026-02-20,"CLT","TS4",3,"CLT_TS4_3",2.5,"T",478.7684,6.71062814107988e-06,9
"20260220_094",2026-02-20,"CDLP","TS4",2,"CDLP_TS4_2",2.5,"C",118.71816,5.57465895492817e-06,9
"20260220_094",2026-02-20,"CDLP","TS4",2,"CDLP_TS4_2",2.5,"D",1182.26064,1.41637105905639e-05,9
"20260220_094",2026-02-20,"CDLP","TS4",2,"CDLP_TS4_2",2.5,"L",721.33072,5.24284774969845e-06,9
"20260220_094",2026-02-20,"CDLP","TS4",2,"CDLP_TS4_2",2.5,"P",842.91944,0.00012379482094022,9
"20260220_095",2026-02-20,"LP","TS4",2,"LP_TS4_2",2.5,"L",1740.37952,1.23497689614221e-05,9
"20260220_095",2026-02-20,"LP","TS4",2,"LP_TS4_2",2.5,"P",1001.21032,0.00012684539905382,9
"20260220_096",2026-02-20,"CDLT","TS4",3,"CDLT_TS4_3",2.5,"C",117.48792,7.87272081246963e-06,9
"20260220_096",2026-02-20,"CDLT","TS4",3,"CDLT_TS4_3",2.5,"D",1114.80248,1.57724758733988e-05,9
"20260220_096",2026-02-20,"CDLT","TS4",3,"CDLT_TS4_3",2.5,"L",512.80504,4.0069845360642e-06,9
"20260220_096",2026-02-20,"CDLT","TS4",3,"CDLT_TS4_3",2.5,"T",473.84744,7.1041102802939e-06,9
"20260220_097",2026-02-20,"LP","TS4",1,"LP_TS4_1",2.5,"L",2244.77792,1.53312999575324e-05,9
"20260220_097",2026-02-20,"LP","TS4",1,"LP_TS4_1",2.5,"P",911.60784,0.00011908603840936,9
"20260220_098",2026-02-20,"CDLT","TS4",1,"CDLT_TS4_1",2.5,"C",90.01256,8.13149350752254e-06,9
"20260220_098",2026-02-20,"CDLT","TS4",1,"CDLT_TS4_1",2.5,"D",813.59872,1.15950041206948e-05,9
"20260220_098",2026-02-20,"CDLT","TS4",1,"CDLT_TS4_1",2.5,"L",774.23104,8.20148357798913e-06,9
"20260220_098",2026-02-20,"CDLT","TS4",1,"CDLT_TS4_1",2.5,"T",467.28616,5.673021277062e-06,9
"20260220_099",2026-02-20,"CDLP","TS4",1,"CDLP_TS4_1",2.5,"C",99.23936,4.50684608071502e-06,9
"20260220_099",2026-02-20,"CDLP","TS4",1,"CDLP_TS4_1",2.5,"D",1356.13456,1.26280707362002e-05,9
"20260220_099",2026-02-20,"CDLP","TS4",1,"CDLP_TS4_1",2.5,"L",659.81872,4.40567457679104e-06,9
"20260220_099",2026-02-20,"CDLP","TS4",1,"CDLP_TS4_1",2.5,"P",999.98008,0.00013373267546051,9
"20260220_100",2026-02-20,"DPT","TS4",1,"DPT_TS4_1",2.5,"D",770.33528,9.65160612779725e-06,9
"20260220_100",2026-02-20,"DPT","TS4",1,"DPT_TS4_1",2.5,"P",1379.9192,0.00021260140378576,9
"20260220_100",2026-02-20,"DPT","TS4",1,"DPT_TS4_1",2.5,"T",1740.99464,1.92204375077069e-05,9
"20260220_101",2026-02-20,"LT","TS4",1,"LT_TS4_1",2.5,"L",1528.98328,1.62671037534253e-05,9
"20260220_101",2026-02-20,"LT","TS4",1,"LT_TS4_1",2.5,"T",1907.07704,2.34917073565421e-05,9
"20260220_102",2026-02-20,"CDPT","TS4",3,"CDPT_TS4_3",2.5,"C",106.6208,6.56193147886666e-06,9
"20260220_102",2026-02-20,"CDPT","TS4",3,"CDPT_TS4_3",2.5,"D",205.24504,2.29604360379471e-06,9
"20260220_102",2026-02-20,"CDPT","TS4",3,"CDPT_TS4_3",2.5,"P",825.69608,0.00012950039835322,9
"20260220_102",2026-02-20,"CDPT","TS4",3,"CDPT_TS4_3",2.5,"T",1057.39128,1.28306401418302e-05,9
"20260220_103",2026-02-20,"LPT","TS4",1,"LPT_TS4_1",2.5,"L",1401.65344,9.86567916174381e-06,9
"20260220_103",2026-02-20,"LPT","TS4",1,"LPT_TS4_1",2.5,"P",509.72944,8.13005570024976e-05,9
"20260220_103",2026-02-20,"LPT","TS4",1,"LPT_TS4_1",2.5,"T",678.06728,4.64249459075296e-06,9
"20260220_104",2026-02-20,"LT","TS4",3,"LT_TS4_3",2.5,"L",2014.92808,2.25808606331243e-05,9
"20260220_104",2026-02-20,"LT","TS4",3,"LT_TS4_3",2.5,"T",2596.62656,3.09859732044965e-05,9
"20260220_105",2026-02-20,"LT","TS4",2,"LT_TS4_2",2.5,"L",1871.60512,1.98465433347135e-05,9
"20260220_105",2026-02-20,"LT","TS4",2,"LT_TS4_2",2.5,"T",1606.28336,1.90467447456527e-05,9
"20260220_106",2026-02-20,"CLT","TS4",2,"CLT_TS4_2",2.5,"C",103.5452,7.73438984026438e-06,9
"20260220_106",2026-02-20,"CLT","TS4",2,"CLT_TS4_2",2.5,"L",1282.5252,1.22387131337258e-05,9
"20260220_106",2026-02-20,"CLT","TS4",2,"CLT_TS4_2",2.5,"T",792.68464,1.04537359864485e-05,9
"20260220_107",2026-02-20,"LPT","TS4",2,"LPT_TS4_2",2.5,"L",1123.82424,9.63304961167124e-06,9
"20260220_107",2026-02-20,"LPT","TS4",2,"LPT_TS4_2",2.5,"P",928.01104,0.00015094121259633,9
"20260220_107",2026-02-20,"LPT","TS4",2,"LPT_TS4_2",2.5,"T",878.80144,7.45997145877652e-06,9
"20260220_108",2026-02-20,"LPT","TS4",3,"LPT_TS4_3",2.5,"L",1357.56984,9.81145696697608e-06,9
"20260220_108",2026-02-20,"LPT","TS4",3,"LPT_TS4_3",2.5,"P",975.58032,0.00015008733800304,9
"20260220_108",2026-02-20,"LPT","TS4",3,"LPT_TS4_3",2.5,"T",990.3432,9.16384043515644e-06,9
"20260223_001",2026-02-23,"DLPT","TS1",3,"DLPT_TS1_3",2.5,"D",257.53024,2.55137425912079e-06,12
"20260223_001",2026-02-23,"DLPT","TS1",3,"DLPT_TS1_3",2.5,"L",171.61848,1.05477464032627e-06,12
"20260223_001",2026-02-23,"DLPT","TS1",3,"DLPT_TS1_3",2.5,"P",1233.3156,0.00014666778298451,12
"20260223_001",2026-02-23,"DLPT","TS1",3,"DLPT_TS1_3",2.5,"T",1159.5012,9.0866538806916e-06,12
"20260223_002",2026-02-23,"LPT","TS1",1,"LPT_TS1_1",2.5,"L",325.80856,1.80750646114497e-06,12
"20260223_002",2026-02-23,"LPT","TS1",1,"LPT_TS1_1",2.5,"P",1030.326,0.00011642952451276,12
"20260223_002",2026-02-23,"LPT","TS1",1,"LPT_TS1_1",2.5,"T",787.96872,5.11397868681775e-06,12
"20260223_003",2026-02-23,"DLPT","TS1",2,"DLPT_TS1_2",2.5,"D",378.50384,3.16576564317366e-06,12
"20260223_003",2026-02-23,"DLPT","TS1",2,"DLPT_TS1_2",2.5,"L",105.18552,5.26495377580414e-07,12
"20260223_003",2026-02-23,"DLPT","TS1",2,"DLPT_TS1_2",2.5,"P",612.65952,8.01638153667702e-05,12
"20260223_003",2026-02-23,"DLPT","TS1",2,"DLPT_TS1_2",2.5,"T",1406.5744,1.10953651019051e-05,12
"20260223_004",2026-02-23,"CD","TS1",3,"CD_TS1_3",2.5,"C",0,0,12
"20260223_004",2026-02-23,"CD","TS1",3,"CD_TS1_3",2.5,"D",1738.7392,2.04891272527501e-05,12
"20260223_005",2026-02-23,"CLT","TS1",1,"CLT_TS1_1",2.5,"C",133.276,5.90479562649073e-06,12
"20260223_005",2026-02-23,"CLT","TS1",1,"CLT_TS1_1",2.5,"L",536.38464,3.58424582028572e-06,12
"20260223_005",2026-02-23,"CLT","TS1",1,"CLT_TS1_1",2.5,"T",927.39592,7.21581717020199e-06,12
"20260223_006",2026-02-23,"DPT","TS1",3,"DPT_TS1_3",2.5,"D",337.49584,2.5915354201181e-06,12
"20260223_006",2026-02-23,"DPT","TS1",3,"DPT_TS1_3",2.5,"P",871.62504,9.59523741869728e-05,12
"20260223_006",2026-02-23,"DPT","TS1",3,"DPT_TS1_3",2.5,"T",958.35696,7.87943870107839e-06,12
"20260223_007",2026-02-23,"CLT","TS1",2,"CLT_TS1_2",2.5,"C",80.9908,3.41750641081247e-06,12
"20260223_007",2026-02-23,"CLT","TS1",2,"CLT_TS1_2",2.5,"L",573.49688,3.48034417336086e-06,12
"20260223_007",2026-02-23,"CLT","TS1",2,"CLT_TS1_2",2.5,"T",956.5116,7.18860600996984e-06,12
"20260223_008",2026-02-23,"CDLP","TS1",2,"CDLP_TS1_2",2.5,"C",117.69296,4.58234816814731e-06,12
"20260223_008",2026-02-23,"CDLP","TS1",2,"CDLP_TS1_2",2.5,"D",916.11872,9.91907898690092e-06,12
"20260223_008",2026-02-23,"CDLP","TS1",2,"CDLP_TS1_2",2.5,"L",236.00104,1.95391624138226e-06,12
"20260223_008",2026-02-23,"CDLP","TS1",2,"CDLP_TS1_2",2.5,"P",775.87136,9.07832110246427e-05,12
"20260223_009",2026-02-23,"PT","TS1",1,"PT_TS1_1",2.5,"P",1614.69,0.00016887374536046,12
"20260223_009",2026-02-23,"PT","TS1",1,"PT_TS1_1",2.5,"T",502.75808,3.36251249026466e-06,12
"20260223_010",2026-02-23,"LPT","TS1",2,"LPT_TS1_2",2.5,"L",250.76392,1.2940455978951e-06,12
"20260223_010",2026-02-23,"LPT","TS1",2,"LPT_TS1_2",2.5,"P",800.6812,9.90103509126553e-05,12
"20260223_010",2026-02-23,"LPT","TS1",2,"LPT_TS1_2",2.5,"T",778.1268,4.9674631726159e-06,12
"20260223_011",2026-02-23,"CDLT","TS1",3,"CDLT_TS1_3",2.5,"C",51.26,2.85306688110983e-06,12
"20260223_011",2026-02-23,"CDLT","TS1",3,"CDLT_TS1_3",2.5,"D",607.9436,6.23531533847059e-06,12
"20260223_011",2026-02-23,"CDLT","TS1",3,"CDLT_TS1_3",2.5,"L",475.28272,2.70142233460845e-06,12
"20260223_011",2026-02-23,"CDLT","TS1",3,"CDLT_TS1_3",2.5,"T",1172.62376,1.28161905809145e-05,12
"20260223_012",2026-02-23,"DLPT","TS1",1,"DLPT_TS1_1",2.5,"D",393.26672,2.84977869730423e-06,12
"20260223_012",2026-02-23,"DLPT","TS1",1,"DLPT_TS1_1",2.5,"L",264.5016,1.45062384131898e-06,12
"20260223_012",2026-02-23,"DLPT","TS1",1,"DLPT_TS1_1",2.5,"P",583.3388,8.39686716612389e-05,12
"20260223_012",2026-02-23,"DLPT","TS1",1,"DLPT_TS1_1",2.5,"T",857.68232,7.39573602117862e-06,12
"20260223_013",2026-02-23,"LT","TS1",3,"LT_TS1_3",2.5,"L",450.88296,3.4054131090851e-06,12
"20260223_013",2026-02-23,"LT","TS1",3,"LT_TS1_3",2.5,"T",2000.57528,2.00045149368605e-05,12
"20260223_014",2026-02-23,"CDLT","TS1",2,"CDLT_TS1_2",2.5,"C",57.82128,4.61597324911285e-06,12
"20260223_014",2026-02-23,"CDLT","TS1",2,"CDLT_TS1_2",2.5,"D",550.32736,4.55828673105934e-06,12
"20260223_014",2026-02-23,"CDLT","TS1",2,"CDLT_TS1_2",2.5,"L",743.06496,3.94092505182143e-06,12
"20260223_014",2026-02-23,"CDLT","TS1",2,"CDLT_TS1_2",2.5,"T",1412.52056,1.24461966245617e-05,12
"20260223_015",2026-02-23,"LT","TS1",2,"LT_TS1_2",2.5,"L",848.45552,8.05384221970488e-06,12
"20260223_015",2026-02-23,"LT","TS1",2,"LT_TS1_2",2.5,"T",2270.20288,2.35842973288303e-05,12
"20260223_016",2026-02-23,"CDLT","TS1",1,"CDLT_TS1_1",2.5,"C",51.26,3.08844294563078e-06,12
"20260223_016",2026-02-23,"CDLT","TS1",1,"CDLT_TS1_1",2.5,"D",345.4924,2.4152022908122e-06,12
"20260223_016",2026-02-23,"CDLT","TS1",1,"CDLT_TS1_1",2.5,"L",308.38016,1.91068809337155e-06,12
"20260223_016",2026-02-23,"CDLT","TS1",1,"CDLT_TS1_1",2.5,"T",1468.0864,1.36504600248979e-05,12
"20260223_017",2026-02-23,"DPT","TS1",1,"DPT_TS1_1",2.5,"D",291.1568,2.76429270091101e-06,12
"20260223_017",2026-02-23,"DPT","TS1",1,"DPT_TS1_1",2.5,"P",1102.09,0.00013394786871225,12
"20260223_017",2026-02-23,"DPT","TS1",1,"DPT_TS1_1",2.5,"T",1086.712,9.84592162615693e-06,12
"20260223_018",2026-02-23,"DPT","TS1",2,"DPT_TS1_2",2.5,"D",457.44424,3.19088507479391e-06,12
"20260223_018",2026-02-23,"DPT","TS1",2,"DPT_TS1_2",2.5,"P",898.89536,0.00010166379523457,12
"20260223_018",2026-02-23,"DPT","TS1",2,"DPT_TS1_2",2.5,"T",1136.53672,9.50867448986574e-06,12
"20260223_019",2026-02-23,"PT","TS1",3,"PT_TS1_3",2.5,"P",1461.9352,0.00015562814108716,12
"20260223_019",2026-02-23,"PT","TS1",3,"PT_TS1_3",2.5,"T",602.20248,5.08489433519408e-06,12
"20260223_020",2026-02-23,"CDLP","TS1",1,"CDLP_TS1_1",2.5,"C",118.30808,7.70467953752152e-06,12
"20260223_020",2026-02-23,"CDLP","TS1",1,"CDLP_TS1_1",2.5,"D",679.09248,5.40028863292148e-06,12
"20260223_020",2026-02-23,"CDLP","TS1",1,"CDLP_TS1_1",2.5,"L",474.25752,2.66186377990544e-06,12
"20260223_020",2026-02-23,"CDLP","TS1",1,"CDLP_TS1_1",2.5,"P",969.01904,0.00012224419177104,12
"20260223_021",2026-02-23,"CDLP","TS1",3,"CDLP_TS1_3",2.5,"C",76.68496,2.99451561780958e-06,12
"20260223_021",2026-02-23,"CDLP","TS1",3,"CDLP_TS1_3",2.5,"D",1028.2756,9.68572867800013e-06,12
"20260223_021",2026-02-23,"CDLP","TS1",3,"CDLP_TS1_3",2.5,"L",507.88408,2.95183131125144e-06,12
"20260223_021",2026-02-23,"CDLP","TS1",3,"CDLP_TS1_3",2.5,"P",859.1176,0.00011531997581103,12
"20260223_022",2026-02-23,"CD","TS1",1,"CD_TS1_1",2.5,"C",91.03776,4.79204547907466e-06,12
"20260223_022",2026-02-23,"CD","TS1",1,"CD_TS1_1",2.5,"D",1901.33592,2.2225944580557e-05,12
"20260223_023",2026-02-23,"LPT","TS1",3,"LPT_TS1_3",2.5,"L",290.95176,1.91260140910086e-06,12
"20260223_023",2026-02-23,"LPT","TS1",3,"LPT_TS1_3",2.5,"P",808.8828,0.00010652629846359,12
"20260223_023",2026-02-23,"LPT","TS1",3,"LPT_TS1_3",2.5,"T",999.57,6.88385723229925e-06,12
"20260223_024",2026-02-23,"LT","TS1",1,"LT_TS1_1",2.5,"L",697.75112,6.43044006313553e-06,12
"20260223_024",2026-02-23,"LT","TS1",1,"LT_TS1_1",2.5,"T",2441.41128,2.29137953001138e-05,12
"20260223_025",2026-02-23,"CLT","TS1",3,"CLT_TS1_3",2.5,"C",278.03424,1.39974527235046e-05,12
"20260223_025",2026-02-23,"CLT","TS1",3,"CLT_TS1_3",2.5,"L",616.35024,5.10583783816323e-06,12
"20260223_025",2026-02-23,"CLT","TS1",3,"CLT_TS1_3",2.5,"T",1117.67304,1.85710016228203e-05,12
"20260223_026",2026-02-23,"CD","TS1",2,"CD_TS1_2",2.5,"C",121.38368,3.65793157457313e-06,12
"20260223_026",2026-02-23,"CD","TS1",2,"CD_TS1_2",2.5,"D",1291.752,1.3305607012869e-05,12
"20260223_027",2026-02-23,"PT","TS1",2,"PT_TS1_2",2.5,"P",985.2172,0.00011768758965963,12
"20260223_027",2026-02-23,"PT","TS1",2,"PT_TS1_2",2.5,"T",857.68232,6.2964725024539e-06,12
"20260223_028",2026-02-23,"CLT","TS2",1,"CLT_TS2_1",2.5,"C",147.6288,9.19451388797733e-06,12
"20260223_028",2026-02-23,"CLT","TS2",1,"CLT_TS2_1",2.5,"L",801.91144,5.42949003225267e-06,12
"20260223_028",2026-02-23,"CLT","TS2",1,"CLT_TS2_1",2.5,"T",903.40624,1.00312717290601e-05,12
"20260223_029",2026-02-23,"CP","TS2",1,"CP_TS2_1",2.5,"C",383.01472,1.74065821503528e-05,12
"20260223_029",2026-02-23,"CP","TS2",1,"CP_TS2_1",2.5,"P",877.5712,0.00010786707805826,12
"20260223_030",2026-02-23,"CDPT","TS2",1,"CDPT_TS2_1",2.5,"C",114.20728,5.78635466333125e-06,12
"20260223_030",2026-02-23,"CDPT","TS2",1,"CDPT_TS2_1",2.5,"D",549.91728,4.58095477995242e-06,12
"20260223_030",2026-02-23,"CDPT","TS2",1,"CDPT_TS2_1",2.5,"P",777.71672,9.8203901611238e-05,12
"20260223_030",2026-02-23,"CDPT","TS2",1,"CDPT_TS2_1",2.5,"T",922.26992,1.00503518639928e-05,12
"20260223_031",2026-02-23,"CDPT","TS2",3,"CDPT_TS2_3",2.5,"C",83.86136,4.37754268913879e-06,12
"20260223_031",2026-02-23,"CDPT","TS2",3,"CDPT_TS2_3",2.5,"D",355.7444,3.47799090798783e-06,12
"20260223_031",2026-02-23,"CDPT","TS2",3,"CDPT_TS2_3",2.5,"P",615.73512,8.117228162086e-05,12
"20260223_031",2026-02-23,"CDPT","TS2",3,"CDPT_TS2_3",2.5,"T",903.81632,1.05776960409551e-05,12
"20260223_032",2026-02-23,"LT","TS2",3,"LT_TS2_3",2.5,"L",815.034,6.77742335285151e-06,12
"20260223_032",2026-02-23,"LT","TS2",3,"LT_TS2_3",2.5,"T",1947.88,1.98212456589857e-05,12
"20260223_033",2026-02-23,"PT","TS2",3,"PT_TS2_3",2.5,"P",1192.51264,0.00010149555053133,12
"20260223_033",2026-02-23,"PT","TS2",3,"PT_TS2_3",2.5,"T",1015.56312,8.23159824381094e-06,12
"20260223_034",2026-02-23,"DPT","TS2",3,"DPT_TS2_3",2.5,"D",414.79592,3.46686841604878e-06,12
"20260223_034",2026-02-23,"DPT","TS2",3,"DPT_TS2_3",2.5,"P",762.54376,8.49341234604566e-05,12
"20260223_034",2026-02-23,"DPT","TS2",3,"DPT_TS2_3",2.5,"T",1304.46448,1.05082008197543e-05,12
"20260223_035",2026-02-23,"PT","TS2",1,"PT_TS2_1",2.5,"P",862.60328,9.45639415017825e-05,12
"20260223_035",2026-02-23,"PT","TS2",1,"PT_TS2_1",2.5,"T",603.43272,4.67643921858982e-06,12
"20260223_036",2026-02-23,"CDLT","TS2",3,"CDLT_TS2_3",2.5,"C",50.43984,1.96800519140162e-06,12
"20260223_036",2026-02-23,"CDLT","TS2",3,"CDLT_TS2_3",2.5,"D",538.43504,5.81876563422266e-06,12
"20260223_036",2026-02-23,"CDLT","TS2",3,"CDLT_TS2_3",2.5,"L",519.57136,4.75629573087586e-06,12
"20260223_036",2026-02-23,"CDLT","TS2",3,"CDLT_TS2_3",2.5,"T",1051.24008,9.30414275281761e-06,12
"20260223_037",2026-02-23,"CDLP","TS2",2,"CDLP_TS2_2",2.5,"C",53.51544,3.59612630882203e-06,12
"20260223_037",2026-02-23,"CDLP","TS2",2,"CDLP_TS2_2",2.5,"D",958.35696,9.85987886001536e-06,12
"20260223_037",2026-02-23,"CDLP","TS2",2,"CDLP_TS2_2",2.5,"L",900.1256,6.11317354721422e-06,12
"20260223_037",2026-02-23,"CDLP","TS2",2,"CDLP_TS2_2",2.5,"P",390.19112,5.62696561293219e-05,12
"20260223_038",2026-02-23,"CDLT","TS2",2,"CDLT_TS2_2",2.5,"C",46.95416,3.94041674361412e-06,12
"20260223_038",2026-02-23,"CDLT","TS2",2,"CDLT_TS2_2",2.5,"D",636.85424,1.07408191611182e-05,12
"20260223_038",2026-02-23,"CDLT","TS2",2,"CDLT_TS2_2",2.5,"L",450.26784,5.86630010580231e-06,12
"20260223_038",2026-02-23,"CDLT","TS2",2,"CDLT_TS2_2",2.5,"T",978.86096,8.64943876681217e-06,12
"20260223_039",2026-02-23,"CDPT","TS2",2,"CDPT_TS2_2",2.5,"C",51.26,1.99850266138867e-06,12
"20260223_039",2026-02-23,"CDPT","TS2",2,"CDPT_TS2_2",2.5,"D",196.22328,1.77170416141256e-06,12
"20260223_039",2026-02-23,"CDPT","TS2",2,"CDPT_TS2_2",2.5,"P",613.0696,8.53673150019031e-05,12
"20260223_039",2026-02-23,"CDPT","TS2",2,"CDPT_TS2_2",2.5,"T",1393.86192,1.83678398991047e-05,12
"20260223_040",2026-02-23,"CLT","TS2",3,"CLT_TS2_3",2.5,"C",92.88312,4.59633070252331e-06,12
"20260223_040",2026-02-23,"CLT","TS2",3,"CLT_TS2_3",2.5,"L",997.5196,8.8529368016784e-06,12
"20260223_040",2026-02-23,"CLT","TS2",3,"CLT_TS2_3",2.5,"T",758.44296,8.24266507345329e-06,12
"20260223_041",2026-02-23,"PT","TS2",2,"PT_TS2_2",2.5,"P",1179.39008,0.00014439910493183,12
"20260223_041",2026-02-23,"PT","TS2",2,"PT_TS2_2",2.5,"T",726.04664,5.11885881375522e-06,12
"20260223_042",2026-02-23,"DLP","TS2",3,"DLP_TS2_3",2.5,"D",1035.24696,8.3605296493662e-06,12
"20260223_042",2026-02-23,"DLP","TS2",3,"DLP_TS2_3",2.5,"L",982.75672,6.02701230217316e-06,12
"20260223_042",2026-02-23,"DLP","TS2",3,"DLP_TS2_3",2.5,"P",805.60216,9.77473831434925e-05,12
"20260223_043",2026-02-23,"CDLP","TS2",1,"CDLP_TS2_1",2.5,"C",83.24624,4.82983698476401e-06,12
"20260223_043",2026-02-23,"CDLP","TS2",1,"CDLP_TS2_1",2.5,"D",1214.24688,1.40060748418218e-05,12
"20260223_043",2026-02-23,"CDLP","TS2",1,"CDLP_TS2_1",2.5,"L",487.58512,3.34115943033892e-06,12
"20260223_043",2026-02-23,"CDLP","TS2",1,"CDLP_TS2_1",2.5,"P",614.70992,8.3879501891446e-05,12
"20260223_044",2026-02-23,"LT","TS2",2,"LT_TS2_2",2.5,"L",1497.8172,1.33037203971711e-05,12
"20260223_044",2026-02-23,"LT","TS2",2,"LT_TS2_2",2.5,"T",1357.56984,1.65299051355798e-05,12
"20260223_045",2026-02-23,"CLT","TS2",2,"CLT_TS2_2",2.5,"C",198.27368,1.13094271346664e-05,12
"20260223_045",2026-02-23,"CLT","TS2",2,"CLT_TS2_2",2.5,"L",944.82432,6.37041982805148e-06,12
"20260223_045",2026-02-23,"CLT","TS2",2,"CLT_TS2_2",2.5,"T",585.79928,6.02581822856488e-06,12
"20260223_046",2026-02-23,"DPT","TS2",1,"DPT_TS2_1",2.5,"D",404.33888,3.29912185456941e-06,12
"20260223_046",2026-02-23,"DPT","TS2",1,"DPT_TS2_1",2.5,"P",888.8484,0.00010257647256918,12
"20260223_046",2026-02-23,"DPT","TS2",1,"DPT_TS2_1",2.5,"T",1446.76224,1.24798845093716e-05,12
"20260223_047",2026-02-23,"DLP","TS2",2,"DLP_TS2_2",2.5,"D",1346.90776,1.10455175924562e-05,12
"20260223_047",2026-02-23,"DLP","TS2",2,"DLP_TS2_2",2.5,"L",396.95744,2.33814645406158e-06,12
"20260223_047",2026-02-23,"DLP","TS2",2,"DLP_TS2_2",2.5,"P",595.84624,7.25500639654276e-05,12
"20260223_048",2026-02-23,"DPT","TS2",2,"DPT_TS2_2",2.5,"D",323.75816,2.40090606249649e-06,12
"20260223_048",2026-02-23,"DPT","TS2",2,"DPT_TS2_2",2.5,"P",671.30096,7.78103148638673e-05,12
"20260223_048",2026-02-23,"DPT","TS2",2,"DPT_TS2_2",2.5,"T",1489.41056,1.33093194527763e-05,12
"20260223_049",2026-02-23,"CP","TS2",3,"CP_TS2_3",2.5,"C",308.99528,9.75947294383556e-06,12
"20260223_049",2026-02-23,"CP","TS2",3,"CP_TS2_3",2.5,"P",831.23216,0.00010713140605811,12
"20260223_050",2026-02-23,"CP","TS2",2,"CP_TS2_2",2.5,"C",272.49816,8.69587542972911e-06,12
"20260223_050",2026-02-23,"CP","TS2",2,"CP_TS2_2",2.5,"P",813.39368,8.14512048507965e-05,12
"20260223_051",2026-02-23,"CDLT","TS2",1,"CDLT_TS2_1",2.5,"C",69.7136,2.41065534471994e-06,12
"20260223_051",2026-02-23,"CDLT","TS2",1,"CDLT_TS2_1",2.5,"D",617.1704,5.92169917499497e-06,12
"20260223_051",2026-02-23,"CDLT","TS2",1,"CDLT_TS2_1",2.5,"L",340.57144,1.85233356333838e-06,12
"20260223_051",2026-02-23,"CDLT","TS2",1,"CDLT_TS2_1",2.5,"T",1560.3544,1.54500980882332e-05,12
"20260223_052",2026-02-23,"CDLP","TS2",3,"CDLP_TS2_3",2.5,"C",40.39288,1.88560167560534e-06,12
"20260223_052",2026-02-23,"CDLP","TS2",3,"CDLP_TS2_3",2.5,"D",711.69384,6.84963180963461e-06,12
"20260223_052",2026-02-23,"CDLP","TS2",3,"CDLP_TS2_3",2.5,"L",790.4292,4.97647832326192e-06,12
"20260223_052",2026-02-23,"CDLP","TS2",3,"CDLP_TS2_3",2.5,"P",673.76144,9.24680845690148e-05,12
"20260223_053",2026-02-23,"DLP","TS2",1,"DLP_TS2_1",2.5,"D",955.28136,9.64276149940434e-06,12
"20260223_053",2026-02-23,"DLP","TS2",1,"DLP_TS2_1",2.5,"L",1188.61688,8.4805656033021e-06,12
"20260223_053",2026-02-23,"DLP","TS2",1,"DLP_TS2_1",2.5,"P",662.2792,9.88287465793279e-05,12
"20260223_054",2026-02-23,"LT","TS2",1,"LT_TS2_1",2.5,"L",878.80144,7.92439328661045e-06,12
"20260223_054",2026-02-23,"LT","TS2",1,"LT_TS2_1",2.5,"T",1528.77824,1.60287520728461e-05,12
"20260223_055",2026-02-23,"CDLP","TS3",3,"CDLP_TS3_3",2.5,"C",150.7044,2.89339347051182e-06,12
"20260223_055",2026-02-23,"CDLP","TS3",3,"CDLP_TS3_3",2.5,"D",523.46712,5.40635774042298e-06,12
"20260223_055",2026-02-23,"CDLP","TS3",3,"CDLP_TS3_3",2.5,"L",213.65168,3.39768180903954e-06,12
"20260223_055",2026-02-23,"CDLP","TS3",3,"CDLP_TS3_3",2.5,"P",561.60456,5.91757620425126e-05,12
"20260223_056",2026-02-23,"CDPT","TS3",2,"CDPT_TS3_2",2.5,"C",45.1088,2.21437812176198e-06,12
"20260223_056",2026-02-23,"CDPT","TS3",2,"CDPT_TS3_2",2.5,"D",273.31832,3.2582334902133e-06,12
"20260223_056",2026-02-23,"CDPT","TS3",2,"CDPT_TS3_2",2.5,"P",536.99976,8.30517327527764e-05,12
"20260223_056",2026-02-23,"CDPT","TS3",2,"CDPT_TS3_2",2.5,"T",1219.988,1.1709664596572e-05,12
"20260223_057",2026-02-23,"CDLT","TS3",2,"CDLT_TS3_2",2.5,"C",45.1088,8.49886528450237e-07,12
"20260223_057",2026-02-23,"CDLT","TS3",2,"CDLT_TS3_2",2.5,"D",200.11904,1.69897949060589e-06,12
"20260223_057",2026-02-23,"CDLT","TS3",2,"CDLT_TS3_2",2.5,"L",380.96432,2.49820581557954e-06,12
"20260223_057",2026-02-23,"CDLT","TS3",2,"CDLT_TS3_2",2.5,"T",1163.602,9.66387755260694e-06,12
"20260223_058",2026-02-23,"LT","TS3",1,"LT_TS3_1",2.5,"L",1116.23776,1.07113107884625e-05,12
"20260223_058",2026-02-23,"LT","TS3",1,"LT_TS3_1",2.5,"T",1965.92352,2.06581628770062e-05,12
"20260223_059",2026-02-23,"LT","TS3",3,"LT_TS3_3",2.5,"L",1297.69816,1.16355202179725e-05,12
"20260223_059",2026-02-23,"LT","TS3",3,"LT_TS3_3",2.5,"T",1252.58936,1.22497963958673e-05,12
"20260223_060",2026-02-23,"CDLT","TS3",1,"CDLT_TS3_1",2.5,"C",25.63,1.24682965736429e-06,12
"20260223_060",2026-02-23,"CDLT","TS3",1,"CDLT_TS3_1",2.5,"D",538.23,5.26530768944212e-06,12
"20260223_060",2026-02-23,"CDLT","TS3",1,"CDLT_TS3_1",2.5,"L",331.34464,2.3768982519539e-06,12
"20260223_060",2026-02-23,"CDLT","TS3",1,"CDLT_TS3_1",2.5,"T",1524.06232,1.27914460701977e-05,12
"20260223_061",2026-02-23,"DLP","TS3",1,"DLP_TS3_1",2.5,"D",805.60216,5.99031123683898e-06,12
"20260223_061",2026-02-23,"DLP","TS3",1,"DLP_TS3_1",2.5,"L",611.42928,4.11797067626341e-06,12
"20260223_061",2026-02-23,"DLP","TS3",1,"DLP_TS3_1",2.5,"P",613.68472,6.24899558886239e-05,12
"20260223_062",2026-02-23,"DLP","TS3",2,"DLP_TS3_2",2.5,"D",1175.49432,1.00443572695248e-05,12
"20260223_062",2026-02-23,"DLP","TS3",2,"DLP_TS3_2",2.5,"L",398.39272,2.41346991313672e-06,12
"20260223_062",2026-02-23,"DLP","TS3",2,"DLP_TS3_2",2.5,"P",837.17832,9.69420989965375e-05,12
"20260223_063",2026-02-23,"DLP","TS3",3,"DLP_TS3_3",2.5,"D",1034.22176,8.37761966360278e-06,12
"20260223_063",2026-02-23,"DLP","TS3",3,"DLP_TS3_3",2.5,"L",474.25752,4.5155388100683e-06,12
"20260223_063",2026-02-23,"DLP","TS3",3,"DLP_TS3_3",2.5,"P",794.94008,6.9226815001546e-05,12
"20260223_064",2026-02-23,"DPT","TS3",2,"DPT_TS3_2",2.5,"D",246.45808,2.57253995653995e-06,12
"20260223_064",2026-02-23,"DPT","TS3",2,"DPT_TS3_2",2.5,"P",586.00432,7.85546495716165e-05,12
"20260223_064",2026-02-23,"DPT","TS3",2,"DPT_TS3_2",2.5,"T",1652.41736,1.42994812231565e-05,12
"20260223_065",2026-02-23,"CD","TS3",2,"CD_TS3_2",2.5,"C",43.3738461538462,9.94748973557348e-07,12
"20260223_065",2026-02-23,"CD","TS3",2,"CD_TS3_2",2.5,"D",1242.5424,1.39736196102673e-05,12
"20260223_066",2026-02-23,"CDLP","TS3",1,"CDLP_TS3_1",2.5,"C",124.0492,4.32221327486196e-06,12
"20260223_066",2026-02-23,"CDLP","TS3",1,"CDLP_TS3_1",2.5,"D",638.90464,5.89250302879974e-06,12
"20260223_066",2026-02-23,"CDLP","TS3",1,"CDLP_TS3_1",2.5,"L",175.92432,1.25692022096503e-06,12
"20260223_066",2026-02-23,"CDLP","TS3",1,"CDLP_TS3_1",2.5,"P",996.28936,0.00011692852810893,12
"20260223_067",2026-02-23,"CLT","TS3",1,"CLT_TS3_1",2.5,"C",123.22904,1.6143578655253e-06,12
"20260223_067",2026-02-23,"CLT","TS3",1,"CLT_TS3_1",2.5,"L",442.27128,3.30449967349222e-06,12
"20260223_067",2026-02-23,"CLT","TS3",1,"CLT_TS3_1",2.5,"T",1100.65472,9.01499058511158e-06,12
"20260223_068",2026-02-23,"CDLP","TS3",2,"CDLP_TS3_2",2.5,"C",56.386,2.00765152445519e-06,12
"20260223_068",2026-02-23,"CDLP","TS3",2,"CDLP_TS3_2",2.5,"D",711.07872,6.19843802244709e-06,12
"20260223_068",2026-02-23,"CDLP","TS3",2,"CDLP_TS3_2",2.5,"L",167.51768,2.09950927582964e-06,12
"20260223_068",2026-02-23,"CDLP","TS3",2,"CDLP_TS3_2",2.5,"P",610.40408,8.38713164309578e-05,12
"20260223_069",2026-02-23,"PT","TS3",3,"PT_TS3_3",2.5,"P",632.5484,6.27935419228585e-05,12
"20260223_069",2026-02-23,"PT","TS3",3,"PT_TS3_3",2.5,"T",574.112,4.13968587961364e-06,12
"20260223_070",2026-02-23,"CD","TS3",3,"CD_TS3_3",2.5,"C",78.12024,3.48645489551764e-06,12
"20260223_070",2026-02-23,"CD","TS3",3,"CD_TS3_3",2.5,"D",2048.14456,2.43294106912085e-05,12
"20260223_071",2026-02-23,"CDLT","TS3",3,"CDLT_TS3_3",2.5,"C",142.70784,5.97781879606214e-06,12
"20260223_071",2026-02-23,"CDLT","TS3",3,"CDLT_TS3_3",2.5,"D",572.47168,4.62317271589922e-06,12
"20260223_071",2026-02-23,"CDLT","TS3",3,"CDLT_TS3_3",2.5,"L",234.97584,1.24923671690696e-06,12
"20260223_071",2026-02-23,"CDLT","TS3",3,"CDLT_TS3_3",2.5,"T",1312.05096,1.19376718465827e-05,12
"20260223_072",2026-02-23,"DPT","TS3",3,"DPT_TS3_3",2.5,"D",333.60008,2.34775295986003e-06,12
"20260223_072",2026-02-23,"DPT","TS3",3,"DPT_TS3_3",2.5,"P",324.9884,4.18797442127758e-05,12
"20260223_072",2026-02-23,"DPT","TS3",3,"DPT_TS3_3",2.5,"T",1698.34632,1.28314507977605e-05,12
"20260223_073",2026-02-23,"CLT","TS3",3,"CLT_TS3_3",2.5,"C",184.94608,3.76289483848466e-06,12
"20260223_073",2026-02-23,"CLT","TS3",3,"CLT_TS3_3",2.5,"L",240.71696,1.14323560648442e-06,12
"20260223_073",2026-02-23,"CLT","TS3",3,"CLT_TS3_3",2.5,"T",982.34664,9.07664013695157e-06,12
"20260223_074",2026-02-23,"CD","TS3",1,"CD_TS3_1",2.5,"C",148.24392,6.5628186057084e-06,12
"20260223_074",2026-02-23,"CD","TS3",1,"CD_TS3_1",2.5,"D",2014.72304,2.6502125952895e-05,12
"20260223_075",2026-02-23,"PT","TS3",2,"PT_TS3_2",2.5,"P",1015.56312,0.0001024566460213,12
"20260223_075",2026-02-23,"PT","TS3",2,"PT_TS3_2",2.5,"T",973.32488,7.33968517389133e-06,12
"20260223_076",2026-02-23,"PT","TS3",1,"PT_TS3_1",2.5,"P",698.57128,8.11096667469966e-05,12
"20260223_076",2026-02-23,"PT","TS3",1,"PT_TS3_1",2.5,"T",1164.83224,1.05043135207634e-05,12
"20260223_077",2026-02-23,"CDPT","TS3",3,"CDPT_TS3_3",2.5,"C",25.9961428571429,5.51431792229754e-07,12
"20260223_077",2026-02-23,"CDPT","TS3",3,"CDPT_TS3_3",2.5,"D",461.95512,5.40760621817007e-06,12
"20260223_077",2026-02-23,"CDPT","TS3",3,"CDPT_TS3_3",2.5,"P",557.50376,6.68004645425295e-05,12
"20260223_077",2026-02-23,"CDPT","TS3",3,"CDPT_TS3_3",2.5,"T",941.33864,1.04604273356296e-05,12
"20260223_078",2026-02-23,"CDPT","TS3",1,"CDPT_TS3_1",2.5,"C",50.84992,3.09209566729202e-06,12
"20260223_078",2026-02-23,"CDPT","TS3",1,"CDPT_TS3_1",2.5,"D",277.8292,4.00713856286557e-06,12
"20260223_078",2026-02-23,"CDPT","TS3",1,"CDPT_TS3_1",2.5,"P",547.25176,7.16792364931194e-05,12
"20260223_078",2026-02-23,"CDPT","TS3",1,"CDPT_TS3_1",2.5,"T",1438.3556,1.25924976947831e-05,12
"20260223_079",2026-02-23,"DPT","TS3",1,"DPT_TS3_1",2.5,"D",234.7708,1.91264556372302e-06,12
"20260223_079",2026-02-23,"DPT","TS3",1,"DPT_TS3_1",2.5,"P",739.98936,8.38868077611874e-05,12
"20260223_079",2026-02-23,"DPT","TS3",1,"DPT_TS3_1",2.5,"T",1055.54592,8.48201231000986e-06,12
"20260223_080",2026-02-23,"CLT","TS3",2,"CLT_TS3_2",2.5,"C",131.63568,5.06091872081742e-06,12
"20260223_080",2026-02-23,"CLT","TS3",2,"CLT_TS3_2",2.5,"L",525.51752,3.04658475999302e-06,12
"20260223_080",2026-02-23,"CLT","TS3",2,"CLT_TS3_2",2.5,"T",809.49792,5.60909638158307e-06,12
"20260223_081",2026-02-23,"LT","TS3",2,"LT_TS3_2",2.5,"L",835.94808,7.65245086342948e-06,12
"20260223_081",2026-02-23,"LT","TS3",2,"LT_TS3_2",2.5,"T",1550.92256,1.52683146093689e-05,12
"20260223_082",2026-02-23,"PT","TS4",1,"PT_TS4_1",2.5,"P",684.42352,8.08656483291232e-05,12
"20260223_082",2026-02-23,"PT","TS4",1,"PT_TS4_1",2.5,"T",615.53008,4.38334975407008e-06,12
"20260223_083",2026-02-23,"DPT","TS4",2,"DPT_TS4_2",2.5,"D",178.17976,1.3591303538554e-06,12
"20260223_083",2026-02-23,"DPT","TS4",2,"DPT_TS4_2",2.5,"P",445.75696,4.01918035035225e-05,12
"20260223_083",2026-02-23,"DPT","TS4",2,"DPT_TS4_2",2.5,"T",1200.91928,1.06637353729631e-05,12
"20260223_084",2026-02-23,"CDLP","TS4",3,"CDLP_TS4_3",2.5,"C",43.46848,1.04248385288239e-06,12
"20260223_084",2026-02-23,"CDLP","TS4",3,"CDLP_TS4_3",2.5,"D",778.74192,6.61933440998577e-06,12
"20260223_084",2026-02-23,"CDLP","TS4",3,"CDLP_TS4_3",2.5,"L",530.0284,3.00784434537808e-06,12
"20260223_084",2026-02-23,"CDLP","TS4",3,"CDLP_TS4_3",2.5,"P",355.7444,4.89175579249302e-05,12
"20260223_085",2026-02-23,"PT","TS4",2,"PT_TS4_2",2.5,"P",557.91384,6.35838286762637e-05,12
"20260223_085",2026-02-23,"PT","TS4",2,"PT_TS4_2",2.5,"T",1101.26984,8.34456988277157e-06,12
"20260223_086",2026-02-23,"CDPT","TS4",1,"CDPT_TS4_1",2.5,"C",62.5372,2.79760553990998e-06,12
"20260223_086",2026-02-23,"CDPT","TS4",1,"CDPT_TS4_1",2.5,"D",284.80056,2.77738331636352e-06,12
"20260223_086",2026-02-23,"CDPT","TS4",1,"CDPT_TS4_1",2.5,"P",535.35944,7.63229116951536e-05,12
"20260223_086",2026-02-23,"CDPT","TS4",1,"CDPT_TS4_1",2.5,"T",1473.41744,1.53133669019501e-05,12
"20260223_087",2026-02-23,"PT","TS4",3,"PT_TS4_3",2.5,"P",782.63768,8.45668106587639e-05,12
"20260223_087",2026-02-23,"PT","TS4",3,"PT_TS4_3",2.5,"T",863.83352,6.5829989962667e-06,12
"20260223_088",2026-02-23,"DPT","TS4",3,"DPT_TS4_3",2.5,"D",371.53248,3.66957304340598e-06,12
"20260223_088",2026-02-23,"DPT","TS4",3,"DPT_TS4_3",2.5,"P",532.89896,6.38649927350962e-05,12
"20260223_088",2026-02-23,"DPT","TS4",3,"DPT_TS4_3",2.5,"T",1683.58344,1.7806517685056e-05,12
"20260223_089",2026-02-23,"CDLT","TS4",2,"CDLT_TS4_2",2.5,"C",243.38248,7.22562808405725e-06,12
"20260223_089",2026-02-23,"CDLT","TS4",2,"CDLT_TS4_2",2.5,"D",469.74664,5.90756738618183e-06,12
"20260223_089",2026-02-23,"CDLT","TS4",2,"CDLT_TS4_2",2.5,"L",594.20592,3.93780553051573e-06,12
"20260223_089",2026-02-23,"CDLT","TS4",2,"CDLT_TS4_2",2.5,"T",1136.12664,1.2326619193653e-05,12
"20260223_090",2026-02-23,"CDPT","TS4",2,"CDPT_TS4_2",2.5,"C",41.21304,2.9329164307714e-06,12
"20260223_090",2026-02-23,"CDPT","TS4",2,"CDPT_TS4_2",2.5,"D",281.31488,5.21618394169722e-06,12
"20260223_090",2026-02-23,"CDPT","TS4",2,"CDPT_TS4_2",2.5,"P",510.13952,6.49361725061324e-05,12
"20260223_090",2026-02-23,"CDPT","TS4",2,"CDPT_TS4_2",2.5,"T",726.66176,7.45258493792392e-06,12
"20260223_091",2026-02-23,"CLT","TS4",1,"CLT_TS4_1",2.5,"C",87.55208,5.53160591716645e-06,12
"20260223_091",2026-02-23,"CLT","TS4",1,"CLT_TS4_1",2.5,"L",872.03512,6.84046538689861e-06,12
"20260223_091",2026-02-23,"CLT","TS4",1,"CLT_TS4_1",2.5,"T",507.88408,6.38888296257594e-06,12
"20260223_092",2026-02-23,"LP","TS4",3,"LP_TS4_3",2.5,"L",1692.40016,9.09182739857963e-06,12
"20260223_092",2026-02-23,"LP","TS4",3,"LP_TS4_3",2.5,"P",416.64128,6.03804748474286e-05,12
"20260223_093",2026-02-23,"CLT","TS4",3,"CLT_TS4_3",2.5,"C",49.61968,3.08727041704031e-06,12
"20260223_093",2026-02-23,"CLT","TS4",3,"CLT_TS4_3",2.5,"L",1079.74064,7.50632862244287e-06,12
"20260223_093",2026-02-23,"CLT","TS4",3,"CLT_TS4_3",2.5,"T",520.59656,5.97239429665232e-06,12
"20260223_094",2026-02-23,"CDLP","TS4",2,"CDLP_TS4_2",2.5,"C",81.81096,3.76948544137337e-06,12
"20260223_094",2026-02-23,"CDLP","TS4",2,"CDLP_TS4_2",2.5,"D",853.58152,9.78142902379292e-06,12
"20260223_094",2026-02-23,"CDLP","TS4",2,"CDLP_TS4_2",2.5,"L",557.91384,3.39139640142523e-06,12
"20260223_094",2026-02-23,"CDLP","TS4",2,"CDLP_TS4_2",2.5,"P",721.94584,0.00011964200678156,12
"20260223_095",2026-02-23,"LP","TS4",2,"LP_TS4_2",2.5,"L",1088.7624,6.39116051038094e-06,12
"20260223_095",2026-02-23,"LP","TS4",2,"LP_TS4_2",2.5,"P",681.34792,7.9674043130605e-05,12
"20260223_096",2026-02-23,"CDLT","TS4",3,"CDLT_TS4_3",2.5,"C",50.43984,6.08822504377518e-07,12
"20260223_096",2026-02-23,"CDLT","TS4",3,"CDLT_TS4_3",2.5,"D",361.69056,5.90715380085488e-06,12
"20260223_096",2026-02-23,"CDLT","TS4",3,"CDLT_TS4_3",2.5,"L",512.80504,3.69032524384161e-06,12
"20260223_096",2026-02-23,"CDLT","TS4",3,"CDLT_TS4_3",2.5,"T",732.40288,9.33012622003788e-06,12
"20260223_097",2026-02-23,"LP","TS4",1,"LP_TS4_1",2.5,"L",956.10152,1.00141486036003e-05,12
"20260223_097",2026-02-23,"LP","TS4",1,"LP_TS4_1",2.5,"P",567.55072,6.97198424729614e-05,12
"20260223_098",2026-02-23,"CDLT","TS4",1,"CDLT_TS4_1",2.5,"C",59.4616,3.62690606738706e-06,12
"20260223_098",2026-02-23,"CDLT","TS4",1,"CDLT_TS4_1",2.5,"D",616.96536,6.75194266438534e-06,12
"20260223_098",2026-02-23,"CDLT","TS4",1,"CDLT_TS4_1",2.5,"L",696.31584,5.25928180104123e-06,12
"20260223_098",2026-02-23,"CDLT","TS4",1,"CDLT_TS4_1",2.5,"T",820.36504,1.01389270566218e-05,12
"20260223_099",2026-02-23,"CDLP","TS4",1,"CDLP_TS4_1",2.5,"C",331.1396,7.81274876348639e-06,12
"20260223_099",2026-02-23,"CDLP","TS4",1,"CDLP_TS4_1",2.5,"D",675.6068,5.5843920820081e-06,12
"20260223_099",2026-02-23,"CDLP","TS4",1,"CDLP_TS4_1",2.5,"L",371.53248,2.70795718399463e-06,12
"20260223_099",2026-02-23,"CDLP","TS4",1,"CDLP_TS4_1",2.5,"P",1326.40376,8.30439116783881e-05,12
"20260223_100",2026-02-23,"DPT","TS4",1,"DPT_TS4_1",2.5,"D",372.35264,4.81261059121159e-06,12
"20260223_100",2026-02-23,"DPT","TS4",1,"DPT_TS4_1",2.5,"P",576.1624,7.58274491824182e-05,12
"20260223_100",2026-02-23,"DPT","TS4",1,"DPT_TS4_1",2.5,"T",1542.72096,1.41090541655832e-05,12
"20260223_101",2026-02-23,"LT","TS4",1,"LT_TS4_1",2.5,"L",1245.20792,1.17594660882397e-05,12
"20260223_101",2026-02-23,"LT","TS4",1,"LT_TS4_1",2.5,"T",1632.52848,1.80042081660283e-05,12
"20260223_102",2026-02-23,"CDPT","TS4",3,"CDPT_TS4_3",2.5,"C",69.50856,2.08919312449845e-06,12
"20260223_102",2026-02-23,"CDPT","TS4",3,"CDPT_TS4_3",2.5,"D",120.35848,1.64050470262569e-06,12
"20260223_102",2026-02-23,"CDPT","TS4",3,"CDPT_TS4_3",2.5,"P",407.0044,5.3512805104652e-05,12
"20260223_102",2026-02-23,"CDPT","TS4",3,"CDPT_TS4_3",2.5,"T",840.86904,1.10632876339706e-05,12
"20260223_103",2026-02-23,"LPT","TS4",1,"LPT_TS4_1",2.5,"L",428.94368,2.51497838703318e-06,12
"20260223_103",2026-02-23,"LPT","TS4",1,"LPT_TS4_1",2.5,"P",592.36056,6.70456407488731e-05,12
"20260223_103",2026-02-23,"LPT","TS4",1,"LPT_TS4_1",2.5,"T",877.36616,5.25111418676129e-06,12
"20260223_104",2026-02-23,"LT","TS4",3,"LT_TS4_3",2.5,"L",1086.50696,9.68588689404846e-06,12
"20260223_104",2026-02-23,"LT","TS4",3,"LT_TS4_3",2.5,"T",2242.52248,2.4187785131203e-05,12
"20260223_105",2026-02-23,"LT","TS4",2,"LT_TS4_2",2.5,"L",776.28144,9.42261530825213e-06,12
"20260223_105",2026-02-23,"LT","TS4",2,"LT_TS4_2",2.5,"T",2480.984,3.34298193178329e-05,12
"20260223_106",2026-02-23,"CLT","TS4",2,"CLT_TS4_2",2.5,"C",159.52112,1.01732617465829e-05,12
"20260223_106",2026-02-23,"CLT","TS4",2,"CLT_TS4_2",2.5,"L",800.88624,6.84506978633666e-06,12
"20260223_106",2026-02-23,"CLT","TS4",2,"CLT_TS4_2",2.5,"T",809.29288,8.86824312538247e-06,12
"20260223_107",2026-02-23,"LPT","TS4",2,"LPT_TS4_2",2.5,"L",876.13592,5.51175698909248e-06,12
"20260223_107",2026-02-23,"LPT","TS4",2,"LPT_TS4_2",2.5,"P",430.37896,4.19117362086563e-05,12
"20260223_107",2026-02-23,"LPT","TS4",2,"LPT_TS4_2",2.5,"T",892.53912,5.9771387612197e-06,12
"20260223_108",2026-02-23,"LPT","TS4",3,"LPT_TS4_3",2.5,"L",487.17504,2.71089135094606e-06,12
"20260223_108",2026-02-23,"LPT","TS4",3,"LPT_TS4_3",2.5,"P",458.46944,7.40469297100004e-05,12
"20260223_108",2026-02-23,"LPT","TS4",3,"LPT_TS4_3",2.5,"T",857.27224,6.71451510612073e-06,12
"20260224_001",2026-02-24,"DLPT","TS1",3,"DLPT_TS1_3",2.5,"D",96.57384,1.43953412777722e-06,13
"20260224_001",2026-02-24,"DLPT","TS1",3,"DLPT_TS1_3",2.5,"L",157.8808,7.24469745901518e-07,13
"20260224_001",2026-02-24,"DLPT","TS1",3,"DLPT_TS1_3",2.5,"P",1127.10488,0.00013398609161616,13
"20260224_001",2026-02-24,"DLPT","TS1",3,"DLPT_TS1_3",2.5,"T",909.55744,6.88533006889029e-06,13
"20260224_002",2026-02-24,"LPT","TS1",1,"LPT_TS1_1",2.5,"L",193.7628,1.14865432116386e-06,13
"20260224_002",2026-02-24,"LPT","TS1",1,"LPT_TS1_1",2.5,"P",1056.57112,0.00012474532829624,13
"20260224_002",2026-02-24,"LPT","TS1",1,"LPT_TS1_1",2.5,"T",945.43944,5.29940213128586e-06,13
"20260224_003",2026-02-24,"DLPT","TS1",2,"DLPT_TS1_2",2.5,"D",221.64824,1.38023999008859e-06,13
"20260224_003",2026-02-24,"DLPT","TS1",2,"DLPT_TS1_2",2.5,"L",278.64936,2.04082499001303e-06,13
"20260224_003",2026-02-24,"DLPT","TS1",2,"DLPT_TS1_2",2.5,"P",551.76264,6.43049687644231e-05,13
"20260224_003",2026-02-24,"DLPT","TS1",2,"DLPT_TS1_2",2.5,"T",979.88616,6.57971207620681e-06,13
"20260224_004",2026-02-24,"CD","TS1",3,"CD_TS1_3",2.5,"C",474.25752,1.19839210865322e-05,13
"20260224_004",2026-02-24,"CD","TS1",3,"CD_TS1_3",2.5,"D",2020.6692,2.17294093044393e-05,13
"20260224_005",2026-02-24,"CLT","TS1",1,"CLT_TS1_1",2.5,"C",67.86824,2.90629801911272e-06,13
"20260224_005",2026-02-24,"CLT","TS1",1,"CLT_TS1_1",2.5,"L",398.39272,2.21925596716246e-06,13
"20260224_005",2026-02-24,"CLT","TS1",1,"CLT_TS1_1",2.5,"T",818.92976,7.10526188899323e-06,13
"20260224_006",2026-02-24,"DPT","TS1",3,"DPT_TS1_3",2.5,"D",249.73872,1.72579414364136e-06,13
"20260224_006",2026-02-24,"DPT","TS1",3,"DPT_TS1_3",2.5,"P",592.15552,6.20815061275393e-05,13
"20260224_006",2026-02-24,"DPT","TS1",3,"DPT_TS1_3",2.5,"T",1303.43928,9.36579629453515e-06,13
"20260224_007",2026-02-24,"CLT","TS1",2,"CLT_TS1_2",2.5,"C",56.1318181818182,2.75349689525312e-06,13
"20260224_007",2026-02-24,"CLT","TS1",2,"CLT_TS1_2",2.5,"L",331.54968,1.88071588454781e-06,13
"20260224_007",2026-02-24,"CLT","TS1",2,"CLT_TS1_2",2.5,"T",833.4876,7.20406691745816e-06,13
"20260224_008",2026-02-24,"CDLP","TS1",2,"CDLP_TS1_2",2.5,"C",31.98624,2.48485866173187e-06,13
"20260224_008",2026-02-24,"CDLP","TS1",2,"CDLP_TS1_2",2.5,"D",523.46712,5.13592333515369e-06,13
"20260224_008",2026-02-24,"CDLP","TS1",2,"CDLP_TS1_2",2.5,"L",141.27256,9.73061381904533e-07,13
"20260224_008",2026-02-24,"CDLP","TS1",2,"CDLP_TS1_2",2.5,"P",570.0112,7.28552544840484e-05,13
"20260224_009",2026-02-24,"PT","TS1",1,"PT_TS1_1",2.5,"P",1087.7372,0.0001059690276426,13
"20260224_009",2026-02-24,"PT","TS1",1,"PT_TS1_1",2.5,"T",478.97344,2.78910096494372e-06,13
"20260224_010",2026-02-24,"LPT","TS1",2,"LPT_TS1_2",2.5,"L",181.05032,8.4979053845834e-07,13
"20260224_010",2026-02-24,"LPT","TS1",2,"LPT_TS1_2",2.5,"P",1052.47032,0.00011491014106853,13
"20260224_010",2026-02-24,"LPT","TS1",2,"LPT_TS1_2",2.5,"T",747.78088,6.72621886312831e-06,13
"20260224_011",2026-02-24,"CDLT","TS1",3,"CDLT_TS1_3",2.5,"C",25.63,1.05898578119198e-06,13
"20260224_011",2026-02-24,"CDLT","TS1",3,"CDLT_TS1_3",2.5,"D",408.43968,4.70523351629981e-06,13
"20260224_011",2026-02-24,"CDLT","TS1",3,"CDLT_TS1_3",2.5,"L",202.9896,1.12866307419751e-06,13
"20260224_011",2026-02-24,"CDLT","TS1",3,"CDLT_TS1_3",2.5,"T",1051.24008,1.04933020310845e-05,13
"20260224_012",2026-02-24,"DLPT","TS1",1,"DLPT_TS1_1",2.5,"D",201.75936,1.99678636279098e-06,13
"20260224_012",2026-02-24,"DLPT","TS1",1,"DLPT_TS1_1",2.5,"L",192.94264,1.05429726554342e-06,13
"20260224_012",2026-02-24,"DLPT","TS1",1,"DLPT_TS1_1",2.5,"P",965.94344,0.00011061451579199,13
"20260224_012",2026-02-24,"DLPT","TS1",1,"DLPT_TS1_1",2.5,"T",1177.74976,8.55338769412702e-06,13
"20260224_013",2026-02-24,"LT","TS1",3,"LT_TS1_3",2.5,"L",444.73176,4.40428070406781e-06,13
"20260224_013",2026-02-24,"LT","TS1",3,"LT_TS1_3",2.5,"T",2153.9452,1.77057547748843e-05,13
"20260224_014",2026-02-24,"CDLT","TS1",2,"CDLT_TS1_2",2.5,"C",38.1398809523809,9.86305494192524e-07,13
"20260224_014",2026-02-24,"CDLT","TS1",2,"CDLT_TS1_2",2.5,"D",214.06176,1.70776981252086e-06,13
"20260224_014",2026-02-24,"CDLT","TS1",2,"CDLT_TS1_2",2.5,"L",267.37216,1.25742877592158e-06,13
"20260224_014",2026-02-24,"CDLT","TS1",2,"CDLT_TS1_2",2.5,"T",1410.06008,1.20988828236054e-05,13
"20260224_015",2026-02-24,"LT","TS1",2,"LT_TS1_2",2.5,"L",679.29752,5.58396942992339e-06,13
"20260224_015",2026-02-24,"LT","TS1",2,"LT_TS1_2",2.5,"T",2117.65312,1.83655598656997e-05,13
"20260224_016",2026-02-24,"CDLT","TS1",1,"CDLT_TS1_1",2.5,"C",119.33328,4.32334624456651e-06,13
"20260224_016",2026-02-24,"CDLT","TS1",1,"CDLT_TS1_1",2.5,"D",362.71576,2.6152343430517e-06,13
"20260224_016",2026-02-24,"CDLT","TS1",1,"CDLT_TS1_1",2.5,"L",147.83384,8.18185464572539e-07,13
"20260224_016",2026-02-24,"CDLT","TS1",1,"CDLT_TS1_1",2.5,"T",1722.95112,1.50449894177259e-05,13
"20260224_017",2026-02-24,"DPT","TS1",1,"DPT_TS1_1",2.5,"D",209.55088,1.9715789619387e-06,13
"20260224_017",2026-02-24,"DPT","TS1",1,"DPT_TS1_1",2.5,"P",762.33872,8.49072646674194e-05,13
"20260224_017",2026-02-24,"DPT","TS1",1,"DPT_TS1_1",2.5,"T",1130.7956,8.50516606306433e-06,13
"20260224_018",2026-02-24,"DPT","TS1",2,"DPT_TS1_2",2.5,"D",179.41,1.14317852049664e-06,13
"20260224_018",2026-02-24,"DPT","TS1",2,"DPT_TS1_2",2.5,"P",704.72248,8.38477529003895e-05,13
"20260224_018",2026-02-24,"DPT","TS1",2,"DPT_TS1_2",2.5,"T",1213.22168,9.7573134513091e-06,13
"20260224_019",2026-02-24,"PT","TS1",3,"PT_TS1_3",2.5,"P",909.96752,8.64141253373357e-05,13
"20260224_019",2026-02-24,"PT","TS1",3,"PT_TS1_3",2.5,"T",545.81648,3.44114660349553e-06,13
"20260224_020",2026-02-24,"CDLP","TS1",1,"CDLP_TS1_1",2.5,"C",108.6712,5.44941875178424e-06,13
"20260224_020",2026-02-24,"CDLP","TS1",1,"CDLP_TS1_1",2.5,"D",755.98248,6.75039921302739e-06,13
"20260224_020",2026-02-24,"CDLP","TS1",1,"CDLP_TS1_1",2.5,"L",221.64824,1.77307783267454e-06,13
"20260224_020",2026-02-24,"CDLP","TS1",1,"CDLP_TS1_1",2.5,"P",832.05232,0.00011145857777339,13
"20260224_021",2026-02-24,"CDLP","TS1",3,"CDLP_TS1_3",2.5,"C",40.59792,1.70001117348351e-06,13
"20260224_021",2026-02-24,"CDLP","TS1",3,"CDLP_TS1_3",2.5,"D",673.96648,5.67790176351109e-06,13
"20260224_021",2026-02-24,"CDLP","TS1",3,"CDLP_TS1_3",2.5,"L",538.43504,3.5777969312554e-06,13
"20260224_021",2026-02-24,"CDLP","TS1",3,"CDLP_TS1_3",2.5,"P",914.27336,0.00011035696999211,13
"20260224_022",2026-02-24,"CD","TS1",1,"CD_TS1_1",2.5,"C",128.15,5.47586909971976e-06,13
"20260224_022",2026-02-24,"CD","TS1",1,"CD_TS1_1",2.5,"D",1761.08856,2.09548685659459e-05,13
"20260224_023",2026-02-24,"LPT","TS1",3,"LPT_TS1_3",2.5,"L",167.72272,6.34704216721405e-07,13
"20260224_023",2026-02-24,"LPT","TS1",3,"LPT_TS1_3",2.5,"P",973.94,0.00010655780383326,13
"20260224_023",2026-02-24,"LPT","TS1",3,"LPT_TS1_3",2.5,"T",412.1304,2.64334191122652e-06,13
"20260224_024",2026-02-24,"LT","TS1",1,"LT_TS1_1",2.5,"L",573.29184,4.7275595581547e-06,13
"20260224_024",2026-02-24,"LT","TS1",1,"LT_TS1_1",2.5,"T",2104.94064,1.93114287558393e-05,13
"20260224_025",2026-02-24,"CLT","TS1",3,"CLT_TS1_3",2.5,"C",146.39856,5.99289937428252e-06,13
"20260224_025",2026-02-24,"CLT","TS1",3,"CLT_TS1_3",2.5,"L",688.72936,4.63904730306451e-06,13
"20260224_025",2026-02-24,"CLT","TS1",3,"CLT_TS1_3",2.5,"T",686.06384,6.58459387120672e-06,13
"20260224_026",2026-02-24,"CD","TS1",2,"CD_TS1_2",2.5,"C",49.2714655172414,1.47588142495207e-06,13
"20260224_026",2026-02-24,"CD","TS1",2,"CD_TS1_2",2.5,"D",1865.65896,1.8897115636714e-05,13
"20260224_027",2026-02-24,"PT","TS1",2,"PT_TS1_2",2.5,"P",813.80376,7.92814557820845e-05,13
"20260224_027",2026-02-24,"PT","TS1",2,"PT_TS1_2",2.5,"T",644.64576,3.40384642273825e-06,13
"20260224_028",2026-02-24,"CLT","TS2",1,"CLT_TS2_1",2.5,"C",173.66888,1.02651757261454e-05,13
"20260224_028",2026-02-24,"CLT","TS2",1,"CLT_TS2_1",2.5,"L",946.2596,6.46975494030177e-06,13
"20260224_028",2026-02-24,"CLT","TS2",1,"CLT_TS2_1",2.5,"T",1002.03048,8.11864892699662e-06,13
"20260224_029",2026-02-24,"CP","TS2",1,"CP_TS2_1",2.5,"C",172.64368,4.37600330975943e-06,13
"20260224_029",2026-02-24,"CP","TS2",1,"CP_TS2_1",2.5,"P",823.64568,9.91615460421742e-05,13
"20260224_030",2026-02-24,"CDPT","TS2",1,"CDPT_TS2_1",2.5,"C",82.22104,3.65195016457607e-06,13
"20260224_030",2026-02-24,"CDPT","TS2",1,"CDPT_TS2_1",2.5,"D",233.13048,1.74491258038873e-06,13
"20260224_030",2026-02-24,"CDPT","TS2",1,"CDPT_TS2_1",2.5,"P",710.66864,8.83326275863478e-05,13
"20260224_030",2026-02-24,"CDPT","TS2",1,"CDPT_TS2_1",2.5,"T",972.9148,9.05384752246959e-06,13
"20260224_031",2026-02-24,"CDPT","TS2",3,"CDPT_TS2_3",2.5,"C",136.3516,4.0424040456107e-06,13
"20260224_031",2026-02-24,"CDPT","TS2",3,"CDPT_TS2_3",2.5,"D",130.61048,1.26036794714717e-06,13
"20260224_031",2026-02-24,"CDPT","TS2",3,"CDPT_TS2_3",2.5,"P",530.0284,5.36662965983235e-05,13
"20260224_031",2026-02-24,"CDPT","TS2",3,"CDPT_TS2_3",2.5,"T",843.12448,8.04495201089514e-06,13
"20260224_032",2026-02-24,"LT","TS2",3,"LT_TS2_3",2.5,"L",909.55744,8.96637747642424e-06,13
"20260224_032",2026-02-24,"LT","TS2",3,"LT_TS2_3",2.5,"T",2313.46632,2.31222971994952e-05,13
"20260224_033",2026-02-24,"PT","TS2",3,"PT_TS2_3",2.5,"P",1413.95584,0.00013393586260491,13
"20260224_033",2026-02-24,"PT","TS2",3,"PT_TS2_3",2.5,"T",922.26992,6.97084112456115e-06,13
"20260224_034",2026-02-24,"DPT","TS2",3,"DPT_TS2_3",2.5,"D",246.45808,4.90896443403397e-06,13
"20260224_034",2026-02-24,"DPT","TS2",3,"DPT_TS2_3",2.5,"P",1184.51608,0.00012073250948676,13
"20260224_034",2026-02-24,"DPT","TS2",3,"DPT_TS2_3",2.5,"T",1455.16888,1.24833737131645e-05,13
"20260224_035",2026-02-24,"PT","TS2",1,"PT_TS2_1",2.5,"P",785.50824,7.58368485841271e-05,13
"20260224_035",2026-02-24,"PT","TS2",1,"PT_TS2_1",2.5,"T",596.6664,3.81530574281694e-06,13
"20260224_036",2026-02-24,"CDLT","TS2",3,"CDLT_TS2_3",2.5,"C",30.1772580645161,8.18103838649971e-07,13
"20260224_036",2026-02-24,"CDLT","TS2",3,"CDLT_TS2_3",2.5,"D",544.58624,3.81476343635274e-06,13
"20260224_036",2026-02-24,"CDLT","TS2",3,"CDLT_TS2_3",2.5,"L",376.65848,2.07057672818248e-06,13
"20260224_036",2026-02-24,"CDLT","TS2",3,"CDLT_TS2_3",2.5,"T",1908.51232,1.74637355604015e-05,13
"20260224_037",2026-02-24,"CDLP","TS2",2,"CDLP_TS2_2",2.5,"C",36.70216,1.86269109523989e-06,13
"20260224_037",2026-02-24,"CDLP","TS2",2,"CDLP_TS2_2",2.5,"D",1185.95136,1.11378681092728e-05,13
"20260224_037",2026-02-24,"CDLP","TS2",2,"CDLP_TS2_2",2.5,"L",992.80368,6.16103857997329e-06,13
"20260224_037",2026-02-24,"CDLP","TS2",2,"CDLP_TS2_2",2.5,"P",596.87144,7.99925796985356e-05,13
"20260224_038",2026-02-24,"CDLT","TS2",2,"CDLT_TS2_2",2.5,"C",0,0,13
"20260224_038",2026-02-24,"CDLT","TS2",2,"CDLT_TS2_2",2.5,"D",593.38576,8.88721310517952e-06,13
"20260224_038",2026-02-24,"CDLT","TS2",2,"CDLT_TS2_2",2.5,"L",953.84608,7.45062297139556e-06,13
"20260224_038",2026-02-24,"CDLT","TS2",2,"CDLT_TS2_2",2.5,"T",1043.24352,1.02233808188277e-05,13
"20260224_039",2026-02-24,"CDPT","TS2",2,"CDPT_TS2_2",2.5,"C",43.46848,2.39262246842298e-06,13
"20260224_039",2026-02-24,"CDPT","TS2",2,"CDPT_TS2_2",2.5,"D",244.61272,2.72222104424019e-06,13
"20260224_039",2026-02-24,"CDPT","TS2",2,"CDPT_TS2_2",2.5,"P",803.55176,0.00010108294888702,13
"20260224_039",2026-02-24,"CDPT","TS2",2,"CDPT_TS2_2",2.5,"T",842.50936,8.29288884379886e-06,13
"20260224_040",2026-02-24,"CLT","TS2",3,"CLT_TS2_3",2.5,"C",71.35392,5.31355179308528e-06,13
"20260224_040",2026-02-24,"CLT","TS2",3,"CLT_TS2_3",2.5,"L",1219.16784,9.36604662840833e-06,13
"20260224_040",2026-02-24,"CLT","TS2",3,"CLT_TS2_3",2.5,"T",449.0376,4.17246388592448e-06,13
"20260224_041",2026-02-24,"PT","TS2",2,"PT_TS2_2",2.5,"P",1097.57912,0.00011235064736644,13
"20260224_041",2026-02-24,"PT","TS2",2,"PT_TS2_2",2.5,"T",680.11768,4.32511230708216e-06,13
"20260224_042",2026-02-24,"DLP","TS2",3,"DLP_TS2_3",2.5,"D",1562.4048,1.20511621916132e-05,13
"20260224_042",2026-02-24,"DLP","TS2",3,"DLP_TS2_3",2.5,"L",669.25056,3.83284045382361e-06,13
"20260224_042",2026-02-24,"DLP","TS2",3,"DLP_TS2_3",2.5,"P",575.54728,7.4752302073573e-05,13
"20260224_043",2026-02-24,"CDLP","TS2",1,"CDLP_TS2_1",2.5,"C",119.74336,5.17478516274362e-06,13
"20260224_043",2026-02-24,"CDLP","TS2",1,"CDLP_TS2_1",2.5,"D",1034.4268,1.04650624521819e-05,13
"20260224_043",2026-02-24,"CDLP","TS2",1,"CDLP_TS2_1",2.5,"L",634.80384,3.73030990335225e-06,13
"20260224_043",2026-02-24,"CDLP","TS2",1,"CDLP_TS2_1",2.5,"P",465.64584,5.42408110401315e-05,13
"20260224_044",2026-02-24,"LT","TS2",2,"LT_TS2_2",2.5,"L",1546.20664,1.55525553555334e-05,13
"20260224_044",2026-02-24,"LT","TS2",2,"LT_TS2_2",2.5,"T",1451.47816,1.76623403061661e-05,13
"20260224_045",2026-02-24,"CLT","TS2",2,"CLT_TS2_2",2.5,"C",155.8304,5.30710192896146e-06,13
"20260224_045",2026-02-24,"CLT","TS2",2,"CLT_TS2_2",2.5,"L",538.43504,4.0151824877387e-06,13
"20260224_045",2026-02-24,"CLT","TS2",2,"CLT_TS2_2",2.5,"T",884.33752,9.2547154385395e-06,13
"20260224_046",2026-02-24,"DPT","TS2",1,"DPT_TS2_1",2.5,"D",190.48216,1.31592584314034e-06,13
"20260224_046",2026-02-24,"DPT","TS2",1,"DPT_TS2_1",2.5,"P",819.74992,9.62856437561209e-05,13
"20260224_046",2026-02-24,"DPT","TS2",1,"DPT_TS2_1",2.5,"T",1380.32928,1.06628309659965e-05,13
"20260224_047",2026-02-24,"DLP","TS2",2,"DLP_TS2_2",2.5,"D",1083.43136,7.86475884959468e-06,13
"20260224_047",2026-02-24,"DLP","TS2",2,"DLP_TS2_2",2.5,"L",615.73512,3.3897131120617e-06,13
"20260224_047",2026-02-24,"DLP","TS2",2,"DLP_TS2_2",2.5,"P",781.40744,9.51578507824777e-05,13
"20260224_048",2026-02-24,"DPT","TS2",2,"DPT_TS2_2",2.5,"D",474.05248,3.63053086981898e-06,13
"20260224_048",2026-02-24,"DPT","TS2",2,"DPT_TS2_2",2.5,"P",862.80832,0.00010896804827226,13
"20260224_048",2026-02-24,"DPT","TS2",2,"DPT_TS2_2",2.5,"T",1074.20456,8.43883329890939e-06,13
"20260224_049",2026-02-24,"CP","TS2",3,"CP_TS2_3",2.5,"C",320.68256,1.33689706434624e-05,13
"20260224_049",2026-02-24,"CP","TS2",3,"CP_TS2_3",2.5,"P",1255.87,0.00014969508431535,13
"20260224_050",2026-02-24,"CP","TS2",2,"CP_TS2_2",2.5,"C",369.27704,2.16626574570193e-05,13
"20260224_050",2026-02-24,"CP","TS2",2,"CP_TS2_2",2.5,"P",749.01112,8.49931767240412e-05,13
"20260224_051",2026-02-24,"CDLT","TS2",1,"CDLT_TS2_1",2.5,"C",47.1261290322581,1.76223331022203e-06,13
"20260224_051",2026-02-24,"CDLT","TS2",1,"CDLT_TS2_1",2.5,"D",441.65616,4.60089613699916e-06,13
"20260224_051",2026-02-24,"CDLT","TS2",1,"CDLT_TS2_1",2.5,"L",255.2748,1.32135711656919e-06,13
"20260224_051",2026-02-24,"CDLT","TS2",1,"CDLT_TS2_1",2.5,"T",933.75216,9.34477461356156e-06,13
"20260224_052",2026-02-24,"CDLP","TS2",3,"CDLP_TS2_3",2.5,"C",107.44096,3.93186186671423e-06,13
"20260224_052",2026-02-24,"CDLP","TS2",3,"CDLP_TS2_3",2.5,"D",1031.76128,9.20420127176993e-06,13
"20260224_052",2026-02-24,"CDLP","TS2",3,"CDLP_TS2_3",2.5,"L",414.59088,2.45048195677341e-06,13
"20260224_052",2026-02-24,"CDLP","TS2",3,"CDLP_TS2_3",2.5,"P",336.06056,4.44553188359497e-05,13
"20260224_053",2026-02-24,"DLP","TS2",1,"DLP_TS2_1",2.5,"D",1038.5276,9.07277779431263e-06,13
"20260224_053",2026-02-24,"DLP","TS2",1,"DLP_TS2_1",2.5,"L",616.55528,3.66095532914077e-06,13
"20260224_053",2026-02-24,"DLP","TS2",1,"DLP_TS2_1",2.5,"P",690.9848,8.9676377529431e-05,13
"20260224_054",2026-02-24,"LT","TS2",1,"LT_TS2_1",2.5,"L",977.22064,8.39599847282051e-06,13
"20260224_054",2026-02-24,"LT","TS2",1,"LT_TS2_1",2.5,"T",1746.12064,2.02644322846516e-05,13
"20260224_055",2026-02-24,"CDLP","TS3",3,"CDLP_TS3_3",2.5,"C",49.2096,1.56482684417448e-06,13
"20260224_055",2026-02-24,"CDLP","TS3",3,"CDLP_TS3_3",2.5,"D",631.11312,5.73425850644719e-06,13
"20260224_055",2026-02-24,"CDLP","TS3",3,"CDLP_TS3_3",2.5,"L",148.85904,1.88435033257017e-06,13
"20260224_055",2026-02-24,"CDLP","TS3",3,"CDLP_TS3_3",2.5,"P",460.10976,5.65585650102178e-05,13
"20260224_056",2026-02-24,"CDPT","TS3",2,"CDPT_TS3_2",2.5,"C",75.04464,4.25889227207535e-06,13
"20260224_056",2026-02-24,"CDPT","TS3",2,"CDPT_TS3_2",2.5,"D",266.34696,4.12015164408911e-06,13
"20260224_056",2026-02-24,"CDPT","TS3",2,"CDPT_TS3_2",2.5,"P",428.94368,4.73845539720991e-05,13
"20260224_056",2026-02-24,"CDPT","TS3",2,"CDPT_TS3_2",2.5,"T",988.70288,8.57082195385055e-06,13
"20260224_057",2026-02-24,"CDLT","TS3",2,"CDLT_TS3_2",2.5,"C",51.26,3.46930237218005e-06,13
"20260224_057",2026-02-24,"CDLT","TS3",2,"CDLT_TS3_2",2.5,"D",198.06864,2.05088307164554e-06,13
"20260224_057",2026-02-24,"CDLT","TS3",2,"CDLT_TS3_2",2.5,"L",228.82464,1.32615244782731e-06,13
"20260224_057",2026-02-24,"CDLT","TS3",2,"CDLT_TS3_2",2.5,"T",1039.75784,7.95675771914136e-06,13
"20260224_058",2026-02-24,"LT","TS3",1,"LT_TS3_1",2.5,"L",603.43272,6.47293083696474e-06,13
"20260224_058",2026-02-24,"LT","TS3",1,"LT_TS3_1",2.5,"T",1531.6488,1.61606045799296e-05,13
"20260224_059",2026-02-24,"LT","TS3",3,"LT_TS3_3",2.5,"L",394.29192,4.30433175589798e-06,13
"20260224_059",2026-02-24,"LT","TS3",3,"LT_TS3_3",2.5,"T",1817.26952,1.91533563240524e-05,13
"20260224_060",2026-02-24,"CDLT","TS3",1,"CDLT_TS3_1",2.5,"C",0,0,13
"20260224_060",2026-02-24,"CDLT","TS3",1,"CDLT_TS3_1",2.5,"D",228.82464,1.62941796146423e-06,13
"20260224_060",2026-02-24,"CDLT","TS3",1,"CDLT_TS3_1",2.5,"L",271.26792,1.42480994705253e-06,13
"20260224_060",2026-02-24,"CDLT","TS3",1,"CDLT_TS3_1",2.5,"T",1607.71864,1.39246359830469e-05,13
"20260224_061",2026-02-24,"DLP","TS3",1,"DLP_TS3_1",2.5,"D",1007.36152,7.22424465636582e-06,13
"20260224_061",2026-02-24,"DLP","TS3",1,"DLP_TS3_1",2.5,"L",540.48544,3.71711151641091e-06,13
"20260224_061",2026-02-24,"DLP","TS3",1,"DLP_TS3_1",2.5,"P",595.6412,6.32654535879064e-05,13
"20260224_062",2026-02-24,"DLP","TS3",2,"DLP_TS3_2",2.5,"D",902.176,6.89163813097547e-06,13
"20260224_062",2026-02-24,"DLP","TS3",2,"DLP_TS3_2",2.5,"L",518.95624,3.33501364101217e-06,13
"20260224_062",2026-02-24,"DLP","TS3",2,"DLP_TS3_2",2.5,"P",441.8612,4.91788522420744e-05,13
"20260224_063",2026-02-24,"DLP","TS3",3,"DLP_TS3_3",2.5,"D",782.84272,5.76485463139544e-06,13
"20260224_063",2026-02-24,"DLP","TS3",3,"DLP_TS3_3",2.5,"L",378.50384,2.0979768244994e-06,13
"20260224_063",2026-02-24,"DLP","TS3",3,"DLP_TS3_3",2.5,"P",211.60128,2.1200211444299e-05,13
"20260224_064",2026-02-24,"DPT","TS3",2,"DPT_TS3_2",2.5,"D",296.48784,2.63913677551689e-06,13
"20260224_064",2026-02-24,"DPT","TS3",2,"DPT_TS3_2",2.5,"P",894.79456,0.00010014074782554,13
"20260224_064",2026-02-24,"DPT","TS3",2,"DPT_TS3_2",2.5,"T",1441.02112,1.08738575397401e-05,13
"20260224_065",2026-02-24,"CD","TS3",2,"CD_TS3_2",2.5,"C",64.79264,2.32216841129541e-06,13
"20260224_065",2026-02-24,"CD","TS3",2,"CD_TS3_2",2.5,"D",2197.20864,1.95609487903705e-05,13
"20260224_066",2026-02-24,"CDLP","TS3",1,"CDLP_TS3_1",2.5,"C",79.55552,2.94063551189918e-06,13
"20260224_066",2026-02-24,"CDLP","TS3",1,"CDLP_TS3_1",2.5,"D",644.64576,5.06072181608963e-06,13
"20260224_066",2026-02-24,"CDLP","TS3",1,"CDLP_TS3_1",2.5,"L",136.76168,8.3845910911818e-07,13
"20260224_066",2026-02-24,"CDLP","TS3",1,"CDLP_TS3_1",2.5,"P",652.23224,8.31319984336619e-05,13
"20260224_067",2026-02-24,"CLT","TS3",1,"CLT_TS3_1",2.5,"C",98.4192,2.64052816323029e-06,13
"20260224_067",2026-02-24,"CLT","TS3",1,"CLT_TS3_1",2.5,"L",326.21864,2.1398296477141e-06,13
"20260224_067",2026-02-24,"CLT","TS3",1,"CLT_TS3_1",2.5,"T",977.22064,6.55072667161658e-06,13
"20260224_068",2026-02-24,"CDLP","TS3",2,"CDLP_TS3_2",2.5,"C",39.36768,1.28290557286418e-06,13
"20260224_068",2026-02-24,"CDLP","TS3",2,"CDLP_TS3_2",2.5,"D",547.04672,4.61999569502086e-06,13
"20260224_068",2026-02-24,"CDLP","TS3",2,"CDLP_TS3_2",2.5,"L",191.7124,2.84179815260722e-06,13
"20260224_068",2026-02-24,"CDLP","TS3",2,"CDLP_TS3_2",2.5,"P",668.02032,8.4686818092342e-05,13
"20260224_069",2026-02-24,"PT","TS3",3,"PT_TS3_3",2.5,"P",1032.58144,0.00010559504175828,13
"20260224_069",2026-02-24,"PT","TS3",3,"PT_TS3_3",2.5,"T",264.29656,1.84742005814638e-06,13
"20260224_070",2026-02-24,"CD","TS3",3,"CD_TS3_3",2.5,"C",74.01944,1.17682671936336e-06,13
"20260224_070",2026-02-24,"CD","TS3",3,"CD_TS3_3",2.5,"D",2034.40688,1.99789094062603e-05,13
"20260224_071",2026-02-24,"CDLT","TS3",3,"CDLT_TS3_3",2.5,"C",25.63,2.83147320290831e-07,13
"20260224_071",2026-02-24,"CDLT","TS3",3,"CDLT_TS3_3",2.5,"D",269.01248,2.69092121718552e-06,13
"20260224_071",2026-02-24,"CDLT","TS3",3,"CDLT_TS3_3",2.5,"L",228.20952,1.28403859163243e-06,13
"20260224_071",2026-02-24,"CDLT","TS3",3,"CDLT_TS3_3",2.5,"T",1322.71304,1.01659307765537e-05,13
"20260224_072",2026-02-24,"DPT","TS3",3,"DPT_TS3_3",2.5,"D",399.21288,6.91491041702458e-06,13
"20260224_072",2026-02-24,"DPT","TS3",3,"DPT_TS3_3",2.5,"P",580.46824,8.02689124430547e-05,13
"20260224_072",2026-02-24,"DPT","TS3",3,"DPT_TS3_3",2.5,"T",1360.03032,1.00701296942213e-05,13
"20260224_073",2026-02-24,"CLT","TS3",3,"CLT_TS3_3",2.5,"C",77.50512,3.996186203064e-06,13
"20260224_073",2026-02-24,"CLT","TS3",3,"CLT_TS3_3",2.5,"L",230.46496,1.33090599204218e-06,13
"20260224_073",2026-02-24,"CLT","TS3",3,"CLT_TS3_3",2.5,"T",646.69616,4.77084283293707e-06,13
"20260224_074",2026-02-24,"CD","TS3",1,"CD_TS3_1",2.5,"C",98.00912,3.35662353760378e-06,13
"20260224_074",2026-02-24,"CD","TS3",1,"CD_TS3_1",2.5,"D",1673.1264,1.53002745112867e-05,13
"20260224_075",2026-02-24,"PT","TS3",2,"PT_TS3_2",2.5,"P",618.60568,6.43247736179237e-05,13
"20260224_075",2026-02-24,"PT","TS3",2,"PT_TS3_2",2.5,"T",642.18528,6.39945857600864e-06,13
"20260224_076",2026-02-24,"PT","TS3",1,"PT_TS3_1",2.5,"P",1067.2332,0.00010652577235055,13
"20260224_076",2026-02-24,"PT","TS3",1,"PT_TS3_1",2.5,"T",756.18752,4.65289408293535e-06,13
"20260224_077",2026-02-24,"CDPT","TS3",3,"CDPT_TS3_3",2.5,"C",0,0,13
"20260224_077",2026-02-24,"CDPT","TS3",3,"CDPT_TS3_3",2.5,"D",263.68144,1.68221182506241e-06,13
"20260224_077",2026-02-24,"CDPT","TS3",3,"CDPT_TS3_3",2.5,"P",656.33304,7.37645961501858e-05,13
"20260224_077",2026-02-24,"CDPT","TS3",3,"CDPT_TS3_3",2.5,"T",772.79576,6.5506587790323e-06,13
"20260224_078",2026-02-24,"CDPT","TS3",1,"CDPT_TS3_1",2.5,"C",75.45472,2.53452937154886e-06,13
"20260224_078",2026-02-24,"CDPT","TS3",1,"CDPT_TS3_1",2.5,"D",227.79944,1.48566528472257e-06,13
"20260224_078",2026-02-24,"CDPT","TS3",1,"CDPT_TS3_1",2.5,"P",577.39264,7.15558076924326e-05,13
"20260224_078",2026-02-24,"CDPT","TS3",1,"CDPT_TS3_1",2.5,"T",877.5712,5.70006359859468e-06,13
"20260224_079",2026-02-24,"DPT","TS3",1,"DPT_TS3_1",2.5,"D",201.9644,1.22850550764741e-06,13
"20260224_079",2026-02-24,"DPT","TS3",1,"DPT_TS3_1",2.5,"P",686.47392,7.97195196046012e-05,13
"20260224_079",2026-02-24,"DPT","TS3",1,"DPT_TS3_1",2.5,"T",1350.80352,9.47586910310372e-06,13
"20260224_080",2026-02-24,"CLT","TS3",2,"CLT_TS3_2",2.5,"C",122.61392,3.76104051971417e-06,13
"20260224_080",2026-02-24,"CLT","TS3",2,"CLT_TS3_2",2.5,"L",599.12688,4.22060127135623e-06,13
"20260224_080",2026-02-24,"CLT","TS3",2,"CLT_TS3_2",2.5,"T",640.95504,4.71868572013129e-06,13
"20260224_081",2026-02-24,"LT","TS3",2,"LT_TS3_2",2.5,"L",403.51872,3.39371644405843e-06,13
"20260224_081",2026-02-24,"LT","TS3",2,"LT_TS3_2",2.5,"T",1760.2684,1.71839030419049e-05,13
"20260224_082",2026-02-24,"PT","TS4",1,"PT_TS4_1",2.5,"P",894.17944,0.000105257580497,13
"20260224_082",2026-02-24,"PT","TS4",1,"PT_TS4_1",2.5,"T",501.73288,2.90785081569869e-06,13
"20260224_083",2026-02-24,"DPT","TS4",2,"DPT_TS4_2",2.5,"D",282.9552,2.45918862106191e-06,13
"20260224_083",2026-02-24,"DPT","TS4",2,"DPT_TS4_2",2.5,"P",831.4372,9.54088795788932e-05,13
"20260224_083",2026-02-24,"DPT","TS4",2,"DPT_TS4_2",2.5,"T",1481.414,1.55272981782874e-05,13
"20260224_084",2026-02-24,"CDLP","TS4",3,"CDLP_TS4_3",2.5,"C",89.60248,6.54861185136171e-06,13
"20260224_084",2026-02-24,"CDLP","TS4",3,"CDLP_TS4_3",2.5,"D",600.7672,5.57200924635343e-06,13
"20260224_084",2026-02-24,"CDLP","TS4",3,"CDLP_TS4_3",2.5,"L",494.1464,3.15099037019938e-06,13
"20260224_084",2026-02-24,"CDLP","TS4",3,"CDLP_TS4_3",2.5,"P",677.6572,9.59260584644892e-05,13
"20260224_085",2026-02-24,"PT","TS4",2,"PT_TS4_2",2.5,"P",900.53568,9.98751601452294e-05,13
"20260224_085",2026-02-24,"PT","TS4",2,"PT_TS4_2",2.5,"T",888.8484,5.77870653169931e-06,13
"20260224_086",2026-02-24,"CDPT","TS4",1,"CDPT_TS4_1",2.5,"C",49.00456,1.334878814557e-06,13
"20260224_086",2026-02-24,"CDPT","TS4",1,"CDPT_TS4_1",2.5,"D",246.86816,2.42458877066765e-06,13
"20260224_086",2026-02-24,"CDPT","TS4",1,"CDPT_TS4_1",2.5,"P",526.33768,6.28508193960049e-05,13
"20260224_086",2026-02-24,"CDPT","TS4",1,"CDPT_TS4_1",2.5,"T",927.806,9.0830288382133e-06,13
"20260224_087",2026-02-24,"PT","TS4",3,"PT_TS4_3",2.5,"P",901.76592,0.00010805388508203,13
"20260224_087",2026-02-24,"PT","TS4",3,"PT_TS4_3",2.5,"T",697.75112,4.82161193396245e-06,13
"20260224_088",2026-02-24,"DPT","TS4",3,"DPT_TS4_3",2.5,"D",333.39504,2.62078126059094e-06,13
"20260224_088",2026-02-24,"DPT","TS4",3,"DPT_TS4_3",2.5,"P",645.46592,8.13153252923399e-05,13
"20260224_088",2026-02-24,"DPT","TS4",3,"DPT_TS4_3",2.5,"T",1287.03608,1.17009129442414e-05,13
"20260224_089",2026-02-24,"CDLT","TS4",2,"CDLT_TS4_2",2.5,"C",0,0,13
"20260224_089",2026-02-24,"CDLT","TS4",2,"CDLT_TS4_2",2.5,"D",371.32744,4.80922204844172e-06,13
"20260224_089",2026-02-24,"CDLT","TS4",2,"CDLT_TS4_2",2.5,"L",466.87608,2.80400872572887e-06,13
"20260224_089",2026-02-24,"CDLT","TS4",2,"CDLT_TS4_2",2.5,"T",1557.07376,1.2075342232101e-05,13
"20260224_090",2026-02-24,"CDPT","TS4",2,"CDPT_TS4_2",2.5,"C",51.26,2.51011642144618e-06,13
"20260224_090",2026-02-24,"CDPT","TS4",2,"CDPT_TS4_2",2.5,"D",233.13048,2.04164112126949e-06,13
"20260224_090",2026-02-24,"CDPT","TS4",2,"CDPT_TS4_2",2.5,"P",459.90472,5.63838087180589e-05,13
"20260224_090",2026-02-24,"CDPT","TS4",2,"CDPT_TS4_2",2.5,"T",1122.18392,1.04643743344263e-05,13
"20260224_091",2026-02-24,"CLT","TS4",1,"CLT_TS4_1",2.5,"C",85.50168,5.09659657953985e-06,13
"20260224_091",2026-02-24,"CLT","TS4",1,"CLT_TS4_1",2.5,"L",677.04208,5.83220613483805e-06,13
"20260224_091",2026-02-24,"CLT","TS4",1,"CLT_TS4_1",2.5,"T",604.45792,4.65974965086538e-06,13
"20260224_092",2026-02-24,"LP","TS4",3,"LP_TS4_3",2.5,"L",1689.32456,8.88631536274395e-06,13
"20260224_092",2026-02-24,"LP","TS4",3,"LP_TS4_3",2.5,"P",970.24928,0.00014128406209376,13
"20260224_093",2026-02-24,"CLT","TS4",3,"CLT_TS4_3",2.5,"C",239.07664,1.3269958562009e-05,13
"20260224_093",2026-02-24,"CLT","TS4",3,"CLT_TS4_3",2.5,"L",815.64912,5.46053353545939e-06,13
"20260224_093",2026-02-24,"CLT","TS4",3,"CLT_TS4_3",2.5,"T",884.13248,7.08829624174722e-06,13
"20260224_094",2026-02-24,"CDLP","TS4",2,"CDLP_TS4_2",2.5,"C",102.93008,5.92587226700724e-06,13
"20260224_094",2026-02-24,"CDLP","TS4",2,"CDLP_TS4_2",2.5,"D",654.48768,6.80396853800842e-06,13
"20260224_094",2026-02-24,"CDLP","TS4",2,"CDLP_TS4_2",2.5,"L",327.0388,2.30941676370096e-06,13
"20260224_094",2026-02-24,"CDLP","TS4",2,"CDLP_TS4_2",2.5,"P",629.88288,7.46453589869421e-05,13
"20260224_095",2026-02-24,"LP","TS4",2,"LP_TS4_2",2.5,"L",315.35152,1.83937501821397e-06,13
"20260224_095",2026-02-24,"LP","TS4",2,"LP_TS4_2",2.5,"P",980.29624,0.00011671158186603,13
"20260224_096",2026-02-24,"CDLT","TS4",3,"CDLT_TS4_3",2.5,"C",49.41464,1.05361371084679e-06,13
"20260224_096",2026-02-24,"CDLT","TS4",3,"CDLT_TS4_3",2.5,"D",547.25176,5.53272723054663e-06,13
"20260224_096",2026-02-24,"CDLT","TS4",3,"CDLT_TS4_3",2.5,"L",583.54384,5.76044739316072e-06,13
"20260224_096",2026-02-24,"CDLT","TS4",3,"CDLT_TS4_3",2.5,"T",1365.77144,1.15494661137229e-05,13
"20260224_097",2026-02-24,"LP","TS4",1,"LP_TS4_1",2.5,"L",405.15904,2.18167384307484e-06,13
"20260224_097",2026-02-24,"LP","TS4",1,"LP_TS4_1",2.5,"P",588.4648,7.06730232379174e-05,13
"20260224_098",2026-02-24,"CDLT","TS4",1,"CDLT_TS4_1",2.5,"C",51.26,1.70047775264722e-06,13
"20260224_098",2026-02-24,"CDLT","TS4",1,"CDLT_TS4_1",2.5,"D",544.3812,6.66652905501247e-06,13
"20260224_098",2026-02-24,"CDLT","TS4",1,"CDLT_TS4_1",2.5,"L",550.32736,3.18700984346948e-06,13
"20260224_098",2026-02-24,"CDLT","TS4",1,"CDLT_TS4_1",2.5,"T",779.76712,6.78258055119474e-06,13
"20260224_099",2026-02-24,"CDLP","TS4",1,"CDLP_TS4_1",2.5,"C",28.8606722689076,1.44011579639494e-06,13
"20260224_099",2026-02-24,"CDLP","TS4",1,"CDLP_TS4_1",2.5,"D",442.47632,4.62642696392514e-06,13
"20260224_099",2026-02-24,"CDLP","TS4",1,"CDLP_TS4_1",2.5,"L",156.24048,1.05592762519278e-06,13
"20260224_099",2026-02-24,"CDLP","TS4",1,"CDLP_TS4_1",2.5,"P",584.97912,7.52904127376489e-05,13
"20260224_100",2026-02-24,"DPT","TS4",1,"DPT_TS4_1",2.5,"D",300.3836,2.41132919952631e-06,13
"20260224_100",2026-02-24,"DPT","TS4",1,"DPT_TS4_1",2.5,"P",606.9184,7.36452782036421e-05,13
"20260224_100",2026-02-24,"DPT","TS4",1,"DPT_TS4_1",2.5,"T",1583.52392,1.31169531216664e-05,13
"20260224_101",2026-02-24,"LT","TS4",1,"LT_TS4_1",2.5,"L",1443.07152,1.29592462584448e-05,13
"20260224_101",2026-02-24,"LT","TS4",1,"LT_TS4_1",2.5,"T",1826.29128,2.16479604016659e-05,13
"20260224_102",2026-02-24,"CDPT","TS4",3,"CDPT_TS4_3",2.5,"C",51.26,2.38752184399668e-06,13
"20260224_102",2026-02-24,"CDPT","TS4",3,"CDPT_TS4_3",2.5,"D",199.50392,2.57789749465478e-06,13
"20260224_102",2026-02-24,"CDPT","TS4",3,"CDPT_TS4_3",2.5,"P",629.4728,8.22405719552282e-05,13
"20260224_102",2026-02-24,"CDPT","TS4",3,"CDPT_TS4_3",2.5,"T",737.93896,6.69799373806611e-06,13
"20260224_103",2026-02-24,"LPT","TS4",1,"LPT_TS4_1",2.5,"L",122.20384,5.225892128363e-07,13
"20260224_103",2026-02-24,"LPT","TS4",1,"LPT_TS4_1",2.5,"P",561.19448,7.69669587966335e-05,13
"20260224_103",2026-02-24,"LPT","TS4",1,"LPT_TS4_1",2.5,"T",922.68,6.0901894206946e-06,13
"20260224_104",2026-02-24,"LT","TS4",3,"LT_TS4_3",2.5,"L",1264.68672,1.32276030853802e-05,13
"20260224_104",2026-02-24,"LT","TS4",3,"LT_TS4_3",2.5,"T",2616.51544,3.15513288105345e-05,13
"20260224_105",2026-02-24,"LT","TS4",2,"LT_TS4_2",2.5,"L",942.36384,9.44583830234695e-06,13
"20260224_105",2026-02-24,"LT","TS4",2,"LT_TS4_2",2.5,"T",1556.66368,1.79629919110198e-05,13
"20260224_106",2026-02-24,"CLT","TS4",2,"CLT_TS4_2",2.5,"C",199.50392,8.63874360044954e-06,13
"20260224_106",2026-02-24,"CLT","TS4",2,"CLT_TS4_2",2.5,"L",771.77056,4.63870871500934e-06,13
"20260224_106",2026-02-24,"CLT","TS4",2,"CLT_TS4_2",2.5,"T",484.71456,4.17513808767755e-06,13
"20260224_107",2026-02-24,"LPT","TS4",2,"LPT_TS4_2",2.5,"L",632.75344,2.97242387648948e-06,13
"20260224_107",2026-02-24,"LPT","TS4",2,"LPT_TS4_2",2.5,"P",596.6664,6.70586515635941e-05,13
"20260224_107",2026-02-24,"LPT","TS4",2,"LPT_TS4_2",2.5,"T",917.96408,5.31477085975403e-06,13
"20260224_108",2026-02-24,"LPT","TS4",3,"LPT_TS4_3",2.5,"L",487.58512,2.62727538664027e-06,13
"20260224_108",2026-02-24,"LPT","TS4",3,"LPT_TS4_3",2.5,"P",675.40176,8.43369391960488e-05,13
"20260224_108",2026-02-24,"LPT","TS4",3,"LPT_TS4_3",2.5,"T",941.54368,5.07764888248206e-06,13
"20260225_001",2026-02-25,"DLPT","TS1",3,"DLPT_TS1_3",2.5,"D",173.87392,1.30358329747517e-06,14
"20260225_001",2026-02-25,"DLPT","TS1",3,"DLPT_TS1_3",2.5,"L",76.89,4.95240115694513e-07,14
"20260225_001",2026-02-25,"DLPT","TS1",3,"DLPT_TS1_3",2.5,"P",666.38,7.00910384239438e-05,14
"20260225_001",2026-02-25,"DLPT","TS1",3,"DLPT_TS1_3",2.5,"T",879.82664,5.80765063473445e-06,14
"20260225_002",2026-02-25,"LPT","TS1",1,"LPT_TS1_1",2.5,"L",45.6393859649123,1.58895917740666e-07,14
"20260225_002",2026-02-25,"LPT","TS1",1,"LPT_TS1_1",2.5,"P",1116.64784,0.00012603588791217,14
"20260225_002",2026-02-25,"LPT","TS1",1,"LPT_TS1_1",2.5,"T",554.42816,3.44754367321168e-06,14
"20260225_003",2026-02-25,"DLPT","TS1",2,"DLPT_TS1_2",2.5,"D",106.21072,5.93236747275328e-06,14
"20260225_003",2026-02-25,"DLPT","TS1",2,"DLPT_TS1_2",2.5,"L",56.18096,3.63804194902519e-07,14
"20260225_003",2026-02-25,"DLPT","TS1",2,"DLPT_TS1_2",2.5,"P",909.14736,9.32493691898602e-05,14
"20260225_003",2026-02-25,"DLPT","TS1",2,"DLPT_TS1_2",2.5,"T",594.82104,4.21443986062628e-06,14
"20260225_004",2026-02-25,"CD","TS1",3,"CD_TS1_3",2.5,"C",0,0,14
"20260225_004",2026-02-25,"CD","TS1",3,"CD_TS1_3",2.5,"D",1925.94072,1.78007149900034e-05,14
"20260225_005",2026-02-25,"CLT","TS1",1,"CLT_TS1_1",2.5,"C",88.37224,3.96879825715076e-06,14
"20260225_005",2026-02-25,"CLT","TS1",1,"CLT_TS1_1",2.5,"L",249.32864,1.58064959678906e-06,14
"20260225_005",2026-02-25,"CLT","TS1",1,"CLT_TS1_1",2.5,"T",685.44872,4.1670106873206e-06,14
"20260225_006",2026-02-25,"DPT","TS1",3,"DPT_TS1_3",2.5,"D",163.82696,9.82521335621862e-07,14
"20260225_006",2026-02-25,"DPT","TS1",3,"DPT_TS1_3",2.5,"P",977.83576,0.00010181047755963,14
"20260225_006",2026-02-25,"DPT","TS1",3,"DPT_TS1_3",2.5,"T",1107.216,7.43488055909971e-06,14
"20260225_007",2026-02-25,"CLT","TS1",2,"CLT_TS1_2",2.5,"C",51.26,2.10386266273838e-06,14
"20260225_007",2026-02-25,"CLT","TS1",2,"CLT_TS1_2",2.5,"L",207.91056,1.42925980633644e-06,14
"20260225_007",2026-02-25,"CLT","TS1",2,"CLT_TS1_2",2.5,"T",624.75688,4.78805320306284e-06,14
"20260225_008",2026-02-25,"CDLP","TS1",2,"CDLP_TS1_2",2.5,"C",115.23248,4.58645186463426e-06,14
"20260225_008",2026-02-25,"CDLP","TS1",2,"CDLP_TS1_2",2.5,"D",333.39504,3.53317906258111e-06,14
"20260225_008",2026-02-25,"CDLP","TS1",2,"CDLP_TS1_2",2.5,"L",256.50504,2.55551056792621e-06,14
"20260225_008",2026-02-25,"CDLP","TS1",2,"CDLP_TS1_2",2.5,"P",466.67104,5.75258225428195e-05,14
"20260225_009",2026-02-25,"PT","TS1",1,"PT_TS1_1",2.5,"P",1012.28248,9.2523260630129e-05,14
"20260225_009",2026-02-25,"PT","TS1",1,"PT_TS1_1",2.5,"T",366.20144,2.70475409684871e-06,14
"20260225_010",2026-02-25,"LPT","TS1",2,"LPT_TS1_2",2.5,"L",0,0,14
"20260225_010",2026-02-25,"LPT","TS1",2,"LPT_TS1_2",2.5,"P",1033.60664,0.00011577785114324,14
"20260225_010",2026-02-25,"LPT","TS1",2,"LPT_TS1_2",2.5,"T",278.23928,1.72246242605659e-06,14
"20260225_011",2026-02-25,"CDLT","TS1",3,"CDLT_TS1_3",2.5,"C",83.24624,3.04675614224659e-06,14
"20260225_011",2026-02-25,"CDLT","TS1",3,"CDLT_TS1_3",2.5,"D",471.38696,3.22623658867889e-06,14
"20260225_011",2026-02-25,"CDLT","TS1",3,"CDLT_TS1_3",2.5,"L",376.2484,2.74404280842113e-06,14
"20260225_011",2026-02-25,"CDLT","TS1",3,"CDLT_TS1_3",2.5,"T",1481.61904,1.31863888244997e-05,14
"20260225_012",2026-02-25,"DLPT","TS1",1,"DLPT_TS1_1",2.5,"D",188.84184,1.7136899305428e-06,14
"20260225_012",2026-02-25,"DLPT","TS1",1,"DLPT_TS1_1",2.5,"L",70.7388,4.77722196837707e-07,14
"20260225_012",2026-02-25,"DLPT","TS1",1,"DLPT_TS1_1",2.5,"P",955.07632,9.93233830568139e-05,14
"20260225_012",2026-02-25,"DLPT","TS1",1,"DLPT_TS1_1",2.5,"T",1165.85744,7.82632324696648e-06,14
"20260225_013",2026-02-25,"LT","TS1",3,"LT_TS1_3",2.5,"L",280.69976,3.48567574518147e-06,14
"20260225_013",2026-02-25,"LT","TS1",3,"LT_TS1_3",2.5,"T",2636.60936,2.41042971342189e-05,14
"20260225_014",2026-02-25,"CDLT","TS1",2,"CDLT_TS1_2",2.5,"C",51.26,2.25608797753805e-06,14
"20260225_014",2026-02-25,"CDLT","TS1",2,"CDLT_TS1_2",2.5,"D",519.57136,4.47689839745165e-06,14
"20260225_014",2026-02-25,"CDLT","TS1",2,"CDLT_TS1_2",2.5,"L",334.62528,1.90311081316356e-06,14
"20260225_014",2026-02-25,"CDLT","TS1",2,"CDLT_TS1_2",2.5,"T",1436.71528,1.19820329087136e-05,14
"20260225_015",2026-02-25,"LT","TS1",2,"LT_TS1_2",2.5,"L",549.30216,5.99874321614282e-06,14
"20260225_015",2026-02-25,"LT","TS1",2,"LT_TS1_2",2.5,"T",2516.866,2.16830928120366e-05,14
"20260225_016",2026-02-25,"CDLT","TS1",1,"CDLT_TS1_1",2.5,"C",50.43984,2.08047192997678e-06,14
"20260225_016",2026-02-25,"CDLT","TS1",1,"CDLT_TS1_1",2.5,"D",253.63448,1.36622930727392e-06,14
"20260225_016",2026-02-25,"CDLT","TS1",1,"CDLT_TS1_1",2.5,"L",285.41568,1.56762830055363e-06,14
"20260225_016",2026-02-25,"CDLT","TS1",1,"CDLT_TS1_1",2.5,"T",1371.92264,1.18747896601974e-05,14
"20260225_017",2026-02-25,"DPT","TS1",1,"DPT_TS1_1",2.5,"D",280.9048,2.14072843520431e-06,14
"20260225_017",2026-02-25,"DPT","TS1",1,"DPT_TS1_1",2.5,"P",942.36384,8.83836289075241e-05,14
"20260225_017",2026-02-25,"DPT","TS1",1,"DPT_TS1_1",2.5,"T",821.59528,6.3171010962647e-06,14
"20260225_018",2026-02-25,"DPT","TS1",2,"DPT_TS1_2",2.5,"D",212.83152,1.25526416423885e-06,14
"20260225_018",2026-02-25,"DPT","TS1",2,"DPT_TS1_2",2.5,"P",1290.52176,0.00012997272423992,14
"20260225_018",2026-02-25,"DPT","TS1",2,"DPT_TS1_2",2.5,"T",1210.14608,8.05499393034014e-06,14
"20260225_019",2026-02-25,"PT","TS1",3,"PT_TS1_3",2.5,"P",1343.83216,0.00012043933136482,14
"20260225_019",2026-02-25,"PT","TS1",3,"PT_TS1_3",2.5,"T",711.07872,4.24045075848999e-06,14
"20260225_020",2026-02-25,"CDLP","TS1",1,"CDLP_TS1_1",2.5,"C",0,0,14
"20260225_020",2026-02-25,"CDLP","TS1",1,"CDLP_TS1_1",2.5,"D",562.01464,4.88055921396218e-06,14
"20260225_020",2026-02-25,"CDLP","TS1",1,"CDLP_TS1_1",2.5,"L",182.69064,1.7299374059143e-06,14
"20260225_020",2026-02-25,"CDLP","TS1",1,"CDLP_TS1_1",2.5,"P",586.00432,6.57313684937209e-05,14
"20260225_021",2026-02-25,"CDLP","TS1",3,"CDLP_TS1_3",2.5,"C",78.9404,2.12511241976904e-06,14
"20260225_021",2026-02-25,"CDLP","TS1",3,"CDLP_TS1_3",2.5,"D",851.9412,6.84750192661924e-06,14
"20260225_021",2026-02-25,"CDLP","TS1",3,"CDLP_TS1_3",2.5,"L",209.34584,1.99247592892441e-06,14
"20260225_021",2026-02-25,"CDLP","TS1",3,"CDLP_TS1_3",2.5,"P",503.16816,5.64475315471704e-05,14
"20260225_022",2026-02-25,"CD","TS1",1,"CD_TS1_1",2.5,"C",49.2096,2.0541915359017e-06,14
"20260225_022",2026-02-25,"CD","TS1",1,"CD_TS1_1",2.5,"D",1588.44488,1.79294479816172e-05,14
"20260225_023",2026-02-25,"LPT","TS1",3,"LPT_TS1_3",2.5,"L",25.63,1.00392525117282e-07,14
"20260225_023",2026-02-25,"LPT","TS1",3,"LPT_TS1_3",2.5,"P",774.84616,8.93715573959905e-05,14
"20260225_023",2026-02-25,"LPT","TS1",3,"LPT_TS1_3",2.5,"T",473.84744,2.63918275655474e-06,14
"20260225_024",2026-02-25,"LT","TS1",1,"LT_TS1_1",2.5,"L",780.99736,6.82156447187094e-06,14
"20260225_024",2026-02-25,"LT","TS1",1,"LT_TS1_1",2.5,"T",1797.99576,1.67859357332404e-05,14
"20260225_025",2026-02-25,"CLT","TS1",3,"CLT_TS1_3",2.5,"C",220.82808,1.08164754781968e-05,14
"20260225_025",2026-02-25,"CLT","TS1",3,"CLT_TS1_3",2.5,"L",848.45552,5.41495430605344e-06,14
"20260225_025",2026-02-25,"CLT","TS1",3,"CLT_TS1_3",2.5,"T",568.16584,5.30007339365176e-06,14
"20260225_026",2026-02-25,"CD","TS1",2,"CD_TS1_2",2.5,"C",25.63,6.4155174521495e-08,14
"20260225_026",2026-02-25,"CD","TS1",2,"CD_TS1_2",2.5,"D",1994.62912,1.91802950597072e-05,14
"20260225_027",2026-02-25,"PT","TS1",2,"PT_TS1_2",2.5,"P",712.30896,7.01498668101166e-05,14
"20260225_027",2026-02-25,"PT","TS1",2,"PT_TS1_2",2.5,"T",782.02256,4.98225459012813e-06,14
"20260225_028",2026-02-25,"CLT","TS2",1,"CLT_TS2_1",2.5,"C",102.52,5.00060210720002e-06,14
"20260225_028",2026-02-25,"CLT","TS2",1,"CLT_TS2_1",2.5,"L",764.38912,3.75592050572442e-06,14
"20260225_028",2026-02-25,"CLT","TS2",1,"CLT_TS2_1",2.5,"T",1113.16216,1.07008829946337e-05,14
"20260225_029",2026-02-25,"CP","TS2",1,"CP_TS2_1",2.5,"C",118.51312,4.02925689365505e-06,14
"20260225_029",2026-02-25,"CP","TS2",1,"CP_TS2_1",2.5,"P",712.71904,7.7762156329997e-05,14
"20260225_030",2026-02-25,"CDPT","TS2",1,"CDPT_TS2_1",2.5,"C",0,0,14
"20260225_030",2026-02-25,"CDPT","TS2",1,"CDPT_TS2_1",2.5,"D",117.898,9.68721393771382e-07,14
"20260225_030",2026-02-25,"CDPT","TS2",1,"CDPT_TS2_1",2.5,"P",669.04552,7.08618576112668e-05,14
"20260225_030",2026-02-25,"CDPT","TS2",1,"CDPT_TS2_1",2.5,"T",1096.75896,1.00510475120809e-05,14
"20260225_031",2026-02-25,"CDPT","TS2",3,"CDPT_TS2_3",2.5,"C",25.63,1.20594885876697e-06,14
"20260225_031",2026-02-25,"CDPT","TS2",3,"CDPT_TS2_3",2.5,"D",147.21872,2.19600468178841e-06,14
"20260225_031",2026-02-25,"CDPT","TS2",3,"CDPT_TS2_3",2.5,"P",474.05248,5.34029098737891e-05,14
"20260225_031",2026-02-25,"CDPT","TS2",3,"CDPT_TS2_3",2.5,"T",1283.14032,1.12105204844369e-05,14
"20260225_032",2026-02-25,"LT","TS2",3,"LT_TS2_3",2.5,"L",568.57592,3.76946848617975e-06,14
"20260225_032",2026-02-25,"LT","TS2",3,"LT_TS2_3",2.5,"T",2420.4972,2.42229635686428e-05,14
"20260225_033",2026-02-25,"PT","TS2",3,"PT_TS2_3",2.5,"P",777.51168,7.94434478422692e-05,14
"20260225_033",2026-02-25,"PT","TS2",3,"PT_TS2_3",2.5,"T",628.85768,3.76731626243429e-06,14
"20260225_034",2026-02-25,"DPT","TS2",3,"DPT_TS2_3",2.5,"D",263.27136,2.24687451262832e-06,14
"20260225_034",2026-02-25,"DPT","TS2",3,"DPT_TS2_3",2.5,"P",966.55856,0.00010818007457658,14
"20260225_034",2026-02-25,"DPT","TS2",3,"DPT_TS2_3",2.5,"T",1494.12648,1.12766273475159e-05,14
"20260225_035",2026-02-25,"PT","TS2",1,"PT_TS2_1",2.5,"P",447.60232,4.27803300693709e-05,14
"20260225_035",2026-02-25,"PT","TS2",1,"PT_TS2_1",2.5,"T",730.35248,4.49257957662421e-06,14
"20260225_036",2026-02-25,"CDLT","TS2",3,"CDLT_TS2_3",2.5,"C",25.63,7.23123121452725e-07,14
"20260225_036",2026-02-25,"CDLT","TS2",3,"CDLT_TS2_3",2.5,"D",539.05016,4.26032317567759e-06,14
"20260225_036",2026-02-25,"CDLT","TS2",3,"CDLT_TS2_3",2.5,"L",323.75816,1.55486463692853e-06,14
"20260225_036",2026-02-25,"CDLT","TS2",3,"CDLT_TS2_3",2.5,"T",1131.61576,1.08546590714582e-05,14
"20260225_037",2026-02-25,"CDLP","TS2",2,"CDLP_TS2_2",2.5,"C",76.89,3.10247196870401e-06,14
"20260225_037",2026-02-25,"CDLP","TS2",2,"CDLP_TS2_2",2.5,"D",769.10504,5.71623296546493e-06,14
"20260225_037",2026-02-25,"CDLP","TS2",2,"CDLP_TS2_2",2.5,"L",525.31248,2.68927262833393e-06,14
"20260225_037",2026-02-25,"CDLP","TS2",2,"CDLP_TS2_2",2.5,"P",560.37432,5.60246418820683e-05,14
"20260225_038",2026-02-25,"CDLT","TS2",2,"CDLT_TS2_2",2.5,"C",82.83616,5.45257865170223e-06,14
"20260225_038",2026-02-25,"CDLT","TS2",2,"CDLT_TS2_2",2.5,"D",508.90928,5.10302010042507e-06,14
"20260225_038",2026-02-25,"CDLT","TS2",2,"CDLT_TS2_2",2.5,"L",424.02272,3.19025417155925e-06,14
"20260225_038",2026-02-25,"CDLT","TS2",2,"CDLT_TS2_2",2.5,"T",1187.59168,1.07589559030469e-05,14
"20260225_039",2026-02-25,"CDPT","TS2",2,"CDPT_TS2_2",2.5,"C",51.26,3.03120158135222e-06,14
"20260225_039",2026-02-25,"CDPT","TS2",2,"CDPT_TS2_2",2.5,"D",188.6368,9.40944306809482e-06,14
"20260225_039",2026-02-25,"CDPT","TS2",2,"CDPT_TS2_2",2.5,"P",656.128,7.23596849149843e-05,14
"20260225_039",2026-02-25,"CDPT","TS2",2,"CDPT_TS2_2",2.5,"T",742.44984,8.62217205391746e-06,14
"20260225_040",2026-02-25,"CLT","TS2",3,"CLT_TS2_3",2.5,"C",56.18096,2.190192907409e-06,14
"20260225_040",2026-02-25,"CLT","TS2",3,"CLT_TS2_3",2.5,"L",542.94592,3.86990211126646e-06,14
"20260225_040",2026-02-25,"CLT","TS2",3,"CLT_TS2_3",2.5,"T",881.87704,6.53113832248733e-06,14
"20260225_041",2026-02-25,"PT","TS2",2,"PT_TS2_2",2.5,"P",696.93096,7.0633327322407e-05,14
"20260225_041",2026-02-25,"PT","TS2",2,"PT_TS2_2",2.5,"T",500.09256,2.98314724007532e-06,14
"20260225_042",2026-02-25,"DLP","TS2",3,"DLP_TS2_3",2.5,"D",1312.46104,1.06558258819555e-05,14
"20260225_042",2026-02-25,"DLP","TS2",3,"DLP_TS2_3",2.5,"L",487.17504,2.41716407519685e-06,14
"20260225_042",2026-02-25,"DLP","TS2",3,"DLP_TS2_3",2.5,"P",658.58848,7.46871014670093e-05,14
"20260225_043",2026-02-25,"CDLP","TS2",1,"CDLP_TS2_1",2.5,"C",69.50856,2.77259478785258e-06,14
"20260225_043",2026-02-25,"CDLP","TS2",1,"CDLP_TS2_1",2.5,"D",1046.93424,8.04098539795612e-06,14
"20260225_043",2026-02-25,"CDLP","TS2",1,"CDLP_TS2_1",2.5,"L",246.45808,1.30988071435971e-06,14
"20260225_043",2026-02-25,"CDLP","TS2",1,"CDLP_TS2_1",2.5,"P",267.78224,2.95473001097387e-05,14
"20260225_044",2026-02-25,"LT","TS2",2,"LT_TS2_2",2.5,"L",888.43832,8.36314208115885e-06,14
"20260225_044",2026-02-25,"LT","TS2",2,"LT_TS2_2",2.5,"T",1499.04744,1.68724864148422e-05,14
"20260225_045",2026-02-25,"CLT","TS2",2,"CLT_TS2_2",2.5,"C",76.89,3.01318443996018e-06,14
"20260225_045",2026-02-25,"CLT","TS2",2,"CLT_TS2_2",2.5,"L",521.00664,2.91009444012926e-06,14
"20260225_045",2026-02-25,"CLT","TS2",2,"CLT_TS2_2",2.5,"T",850.71096,6.31615128706944e-06,14
"20260225_046",2026-02-25,"DPT","TS2",1,"DPT_TS2_1",2.5,"D",235.796,1.58935959781837e-06,14
"20260225_046",2026-02-25,"DPT","TS2",1,"DPT_TS2_1",2.5,"P",745.11536,8.9065793929869e-05,14
"20260225_046",2026-02-25,"DPT","TS2",1,"DPT_TS2_1",2.5,"T",1375.61336,9.50753387180372e-06,14
"20260225_047",2026-02-25,"DLP","TS2",2,"DLP_TS2_2",2.5,"D",864.2436,6.98068286631782e-06,14
"20260225_047",2026-02-25,"DLP","TS2",2,"DLP_TS2_2",2.5,"L",428.12352,2.33478617560573e-06,14
"20260225_047",2026-02-25,"DLP","TS2",2,"DLP_TS2_2",2.5,"P",739.78432,7.38547149438464e-05,14
"20260225_048",2026-02-25,"DPT","TS2",2,"DPT_TS2_2",2.5,"D",377.2736,3.92759167951115e-06,14
"20260225_048",2026-02-25,"DPT","TS2",2,"DPT_TS2_2",2.5,"P",841.89424,9.33777715549762e-05,14
"20260225_048",2026-02-25,"DPT","TS2",2,"DPT_TS2_2",2.5,"T",1293.39232,9.4605295557681e-06,14
"20260225_049",2026-02-25,"CP","TS2",3,"CP_TS2_3",2.5,"C",229.6448,6.7065649868503e-06,14
"20260225_049",2026-02-25,"CP","TS2",3,"CP_TS2_3",2.5,"P",840.86904,9.5009360200778e-05,14
"20260225_050",2026-02-25,"CP","TS2",2,"CP_TS2_2",2.5,"C",238.46152,7.09989180862858e-06,14
"20260225_050",2026-02-25,"CP","TS2",2,"CP_TS2_2",2.5,"P",1009.61696,0.00011588713738848,14
"20260225_051",2026-02-25,"CDLT","TS2",1,"CDLT_TS2_1",2.5,"C",25.63,7.92589726149407e-07,14
"20260225_051",2026-02-25,"CDLT","TS2",1,"CDLT_TS2_1",2.5,"D",396.95744,2.99903115541289e-06,14
"20260225_051",2026-02-25,"CDLT","TS2",1,"CDLT_TS2_1",2.5,"L",64.79264,6.0279471962746e-07,14
"20260225_051",2026-02-25,"CDLT","TS2",1,"CDLT_TS2_1",2.5,"T",1019.86896,7.94894591640124e-06,14
"20260225_052",2026-02-25,"CDLP","TS2",3,"CDLP_TS2_3",2.5,"C",25.63,9.93683912332543e-07,14
"20260225_052",2026-02-25,"CDLP","TS2",3,"CDLP_TS2_3",2.5,"D",848.8656,7.6746120122179e-06,14
"20260225_052",2026-02-25,"CDLP","TS2",3,"CDLP_TS2_3",2.5,"L",454.36864,2.6425040392087e-06,14
"20260225_052",2026-02-25,"CDLP","TS2",3,"CDLP_TS2_3",2.5,"P",265.32176,3.43361460844214e-05,14
"20260225_053",2026-02-25,"DLP","TS2",1,"DLP_TS2_1",2.5,"D",770.74536,5.43970524537399e-06,14
"20260225_053",2026-02-25,"DLP","TS2",1,"DLP_TS2_1",2.5,"L",651.61712,3.16910588222464e-06,14
"20260225_053",2026-02-25,"DLP","TS2",1,"DLP_TS2_1",2.5,"P",558.93904,6.53032066661233e-05,14
"20260225_054",2026-02-25,"LT","TS2",1,"LT_TS2_1",2.5,"L",846.61016,6.52195547693625e-06,14
"20260225_054",2026-02-25,"LT","TS2",1,"LT_TS2_1",2.5,"T",2472.7824,2.73285297994197e-05,14
"20260225_055",2026-02-25,"CDLP","TS3",3,"CDLP_TS3_3",2.5,"C",70.32872,1.31217365356255e-06,14
"20260225_055",2026-02-25,"CDLP","TS3",3,"CDLP_TS3_3",2.5,"D",269.21752,1.93954015051971e-06,14
"20260225_055",2026-02-25,"CDLP","TS3",3,"CDLP_TS3_3",2.5,"L",203.19464,1.12922456451074e-06,14
"20260225_055",2026-02-25,"CDLP","TS3",3,"CDLP_TS3_3",2.5,"P",341.3916,3.40229030632299e-05,14
"20260225_056",2026-02-25,"CDPT","TS3",2,"CDPT_TS3_2",2.5,"C",60.89688,3.06199872503126e-06,14
"20260225_056",2026-02-25,"CDPT","TS3",2,"CDPT_TS3_2",2.5,"D",76.47992,4.76214315007087e-07,14
"20260225_056",2026-02-25,"CDPT","TS3",2,"CDPT_TS3_2",2.5,"P",670.4808,7.89265626260632e-05,14
"20260225_056",2026-02-25,"CDPT","TS3",2,"CDPT_TS3_2",2.5,"T",918.16912,7.41487760932133e-06,14
"20260225_057",2026-02-25,"CDLT","TS3",2,"CDLT_TS3_2",2.5,"C",0,0,14
"20260225_057",2026-02-25,"CDLT","TS3",2,"CDLT_TS3_2",2.5,"D",346.72264,2.36608037619797e-06,14
"20260225_057",2026-02-25,"CDLT","TS3",2,"CDLT_TS3_2",2.5,"L",131.2256,7.4378691449311e-07,14
"20260225_057",2026-02-25,"CDLT","TS3",2,"CDLT_TS3_2",2.5,"T",1074.81968,7.36582328694651e-06,14
"20260225_058",2026-02-25,"LT","TS3",1,"LT_TS3_1",2.5,"L",833.28256,7.78353561643195e-06,14
"20260225_058",2026-02-25,"LT","TS3",1,"LT_TS3_1",2.5,"T",2053.06552,2.21749616217185e-05,14
"20260225_059",2026-02-25,"LT","TS3",3,"LT_TS3_3",2.5,"L",372.1476,3.84248603915601e-06,14
"20260225_059",2026-02-25,"LT","TS3",3,"LT_TS3_3",2.5,"T",1656.31312,1.64634019424873e-05,14
"20260225_060",2026-02-25,"CDLT","TS3",1,"CDLT_TS3_1",2.5,"C",31.37112,1.04019391500564e-06,14
"20260225_060",2026-02-25,"CDLT","TS3",1,"CDLT_TS3_1",2.5,"D",71.14888,5.05906566521544e-07,14
"20260225_060",2026-02-25,"CDLT","TS3",1,"CDLT_TS3_1",2.5,"L",183.30576,8.77705084910069e-07,14
"20260225_060",2026-02-25,"CDLT","TS3",1,"CDLT_TS3_1",2.5,"T",993.00872,7.44220780430064e-06,14
"20260225_061",2026-02-25,"DLP","TS3",1,"DLP_TS3_1",2.5,"D",833.89768,5.75730989925877e-06,14
"20260225_061",2026-02-25,"DLP","TS3",1,"DLP_TS3_1",2.5,"L",504.60344,2.68885757217016e-06,14
"20260225_061",2026-02-25,"DLP","TS3",1,"DLP_TS3_1",2.5,"P",467.08112,4.94966503385286e-05,14
"20260225_062",2026-02-25,"DLP","TS3",2,"DLP_TS3_2",2.5,"D",771.9756,5.02895076394505e-06,14
"20260225_062",2026-02-25,"DLP","TS3",2,"DLP_TS3_2",2.5,"L",465.23576,2.29072210318988e-06,14
"20260225_062",2026-02-25,"DLP","TS3",2,"DLP_TS3_2",2.5,"P",692.21504,7.48731531396075e-05,14
"20260225_063",2026-02-25,"DLP","TS3",3,"DLP_TS3_3",2.5,"D",431.19912,2.81480674117518e-06,14
"20260225_063",2026-02-25,"DLP","TS3",3,"DLP_TS3_3",2.5,"L",641.36512,3.54399075939999e-06,14
"20260225_063",2026-02-25,"DLP","TS3",3,"DLP_TS3_3",2.5,"P",617.58048,6.97447516085462e-05,14
"20260225_064",2026-02-25,"DPT","TS3",2,"DPT_TS3_2",2.5,"D",118.9232,6.38882383170215e-07,14
"20260225_064",2026-02-25,"DPT","TS3",2,"DPT_TS3_2",2.5,"P",947.2848,0.00011411608325338,14
"20260225_064",2026-02-25,"DPT","TS3",2,"DPT_TS3_2",2.5,"T",1901.33592,1.38887839638981e-05,14
"20260225_065",2026-02-25,"CD","TS3",2,"CD_TS3_2",2.5,"C",25.63,6.36018760605321e-07,14
"20260225_065",2026-02-25,"CD","TS3",2,"CD_TS3_2",2.5,"D",1721.51584,1.27563536841904e-05,14
"20260225_066",2026-02-25,"CDLP","TS3",1,"CDLP_TS3_1",2.5,"C",45.9492792792793,1.34755969985023e-06,14
"20260225_066",2026-02-25,"CDLP","TS3",1,"CDLP_TS3_1",2.5,"D",561.60456,5.21459376727827e-06,14
"20260225_066",2026-02-25,"CDLP","TS3",1,"CDLP_TS3_1",2.5,"L",165.26224,1.4235511127874e-06,14
"20260225_066",2026-02-25,"CDLP","TS3",1,"CDLP_TS3_1",2.5,"P",629.4728,7.69897909004922e-05,14
"20260225_067",2026-02-25,"CLT","TS3",1,"CLT_TS3_1",2.5,"C",125.0744,5.60550209733022e-06,14
"20260225_067",2026-02-25,"CLT","TS3",1,"CLT_TS3_1",2.5,"L",173.87392,9.47195027297654e-07,14
"20260225_067",2026-02-25,"CLT","TS3",1,"CLT_TS3_1",2.5,"T",724.8164,4.90162491511028e-06,14
"20260225_068",2026-02-25,"CDLP","TS3",2,"CDLP_TS3_2",2.5,"C",59.05152,2.23117192329644e-06,14
"20260225_068",2026-02-25,"CDLP","TS3",2,"CDLP_TS3_2",2.5,"D",535.1544,4.08476761857011e-06,14
"20260225_068",2026-02-25,"CDLP","TS3",2,"CDLP_TS3_2",2.5,"L",266.34696,1.95708767426503e-06,14
"20260225_068",2026-02-25,"CDLP","TS3",2,"CDLP_TS3_2",2.5,"P",790.83928,8.42211301060584e-05,14
"20260225_069",2026-02-25,"PT","TS3",3,"PT_TS3_3",2.5,"P",625.16696,6.18479031987668e-05,14
"20260225_069",2026-02-25,"PT","TS3",3,"PT_TS3_3",2.5,"T",372.1476,2.27459002315646e-06,14
"20260225_070",2026-02-25,"CD","TS3",3,"CD_TS3_3",2.5,"C",85.91176,8.93763012699041e-07,14
"20260225_070",2026-02-25,"CD","TS3",3,"CD_TS3_3",2.5,"D",1645.446,1.43330973714873e-05,14
"20260225_071",2026-02-25,"CDLT","TS3",3,"CDLT_TS3_3",2.5,"C",25.63,1.15858934299765e-06,14
"20260225_071",2026-02-25,"CDLT","TS3",3,"CDLT_TS3_3",2.5,"D",249.53368,1.59589227381256e-06,14
"20260225_071",2026-02-25,"CDLT","TS3",3,"CDLT_TS3_3",2.5,"L",186.17632,1.0571761678856e-06,14
"20260225_071",2026-02-25,"CDLT","TS3",3,"CDLT_TS3_3",2.5,"T",1426.46328,1.07651760785053e-05,14
"20260225_072",2026-02-25,"DPT","TS3",3,"DPT_TS3_3",2.5,"D",216.72728,1.21634349646486e-06,14
"20260225_072",2026-02-25,"DPT","TS3",3,"DPT_TS3_3",2.5,"P",644.8508,7.39333119489072e-05,14
"20260225_072",2026-02-25,"DPT","TS3",3,"DPT_TS3_3",2.5,"T",1652.6224,1.19742642612173e-05,14
"20260225_073",2026-02-25,"CLT","TS3",3,"CLT_TS3_3",2.5,"C",80.17064,3.40764850542535e-06,14
"20260225_073",2026-02-25,"CLT","TS3",3,"CLT_TS3_3",2.5,"L",231.28512,1.0973473269809e-06,14
"20260225_073",2026-02-25,"CLT","TS3",3,"CLT_TS3_3",2.5,"T",576.36744,3.78909857793602e-06,14
"20260225_074",2026-02-25,"CD","TS3",1,"CD_TS3_1",2.5,"C",201.55432,2.7529872744821e-06,14
"20260225_074",2026-02-25,"CD","TS3",1,"CD_TS3_1",2.5,"D",2043.2236,1.67780431352624e-05,14
"20260225_075",2026-02-25,"PT","TS3",2,"PT_TS3_2",2.5,"P",652.43728,7.1092377475315e-05,14
"20260225_075",2026-02-25,"PT","TS3",2,"PT_TS3_2",2.5,"T",721.53576,4.4763188377262e-06,14
"20260225_076",2026-02-25,"PT","TS3",1,"PT_TS3_1",2.5,"P",1063.33744,0.00010007736868582,14
"20260225_076",2026-02-25,"PT","TS3",1,"PT_TS3_1",2.5,"T",1042.01328,6.08356233311678e-06,14
"20260225_077",2026-02-25,"CDPT","TS3",3,"CDPT_TS3_3",2.5,"C",55.3608,2.38473802474655e-06,14
"20260225_077",2026-02-25,"CDPT","TS3",3,"CDPT_TS3_3",2.5,"D",52.49024,2.78887293426835e-07,14
"20260225_077",2026-02-25,"CDPT","TS3",3,"CDPT_TS3_3",2.5,"P",502.348,5.79128239598651e-05,14
"20260225_077",2026-02-25,"CDPT","TS3",3,"CDPT_TS3_3",2.5,"T",700.41664,5.85841904262882e-06,14
"20260225_078",2026-02-25,"CDPT","TS3",1,"CDPT_TS3_1",2.5,"C",84.27144,3.36119724619023e-06,14
"20260225_078",2026-02-25,"CDPT","TS3",1,"CDPT_TS3_1",2.5,"D",86.73192,1.01591615440277e-06,14
"20260225_078",2026-02-25,"CDPT","TS3",1,"CDPT_TS3_1",2.5,"P",556.47856,6.65044843805874e-05,14
"20260225_078",2026-02-25,"CDPT","TS3",1,"CDPT_TS3_1",2.5,"T",1399.19296,1.17267059376728e-05,14
"20260225_079",2026-02-25,"DPT","TS3",1,"DPT_TS3_1",2.5,"D",227.38936,1.11019056283658e-06,14
"20260225_079",2026-02-25,"DPT","TS3",1,"DPT_TS3_1",2.5,"P",522.44192,6.32283360080718e-05,14
"20260225_079",2026-02-25,"DPT","TS3",1,"DPT_TS3_1",2.5,"T",1142.48288,6.67293756481231e-06,14
"20260225_080",2026-02-25,"CLT","TS3",2,"CLT_TS3_2",2.5,"C",25.63,6.60403262758689e-07,14
"20260225_080",2026-02-25,"CLT","TS3",2,"CLT_TS3_2",2.5,"L",153.16488,1.09052181036109e-06,14
"20260225_080",2026-02-25,"CLT","TS3",2,"CLT_TS3_2",2.5,"T",538.84512,3.8968920239721e-06,14
"20260225_081",2026-02-25,"LT","TS3",2,"LT_TS3_2",2.5,"L",429.14872,4.51137497902642e-06,14
"20260225_081",2026-02-25,"LT","TS3",2,"LT_TS3_2",2.5,"T",1561.17456,1.40660615107207e-05,14
"20260225_082",2026-02-25,"PT","TS4",1,"PT_TS4_1",2.5,"P",793.91488,0.00010679308863276,14
"20260225_082",2026-02-25,"PT","TS4",1,"PT_TS4_1",2.5,"T",395.11208,3.28614974020397e-06,14
"20260225_083",2026-02-25,"DPT","TS4",2,"DPT_TS4_2",2.5,"D",165.46728,1.28969614660397e-06,14
"20260225_083",2026-02-25,"DPT","TS4",2,"DPT_TS4_2",2.5,"P",848.25048,0.00010372361865406,14
"20260225_083",2026-02-25,"DPT","TS4",2,"DPT_TS4_2",2.5,"T",1255.25488,1.01545350941116e-05,14
"20260225_084",2026-02-25,"CDLP","TS4",3,"CDLP_TS4_3",2.5,"C",188.02168,7.95605334305419e-06,14
"20260225_084",2026-02-25,"CDLP","TS4",3,"CDLP_TS4_3",2.5,"D",854.81176,9.49636485359264e-06,14
"20260225_084",2026-02-25,"CDLP","TS4",3,"CDLP_TS4_3",2.5,"L",293.61728,2.19135253441351e-06,14
"20260225_084",2026-02-25,"CDLP","TS4",3,"CDLP_TS4_3",2.5,"P",768.07984,0.00011590236289214,14
"20260225_085",2026-02-25,"PT","TS4",2,"PT_TS4_2",2.5,"P",968.60896,0.0001022296446135,14
"20260225_085",2026-02-25,"PT","TS4",2,"PT_TS4_2",2.5,"T",299.97352,2.18559311552652e-06,14
"20260225_086",2026-02-25,"CDPT","TS4",1,"CDPT_TS4_1",2.5,"C",132.86592,5.14418359680744e-06,14
"20260225_086",2026-02-25,"CDPT","TS4",1,"CDPT_TS4_1",2.5,"D",86.73192,6.47545296496593e-07,14
"20260225_086",2026-02-25,"CDPT","TS4",1,"CDPT_TS4_1",2.5,"P",632.13832,8.41094261189419e-05,14
"20260225_086",2026-02-25,"CDPT","TS4",1,"CDPT_TS4_1",2.5,"T",963.688,8.04632841192159e-06,14
"20260225_087",2026-02-25,"PT","TS4",3,"PT_TS4_3",2.5,"P",793.09472,8.71464600079528e-05,14
"20260225_087",2026-02-25,"PT","TS4",3,"PT_TS4_3",2.5,"T",402.28848,2.60237994278915e-06,14
"20260225_088",2026-02-25,"DPT","TS4",3,"DPT_TS4_3",2.5,"D",232.31032,1.88037188686897e-06,14
"20260225_088",2026-02-25,"DPT","TS4",3,"DPT_TS4_3",2.5,"P",348.568,3.67030123488603e-05,14
"20260225_088",2026-02-25,"DPT","TS4",3,"DPT_TS4_3",2.5,"T",1235.16096,9.79199168649633e-06,14
"20260225_089",2026-02-25,"CDLT","TS4",2,"CDLT_TS4_2",2.5,"C",25.63,3.90992128234589e-07,14
"20260225_089",2026-02-25,"CDLT","TS4",2,"CDLT_TS4_2",2.5,"D",359.23008,2.59011964203615e-06,14
"20260225_089",2026-02-25,"CDLT","TS4",2,"CDLT_TS4_2",2.5,"L",303.25416,2.04794532931394e-06,14
"20260225_089",2026-02-25,"CDLT","TS4",2,"CDLT_TS4_2",2.5,"T",1226.1392,1.07747172795522e-05,14
"20260225_090",2026-02-25,"CDPT","TS4",2,"CDPT_TS4_2",2.5,"C",143.11792,7.74820979224281e-06,14
"20260225_090",2026-02-25,"CDPT","TS4",2,"CDPT_TS4_2",2.5,"D",124.0492,7.55064186201239e-07,14
"20260225_090",2026-02-25,"CDPT","TS4",2,"CDPT_TS4_2",2.5,"P",861.98816,0.00011520675032696,14
"20260225_090",2026-02-25,"CDPT","TS4",2,"CDPT_TS4_2",2.5,"T",1249.10368,1.38608686538384e-05,14
"20260225_091",2026-02-25,"CLT","TS4",1,"CLT_TS4_1",2.5,"C",95.54864,5.07459515828438e-06,14
"20260225_091",2026-02-25,"CLT","TS4",1,"CLT_TS4_1",2.5,"L",592.5656,3.6729445312438e-06,14
"20260225_091",2026-02-25,"CLT","TS4",1,"CLT_TS4_1",2.5,"T",649.77176,4.11921137694004e-06,14
"20260225_092",2026-02-25,"LP","TS4",3,"LP_TS4_3",2.5,"L",1644.62584,9.53892844347185e-06,14
"20260225_092",2026-02-25,"LP","TS4",3,"LP_TS4_3",2.5,"P",767.25968,9.90735954569492e-05,14
"20260225_093",2026-02-25,"CLT","TS4",3,"CLT_TS4_3",2.5,"C",108.87624,5.41882744656992e-06,14
"20260225_093",2026-02-25,"CLT","TS4",3,"CLT_TS4_3",2.5,"L",725.43152,3.8460284382527e-06,14
"20260225_093",2026-02-25,"CLT","TS4",3,"CLT_TS4_3",2.5,"T",803.55176,7.01959317728589e-06,14
"20260225_094",2026-02-25,"CDLP","TS4",2,"CDLP_TS4_2",2.5,"C",56.386,2.26287974039518e-06,14
"20260225_094",2026-02-25,"CDLP","TS4",2,"CDLP_TS4_2",2.5,"D",591.74544,5.80389780372788e-06,14
"20260225_094",2026-02-25,"CDLP","TS4",2,"CDLP_TS4_2",2.5,"L",310.84064,2.12569992446306e-06,14
"20260225_094",2026-02-25,"CDLP","TS4",2,"CDLP_TS4_2",2.5,"P",885.15768,0.00011244746424388,14
"20260225_095",2026-02-25,"LP","TS4",2,"LP_TS4_2",2.5,"L",218.77768,3.82360573898735e-06,14
"20260225_095",2026-02-25,"LP","TS4",2,"LP_TS4_2",2.5,"P",859.1176,0.0001169072314817,14
"20260225_096",2026-02-25,"CDLT","TS4",3,"CDLT_TS4_3",2.5,"C",25.63,4.48808213645692e-07,14
"20260225_096",2026-02-25,"CDLT","TS4",3,"CDLT_TS4_3",2.5,"D",484.30448,4.5282929862226e-06,14
"20260225_096",2026-02-25,"CDLT","TS4",3,"CDLT_TS4_3",2.5,"L",274.7536,1.68106258906898e-06,14
"20260225_096",2026-02-25,"CDLT","TS4",3,"CDLT_TS4_3",2.5,"T",1134.48632,1.10254438874747e-05,14
"20260225_097",2026-02-25,"LP","TS4",1,"LP_TS4_1",2.5,"L",144.5532,5.92765247512856e-07,14
"20260225_097",2026-02-25,"LP","TS4",1,"LP_TS4_1",2.5,"P",738.96416,0.0001003447735923,14
"20260225_098",2026-02-25,"CDLT","TS4",1,"CDLT_TS4_1",2.5,"C",0,0,14
"20260225_098",2026-02-25,"CDLT","TS4",1,"CDLT_TS4_1",2.5,"D",436.7352,4.56984589765812e-06,14
"20260225_098",2026-02-25,"CDLT","TS4",1,"CDLT_TS4_1",2.5,"L",280.28968,1.90423643312056e-06,14
"20260225_098",2026-02-25,"CDLT","TS4",1,"CDLT_TS4_1",2.5,"T",1190.2572,9.59897144263395e-06,14
"20260225_099",2026-02-25,"CDLP","TS4",1,"CDLP_TS4_1",2.5,"C",51.26,1.56638710832562e-06,14
"20260225_099",2026-02-25,"CDLP","TS4",1,"CDLP_TS4_1",2.5,"D",475.28272,4.83539059419564e-06,14
"20260225_099",2026-02-25,"CDLP","TS4",1,"CDLP_TS4_1",2.5,"L",298.53824,2.26108760507793e-06,14
"20260225_099",2026-02-25,"CDLP","TS4",1,"CDLP_TS4_1",2.5,"P",483.68936,6.04603271078399e-05,14
"20260225_100",2026-02-25,"DPT","TS4",1,"DPT_TS4_1",2.5,"D",317.40192,2.07751610837722e-06,14
"20260225_100",2026-02-25,"DPT","TS4",1,"DPT_TS4_1",2.5,"P",712.514,0.00010044554373189,14
"20260225_100",2026-02-25,"DPT","TS4",1,"DPT_TS4_1",2.5,"T",1364.95128,1.11451801641558e-05,14
"20260225_101",2026-02-25,"LT","TS4",1,"LT_TS4_1",2.5,"L",812.77856,8.29919993552118e-06,14
"20260225_101",2026-02-25,"LT","TS4",1,"LT_TS4_1",2.5,"T",1350.80352,1.40829066151753e-05,14
"20260225_102",2026-02-25,"CDPT","TS4",3,"CDPT_TS4_3",2.5,"C",51.26,2.30301075402601e-06,14
"20260225_102",2026-02-25,"CDPT","TS4",3,"CDPT_TS4_3",2.5,"D",127.53488,7.39058159373538e-07,14
"20260225_102",2026-02-25,"CDPT","TS4",3,"CDPT_TS4_3",2.5,"P",671.506,8.5454409111568e-05,14
"20260225_102",2026-02-25,"CDPT","TS4",3,"CDPT_TS4_3",2.5,"T",872.24016,7.27654224024319e-06,14
"20260225_103",2026-02-25,"LPT","TS4",1,"LPT_TS4_1",2.5,"L",56.59104,2.39836420848267e-07,14
"20260225_103",2026-02-25,"LPT","TS4",1,"LPT_TS4_1",2.5,"P",735.68352,0.00010430288995823,14
"20260225_103",2026-02-25,"LPT","TS4",1,"LPT_TS4_1",2.5,"T",523.26208,2.64017261654607e-06,14
"20260225_104",2026-02-25,"LT","TS4",3,"LT_TS4_3",2.5,"L",728.50712,6.46538874792695e-06,14
"20260225_104",2026-02-25,"LT","TS4",3,"LT_TS4_3",2.5,"T",2287.42624,2.80213825237332e-05,14
"20260225_105",2026-02-25,"LT","TS4",2,"LT_TS4_2",2.5,"L",935.59752,8.64874487196764e-06,14
"20260225_105",2026-02-25,"LT","TS4",2,"LT_TS4_2",2.5,"T",1758.42304,1.9384088976319e-05,14
"20260225_106",2026-02-25,"CLT","TS4",2,"CLT_TS4_2",2.5,"C",169.77312,8.15658559102294e-06,14
"20260225_106",2026-02-25,"CLT","TS4",2,"CLT_TS4_2",2.5,"L",567.9608,3.60201231946152e-06,14
"20260225_106",2026-02-25,"CLT","TS4",2,"CLT_TS4_2",2.5,"T",457.2392,3.12666348019482e-06,14
"20260225_107",2026-02-25,"LPT","TS4",2,"LPT_TS4_2",2.5,"L",478.97344,2.27938925063044e-06,14
"20260225_107",2026-02-25,"LPT","TS4",2,"LPT_TS4_2",2.5,"P",303.04912,4.24056278257244e-05,14
"20260225_107",2026-02-25,"LPT","TS4",2,"LPT_TS4_2",2.5,"T",565.50032,3.45867046050542e-06,14
"20260225_108",2026-02-25,"LPT","TS4",3,"LPT_TS4_3",2.5,"L",174.89912,6.89301460889571e-07,14
"20260225_108",2026-02-25,"LPT","TS4",3,"LPT_TS4_3",2.5,"P",902.99616,0.00011234538797279,14
"20260225_108",2026-02-25,"LPT","TS4",3,"LPT_TS4_3",2.5,"T",544.3812,3.02594523845533e-06,14
"20260226_001",2026-02-26,"DLPT","TS1",3,"DLPT_TS1_3",2.5,"D",95.3436,1.33033570436752e-06,15
"20260226_001",2026-02-26,"DLPT","TS1",3,"DLPT_TS1_3",2.5,"L",62.94728,3.19666737548483e-07,15
"20260226_001",2026-02-26,"DLPT","TS1",3,"DLPT_TS1_3",2.5,"P",1178.77496,0.00013947237391645,15
"20260226_001",2026-02-26,"DLPT","TS1",3,"DLPT_TS1_3",2.5,"T",1209.53096,8.63391112341992e-06,15
"20260226_002",2026-02-26,"LPT","TS1",1,"LPT_TS1_1",2.5,"L",0,0,15
"20260226_002",2026-02-26,"LPT","TS1",1,"LPT_TS1_1",2.5,"P",1791.63952,0.00017117899719321,15
"20260226_002",2026-02-26,"LPT","TS1",1,"LPT_TS1_1",2.5,"T",640.95504,3.37027726648081e-06,15
"20260226_003",2026-02-26,"DLPT","TS1",2,"DLPT_TS1_2",2.5,"D",65.6128,4.18542770773463e-07,15
"20260226_003",2026-02-26,"DLPT","TS1",2,"DLPT_TS1_2",2.5,"L",73.19928,3.1796871020062e-07,15
"20260226_003",2026-02-26,"DLPT","TS1",2,"DLPT_TS1_2",2.5,"P",802.11648,8.32367493103167e-05,15
"20260226_003",2026-02-26,"DLPT","TS1",2,"DLPT_TS1_2",2.5,"T",849.07064,8.42243240566414e-06,15
"20260226_004",2026-02-26,"CD","TS1",3,"CD_TS1_3",2.5,"C",75.04464,1.93173104355744e-06,15
"20260226_004",2026-02-26,"CD","TS1",3,"CD_TS1_3",2.5,"D",1122.594,9.22682552404329e-06,15
"20260226_005",2026-02-26,"CLT","TS1",1,"CLT_TS1_1",2.5,"C",41.21304,1.68356753662076e-06,15
"20260226_005",2026-02-26,"CLT","TS1",1,"CLT_TS1_1",2.5,"L",221.85328,1.29000838433913e-06,15
"20260226_005",2026-02-26,"CLT","TS1",1,"CLT_TS1_1",2.5,"T",362.9208,2.17399689752753e-06,15
"20260226_006",2026-02-26,"DPT","TS1",3,"DPT_TS1_3",2.5,"D",184.33096,9.30556601174689e-07,15
"20260226_006",2026-02-26,"DPT","TS1",3,"DPT_TS1_3",2.5,"P",779.76712,8.19292427934514e-05,15
"20260226_006",2026-02-26,"DPT","TS1",3,"DPT_TS1_3",2.5,"T",1004.49096,5.88206195398092e-06,15
"20260226_007",2026-02-26,"CLT","TS1",2,"CLT_TS1_2",2.5,"C",38.75256,1.24200576598179e-06,15
"20260226_007",2026-02-26,"CLT","TS1",2,"CLT_TS1_2",2.5,"L",147.6288,6.60670714923226e-07,15
"20260226_007",2026-02-26,"CLT","TS1",2,"CLT_TS1_2",2.5,"T",494.96656,5.19972019164669e-06,15
"20260226_008",2026-02-26,"CDLP","TS1",2,"CDLP_TS1_2",2.5,"C",0,0,15
"20260226_008",2026-02-26,"CDLP","TS1",2,"CDLP_TS1_2",2.5,"D",574.52208,4.97764743991619e-06,15
"20260226_008",2026-02-26,"CDLP","TS1",2,"CDLP_TS1_2",2.5,"L",220.00792,2.49265783653638e-06,15
"20260226_008",2026-02-26,"CDLP","TS1",2,"CDLP_TS1_2",2.5,"P",877.5712,9.2281482039324e-05,15
"20260226_009",2026-02-26,"PT","TS1",1,"PT_TS1_1",2.5,"P",1259.35568,0.00012445830112064,15
"20260226_009",2026-02-26,"PT","TS1",1,"PT_TS1_1",2.5,"T",466.26096,2.57138178299206e-06,15
"20260226_010",2026-02-26,"LPT","TS1",2,"LPT_TS1_2",2.5,"L",25.63,6.48430610279429e-09,15
"20260226_010",2026-02-26,"LPT","TS1",2,"LPT_TS1_2",2.5,"P",1463.57552,0.00015583313899323,15
"20260226_010",2026-02-26,"LPT","TS1",2,"LPT_TS1_2",2.5,"T",527.15784,4.34149040988485e-06,15
"20260226_011",2026-02-26,"CDLT","TS1",3,"CDLT_TS1_3",2.5,"C",51.26,3.69220169420601e-06,15
"20260226_011",2026-02-26,"CDLT","TS1",3,"CDLT_TS1_3",2.5,"D",101.28976,7.3563887089052e-07,15
"20260226_011",2026-02-26,"CDLT","TS1",3,"CDLT_TS1_3",2.5,"L",37.7156910569106,1.33614186562795e-07,15
"20260226_011",2026-02-26,"CDLT","TS1",3,"CDLT_TS1_3",2.5,"T",1446.96728,1.22787569677873e-05,15
"20260226_012",2026-02-26,"DLPT","TS1",1,"DLPT_TS1_1",2.5,"D",76.89,5.32136920955048e-07,15
"20260226_012",2026-02-26,"DLPT","TS1",1,"DLPT_TS1_1",2.5,"L",70.7388,3.71111700594361e-07,15
"20260226_012",2026-02-26,"DLPT","TS1",1,"DLPT_TS1_1",2.5,"P",569.80616,6.86467845240568e-05,15
"20260226_012",2026-02-26,"DLPT","TS1",1,"DLPT_TS1_1",2.5,"T",655.30784,4.22501426692232e-06,15
"20260226_013",2026-02-26,"LT","TS1",3,"LT_TS1_3",2.5,"L",305.30456,3.47770966394944e-06,15
"20260226_013",2026-02-26,"LT","TS1",3,"LT_TS1_3",2.5,"T",1939.47336,1.916418479673e-05,15
"20260226_014",2026-02-26,"CDLT","TS1",2,"CDLT_TS1_2",2.5,"C",0,0,15
"20260226_014",2026-02-26,"CDLT","TS1",2,"CDLT_TS1_2",2.5,"D",360.66536,3.73011814025667e-06,15
"20260226_014",2026-02-26,"CDLT","TS1",2,"CDLT_TS1_2",2.5,"L",84.47648,3.94516044526463e-07,15
"20260226_014",2026-02-26,"CDLT","TS1",2,"CDLT_TS1_2",2.5,"T",1021.0992,8.03414282069228e-06,15
"20260226_015",2026-02-26,"LT","TS1",2,"LT_TS1_2",2.5,"L",301.20376,3.09190900762042e-06,15
"20260226_015",2026-02-26,"LT","TS1",2,"LT_TS1_2",2.5,"T",2174.65424,2.01754766392259e-05,15
"20260226_016",2026-02-26,"CDLT","TS1",1,"CDLT_TS1_1",2.5,"C",25.63,8.29041959520278e-07,15
"20260226_016",2026-02-26,"CDLT","TS1",1,"CDLT_TS1_1",2.5,"D",135.12136,8.63537903201033e-07,15
"20260226_016",2026-02-26,"CDLT","TS1",1,"CDLT_TS1_1",2.5,"L",176.3344,8.63862853961042e-07,15
"20260226_016",2026-02-26,"CDLT","TS1",1,"CDLT_TS1_1",2.5,"T",944.00416,7.25351300224338e-06,15
"20260226_017",2026-02-26,"DPT","TS1",1,"DPT_TS1_1",2.5,"D",101.4948,8.26220902987152e-07,15
"20260226_017",2026-02-26,"DPT","TS1",1,"DPT_TS1_1",2.5,"P",779.76712,8.28690813140262e-05,15
"20260226_017",2026-02-26,"DPT","TS1",1,"DPT_TS1_1",2.5,"T",1407.80464,9.27349007543995e-06,15
"20260226_018",2026-02-26,"DPT","TS1",2,"DPT_TS1_2",2.5,"D",125.0744,1.03619224719368e-06,15
"20260226_018",2026-02-26,"DPT","TS1",2,"DPT_TS1_2",2.5,"P",710.87368,6.07621272530432e-05,15
"20260226_018",2026-02-26,"DPT","TS1",2,"DPT_TS1_2",2.5,"T",1050.21488,6.19884738491974e-06,15
"20260226_019",2026-02-26,"PT","TS1",3,"PT_TS1_3",2.5,"P",1055.54592,9.14494714554354e-05,15
"20260226_019",2026-02-26,"PT","TS1",3,"PT_TS1_3",2.5,"T",725.8416,4.42242527845728e-06,15
"20260226_020",2026-02-26,"CDLP","TS1",1,"CDLP_TS1_1",2.5,"C",30.55096,1.53338188442021e-06,15
"20260226_020",2026-02-26,"CDLP","TS1",1,"CDLP_TS1_1",2.5,"D",545.81648,4.26799879967689e-06,15
"20260226_020",2026-02-26,"CDLP","TS1",1,"CDLP_TS1_1",2.5,"L",118.51312,8.03168373428993e-07,15
"20260226_020",2026-02-26,"CDLP","TS1",1,"CDLP_TS1_1",2.5,"P",544.79128,6.29557163039205e-05,15
"20260226_021",2026-02-26,"CDLP","TS1",3,"CDLP_TS1_3",2.5,"C",25.63,4.28314933112821e-07,15
"20260226_021",2026-02-26,"CDLP","TS1",3,"CDLP_TS1_3",2.5,"D",578.82792,5.34144264067508e-06,15
"20260226_021",2026-02-26,"CDLP","TS1",3,"CDLP_TS1_3",2.5,"L",258.96552,1.84502525246355e-06,15
"20260226_021",2026-02-26,"CDLP","TS1",3,"CDLP_TS1_3",2.5,"P",671.09592,8.48187400507784e-05,15
"20260226_022",2026-02-26,"CD","TS1",1,"CD_TS1_1",2.5,"C",84.47648,2.78641011310304e-06,15
"20260226_022",2026-02-26,"CD","TS1",1,"CD_TS1_1",2.5,"D",1576.96264,1.47597422009995e-05,15
"20260226_023",2026-02-26,"LPT","TS1",3,"LPT_TS1_3",2.5,"L",46.8788034188034,1.5570089877444e-07,15
"20260226_023",2026-02-26,"LPT","TS1",3,"LPT_TS1_3",2.5,"P",1190.2572,0.00013121440567328,15
"20260226_023",2026-02-26,"LPT","TS1",3,"LPT_TS1_3",2.5,"T",568.37088,3.1055958436769e-06,15
"20260226_024",2026-02-26,"LT","TS1",1,"LT_TS1_1",2.5,"L",384.24496,3.99393708298946e-06,15
"20260226_024",2026-02-26,"LT","TS1",1,"LT_TS1_1",2.5,"T",2380.5144,2.05270801806841e-05,15
"20260226_025",2026-02-26,"CLT","TS1",3,"CLT_TS1_3",2.5,"C",51.26,1.65055208956483e-06,15
"20260226_025",2026-02-26,"CLT","TS1",3,"CLT_TS1_3",2.5,"L",659.81872,3.85166810628738e-06,15
"20260226_025",2026-02-26,"CLT","TS1",3,"CLT_TS1_3",2.5,"T",839.6388,9.85479045987491e-06,15
"20260226_026",2026-02-26,"CD","TS1",2,"CD_TS1_2",2.5,"C",111.7468,1.18056978662703e-06,15
"20260226_026",2026-02-26,"CD","TS1",2,"CD_TS1_2",2.5,"D",1217.32248,1.10140592871011e-05,15
"20260226_027",2026-02-26,"PT","TS1",2,"PT_TS1_2",2.5,"P",786.3284,7.5992932697247e-05,15
"20260226_027",2026-02-26,"PT","TS1",2,"PT_TS1_2",2.5,"T",635.21392,3.99270414608652e-06,15
"20260226_028",2026-02-26,"CLT","TS2",1,"CLT_TS2_1",2.5,"C",118.51312,3.29783788281184e-06,15
"20260226_028",2026-02-26,"CLT","TS2",1,"CLT_TS2_1",2.5,"L",428.94368,2.02965805636003e-06,15
"20260226_028",2026-02-26,"CLT","TS2",1,"CLT_TS2_1",2.5,"T",932.72696,6.07233791430995e-06,15
"20260226_029",2026-02-26,"CP","TS2",1,"CP_TS2_1",2.5,"C",336.47064,1.04869115458641e-05,15
"20260226_029",2026-02-26,"CP","TS2",1,"CP_TS2_1",2.5,"P",729.53232,8.16022523061037e-05,15
"20260226_030",2026-02-26,"CDPT","TS2",1,"CDPT_TS2_1",2.5,"C",61.30696,2.23495649464048e-06,15
"20260226_030",2026-02-26,"CDPT","TS2",1,"CDPT_TS2_1",2.5,"D",259.17056,3.72024877441609e-06,15
"20260226_030",2026-02-26,"CDPT","TS2",1,"CDPT_TS2_1",2.5,"P",738.96416,8.63206002972112e-05,15
"20260226_030",2026-02-26,"CDPT","TS2",1,"CDPT_TS2_1",2.5,"T",1133.05104,1.26462864784292e-05,15
"20260226_031",2026-02-26,"CDPT","TS2",3,"CDPT_TS2_3",2.5,"C",25.63,1.54538025802645e-07,15
"20260226_031",2026-02-26,"CDPT","TS2",3,"CDPT_TS2_3",2.5,"D",140.24736,7.72952283110221e-07,15
"20260226_031",2026-02-26,"CDPT","TS2",3,"CDPT_TS2_3",2.5,"P",831.23216,8.3966254393772e-05,15
"20260226_031",2026-02-26,"CDPT","TS2",3,"CDPT_TS2_3",2.5,"T",839.22872,8.0011947566124e-06,15
"20260226_032",2026-02-26,"LT","TS2",3,"LT_TS2_3",2.5,"L",501.73288,4.03785543061846e-06,15
"20260226_032",2026-02-26,"LT","TS2",3,"LT_TS2_3",2.5,"T",1392.2216,1.20633654655989e-05,15
"20260226_033",2026-02-26,"PT","TS2",3,"PT_TS2_3",2.5,"P",954.66624,8.7609463742868e-05,15
"20260226_033",2026-02-26,"PT","TS2",3,"PT_TS2_3",2.5,"T",620.86112,4.05266452432334e-06,15
"20260226_034",2026-02-26,"DPT","TS2",3,"DPT_TS2_3",2.5,"D",233.33552,1.3528535809589e-06,15
"20260226_034",2026-02-26,"DPT","TS2",3,"DPT_TS2_3",2.5,"P",817.69952,8.34624912538387e-05,15
"20260226_034",2026-02-26,"DPT","TS2",3,"DPT_TS2_3",2.5,"T",1411.49536,1.00245702158446e-05,15
"20260226_035",2026-02-26,"PT","TS2",1,"PT_TS2_1",2.5,"P",688.11424,7.00023273610805e-05,15
"20260226_035",2026-02-26,"PT","TS2",1,"PT_TS2_1",2.5,"T",755.77744,6.19159274076369e-06,15
"20260226_036",2026-02-26,"CDLT","TS2",3,"CDLT_TS2_3",2.5,"C",29.32072,7.00235223439309e-07,15
"20260226_036",2026-02-26,"CDLT","TS2",3,"CDLT_TS2_3",2.5,"D",500.50264,3.45801651088152e-06,15
"20260226_036",2026-02-26,"CDLT","TS2",3,"CDLT_TS2_3",2.5,"L",143.93808,6.08820373037606e-07,15
"20260226_036",2026-02-26,"CDLT","TS2",3,"CDLT_TS2_3",2.5,"T",1026.2252,9.48022781549354e-06,15
"20260226_037",2026-02-26,"CDLP","TS2",2,"CDLP_TS2_2",2.5,"C",28.09048,6.85264919785793e-07,15
"20260226_037",2026-02-26,"CDLP","TS2",2,"CDLP_TS2_2",2.5,"D",716.40976,6.20935700171757e-06,15
"20260226_037",2026-02-26,"CDLP","TS2",2,"CDLP_TS2_2",2.5,"L",252.40424,1.47404237670588e-06,15
"20260226_037",2026-02-26,"CDLP","TS2",2,"CDLP_TS2_2",2.5,"P",690.77976,8.48510949030573e-05,15
"20260226_038",2026-02-26,"CDLT","TS2",2,"CDLT_TS2_2",2.5,"C",25.63,1.1247357289688e-06,15
"20260226_038",2026-02-26,"CDLT","TS2",2,"CDLT_TS2_2",2.5,"D",422.99752,3.37864375718487e-06,15
"20260226_038",2026-02-26,"CDLT","TS2",2,"CDLT_TS2_2",2.5,"L",269.01248,1.49172894291882e-06,15
"20260226_038",2026-02-26,"CDLT","TS2",2,"CDLT_TS2_2",2.5,"T",684.8336,5.04878472120214e-06,15
"20260226_039",2026-02-26,"CDPT","TS2",2,"CDPT_TS2_2",2.5,"C",25.63,9.72746160092561e-07,15
"20260226_039",2026-02-26,"CDPT","TS2",2,"CDPT_TS2_2",2.5,"D",187.6116,1.69912434878233e-06,15
"20260226_039",2026-02-26,"CDPT","TS2",2,"CDPT_TS2_2",2.5,"P",498.65728,5.65635515300936e-05,15
"20260226_039",2026-02-26,"CDPT","TS2",2,"CDPT_TS2_2",2.5,"T",649.36168,5.67293821929926e-06,15
"20260226_040",2026-02-26,"CLT","TS2",3,"CLT_TS2_3",2.5,"C",50.84992,1.21157202260845e-06,15
"20260226_040",2026-02-26,"CLT","TS2",3,"CLT_TS2_3",2.5,"L",575.75232,3.31058313631025e-06,15
"20260226_040",2026-02-26,"CLT","TS2",3,"CLT_TS2_3",2.5,"T",548.482,4.09217101711308e-06,15
"20260226_041",2026-02-26,"PT","TS2",2,"PT_TS2_2",2.5,"P",882.6972,8.68961119408948e-05,15
"20260226_041",2026-02-26,"PT","TS2",2,"PT_TS2_2",2.5,"T",822.62048,5.21082685271548e-06,15
"20260226_042",2026-02-26,"DLP","TS2",3,"DLP_TS2_3",2.5,"D",864.65368,7.81287348169378e-06,15
"20260226_042",2026-02-26,"DLP","TS2",3,"DLP_TS2_3",2.5,"L",408.23464,2.1827836174145e-06,15
"20260226_042",2026-02-26,"DLP","TS2",3,"DLP_TS2_3",2.5,"P",655.1028,6.86540639082941e-05,15
"20260226_043",2026-02-26,"CDLP","TS2",1,"CDLP_TS2_1",2.5,"C",25.63,2.5249516590704e-07,15
"20260226_043",2026-02-26,"CDLP","TS2",1,"CDLP_TS2_1",2.5,"D",757.6228,7.83510302213362e-06,15
"20260226_043",2026-02-26,"CDLP","TS2",1,"CDLP_TS2_1",2.5,"L",238.25648,1.2256884321356e-06,15
"20260226_043",2026-02-26,"CDLP","TS2",1,"CDLP_TS2_1",2.5,"P",369.68712,4.37910541248675e-05,15
"20260226_044",2026-02-26,"LT","TS2",2,"LT_TS2_2",2.5,"L",757.00768,6.08275516536603e-06,15
"20260226_044",2026-02-26,"LT","TS2",2,"LT_TS2_2",2.5,"T",1909.53752,2.14923849070384e-05,15
"20260226_045",2026-02-26,"CLT","TS2",2,"CLT_TS2_2",2.5,"C",51.05496,1.59073113209352e-06,15
"20260226_045",2026-02-26,"CLT","TS2",2,"CLT_TS2_2",2.5,"L",314.32632,1.69458341061585e-06,15
"20260226_045",2026-02-26,"CLT","TS2",2,"CLT_TS2_2",2.5,"T",763.56896,8.62228796592595e-06,15
"20260226_046",2026-02-26,"DPT","TS2",1,"DPT_TS2_1",2.5,"D",350.82344,3.45542803615307e-06,15
"20260226_046",2026-02-26,"DPT","TS2",1,"DPT_TS2_1",2.5,"P",550.5324,5.62759113058295e-05,15
"20260226_046",2026-02-26,"DPT","TS2",1,"DPT_TS2_1",2.5,"T",1309.59048,9.27370460611558e-06,15
"20260226_047",2026-02-26,"DLP","TS2",2,"DLP_TS2_2",2.5,"D",708.4132,6.13360334870796e-06,15
"20260226_047",2026-02-26,"DLP","TS2",2,"DLP_TS2_2",2.5,"L",376.65848,2.21882656535414e-06,15
"20260226_047",2026-02-26,"DLP","TS2",2,"DLP_TS2_2",2.5,"P",717.02488,7.69977416059473e-05,15
"20260226_048",2026-02-26,"DPT","TS2",2,"DPT_TS2_2",2.5,"D",202.57952,2.13142449697963e-06,15
"20260226_048",2026-02-26,"DPT","TS2",2,"DPT_TS2_2",2.5,"P",904.84152,9.19279469298893e-05,15
"20260226_048",2026-02-26,"DPT","TS2",2,"DPT_TS2_2",2.5,"T",971.68456,6.70529837538834e-06,15
"20260226_049",2026-02-26,"CP","TS2",3,"CP_TS2_3",2.5,"C",240.71696,9.34816430542044e-06,15
"20260226_049",2026-02-26,"CP","TS2",3,"CP_TS2_3",2.5,"P",1153.14496,0.00012855232840005,15
"20260226_050",2026-02-26,"CP","TS2",2,"CP_TS2_2",2.5,"C",76.89,2.53425905520966e-06,15
"20260226_050",2026-02-26,"CP","TS2",2,"CP_TS2_2",2.5,"P",646.49112,6.00024920495834e-05,15
"20260226_051",2026-02-26,"CDLT","TS2",1,"CDLT_TS2_1",2.5,"C",0,0,15
"20260226_051",2026-02-26,"CDLT","TS2",1,"CDLT_TS2_1",2.5,"D",368.25184,3.44561514267449e-06,15
"20260226_051",2026-02-26,"CDLT","TS2",1,"CDLT_TS2_1",2.5,"L",127.73992,1.14033975043231e-06,15
"20260226_051",2026-02-26,"CDLT","TS2",1,"CDLT_TS2_1",2.5,"T",1209.94104,1.05700228694172e-05,15
"20260226_052",2026-02-26,"CDLP","TS2",3,"CDLP_TS2_3",2.5,"C",43.2768852459016,3.94672200877587e-07,15
"20260226_052",2026-02-26,"CDLP","TS2",3,"CDLP_TS2_3",2.5,"D",756.39256,6.0164950409044e-06,15
"20260226_052",2026-02-26,"CDLP","TS2",3,"CDLP_TS2_3",2.5,"L",258.55544,2.11787208935742e-06,15
"20260226_052",2026-02-26,"CDLP","TS2",3,"CDLP_TS2_3",2.5,"P",587.64464,6.19593568873753e-05,15
"20260226_053",2026-02-26,"DLP","TS2",1,"DLP_TS2_1",2.5,"D",783.86792,6.31791794058333e-06,15
"20260226_053",2026-02-26,"DLP","TS2",1,"DLP_TS2_1",2.5,"L",433.86464,2.58515404136868e-06,15
"20260226_053",2026-02-26,"DLP","TS2",1,"DLP_TS2_1",2.5,"P",457.64928,5.79233050347858e-05,15
"20260226_054",2026-02-26,"LT","TS2",1,"LT_TS2_1",2.5,"L",622.09136,6.25914870843417e-06,15
"20260226_054",2026-02-26,"LT","TS2",1,"LT_TS2_1",2.5,"T",1536.7748,1.50395907068976e-05,15
"20260226_055",2026-02-26,"CDLP","TS3",3,"CDLP_TS3_3",2.5,"C",72.17408,3.02441347256564e-06,15
"20260226_055",2026-02-26,"CDLP","TS3",3,"CDLP_TS3_3",2.5,"D",429.35376,4.52803417053018e-06,15
"20260226_055",2026-02-26,"CDLP","TS3",3,"CDLP_TS3_3",2.5,"L",116.05264,7.31056595670251e-07,15
"20260226_055",2026-02-26,"CDLP","TS3",3,"CDLP_TS3_3",2.5,"P",408.23464,4.62610945183765e-05,15
"20260226_056",2026-02-26,"CDPT","TS3",2,"CDPT_TS3_2",2.5,"C",30.5761403508772,1.26590664437353e-06,15
"20260226_056",2026-02-26,"CDPT","TS3",2,"CDPT_TS3_2",2.5,"D",87.142,6.48023222374667e-07,15
"20260226_056",2026-02-26,"CDPT","TS3",2,"CDPT_TS3_2",2.5,"P",379.324,3.93826316281363e-05,15
"20260226_056",2026-02-26,"CDPT","TS3",2,"CDPT_TS3_2",2.5,"T",921.85984,6.63129821615992e-06,15
"20260226_057",2026-02-26,"CDLT","TS3",2,"CDLT_TS3_2",2.5,"C",25.63,1.50928053535263e-06,15
"20260226_057",2026-02-26,"CDLT","TS3",2,"CDLT_TS3_2",2.5,"D",62.12712,3.7192722053535e-07,15
"20260226_057",2026-02-26,"CDLT","TS3",2,"CDLT_TS3_2",2.5,"L",130.81552,8.17172196244373e-07,15
"20260226_057",2026-02-26,"CDLT","TS3",2,"CDLT_TS3_2",2.5,"T",1170.57336,8.10189183240227e-06,15
"20260226_058",2026-02-26,"LT","TS3",1,"LT_TS3_1",2.5,"L",707.388,8.91037012593818e-06,15
"20260226_058",2026-02-26,"LT","TS3",1,"LT_TS3_1",2.5,"T",2295.01272,2.61113246719597e-05,15
"20260226_059",2026-02-26,"LT","TS3",3,"LT_TS3_3",2.5,"L",423.81768,4.54684118379235e-06,15
"20260226_059",2026-02-26,"LT","TS3",3,"LT_TS3_3",2.5,"T",2280.0448,2.72799800761331e-05,15
"20260226_060",2026-02-26,"CDLT","TS3",1,"CDLT_TS3_1",2.5,"C",25.63,1.42824400483072e-06,15
"20260226_060",2026-02-26,"CDLT","TS3",1,"CDLT_TS3_1",2.5,"D",113.59216,6.46458190283872e-07,15
"20260226_060",2026-02-26,"CDLT","TS3",1,"CDLT_TS3_1",2.5,"L",90.2176,5.24523225161288e-07,15
"20260226_060",2026-02-26,"CDLT","TS3",1,"CDLT_TS3_1",2.5,"T",1574.50216,1.33421932094371e-05,15
"20260226_061",2026-02-26,"DLP","TS3",1,"DLP_TS3_1",2.5,"D",650.38688,5.11706124124255e-06,15
"20260226_061",2026-02-26,"DLP","TS3",1,"DLP_TS3_1",2.5,"L",357.7948,1.94699576166342e-06,15
"20260226_061",2026-02-26,"DLP","TS3",1,"DLP_TS3_1",2.5,"P",459.49464,4.77843750839849e-05,15
"20260226_062",2026-02-26,"DLP","TS3",2,"DLP_TS3_2",2.5,"D",573.90696,3.90306796081565e-06,15
"20260226_062",2026-02-26,"DLP","TS3",2,"DLP_TS3_2",2.5,"L",309.40536,2.06284075938402e-06,15
"20260226_062",2026-02-26,"DLP","TS3",2,"DLP_TS3_2",2.5,"P",712.514,9.16674624723826e-05,15
"20260226_063",2026-02-26,"DLP","TS3",3,"DLP_TS3_3",2.5,"D",630.29296,4.4072695500102e-06,15
"20260226_063",2026-02-26,"DLP","TS3",3,"DLP_TS3_3",2.5,"L",404.74896,2.01280313800505e-06,15
"20260226_063",2026-02-26,"DLP","TS3",3,"DLP_TS3_3",2.5,"P",620.04096,7.02982326240826e-05,15
"20260226_064",2026-02-26,"DPT","TS3",2,"DPT_TS3_2",2.5,"D",149.88424,1.14173637024969e-06,15
"20260226_064",2026-02-26,"DPT","TS3",2,"DPT_TS3_2",2.5,"P",855.63192,9.63471194790668e-05,15
"20260226_064",2026-02-26,"DPT","TS3",2,"DPT_TS3_2",2.5,"T",947.48984,6.02809339050205e-06,15
"20260226_065",2026-02-26,"CD","TS3",2,"CD_TS3_2",2.5,"C",0,0,15
"20260226_065",2026-02-26,"CD","TS3",2,"CD_TS3_2",2.5,"D",1659.59376,1.31104905885582e-05,15
"20260226_066",2026-02-26,"CDLP","TS3",1,"CDLP_TS3_1",2.5,"C",28.7056,8.34303546700391e-07,15
"20260226_066",2026-02-26,"CDLP","TS3",1,"CDLP_TS3_1",2.5,"D",332.57488,3.03586484602934e-06,15
"20260226_066",2026-02-26,"CDLP","TS3",1,"CDLP_TS3_1",2.5,"L",191.7124,1.13921801296473e-06,15
"20260226_066",2026-02-26,"CDLP","TS3",1,"CDLP_TS3_1",2.5,"P",339.75128,3.60058204601785e-05,15
"20260226_067",2026-02-26,"CLT","TS3",1,"CLT_TS3_1",2.5,"C",71.14888,1.76173109131162e-06,15
"20260226_067",2026-02-26,"CLT","TS3",1,"CLT_TS3_1",2.5,"L",194.17288,1.27752381369065e-06,15
"20260226_067",2026-02-26,"CLT","TS3",1,"CLT_TS3_1",2.5,"T",585.18416,5.01028477548998e-06,15
"20260226_068",2026-02-26,"CDLP","TS3",2,"CDLP_TS3_2",2.5,"C",25.63,6.02324048780653e-07,15
"20260226_068",2026-02-26,"CDLP","TS3",2,"CDLP_TS3_2",2.5,"D",440.836,3.30319319249179e-06,15
"20260226_068",2026-02-26,"CDLP","TS3",2,"CDLP_TS3_2",2.5,"L",272.7032,1.575088833146e-06,15
"20260226_068",2026-02-26,"CDLP","TS3",2,"CDLP_TS3_2",2.5,"P",554.6332,5.76685963734723e-05,15
"20260226_069",2026-02-26,"PT","TS3",3,"PT_TS3_3",2.5,"P",751.06152,5.64214192375123e-05,15
"20260226_069",2026-02-26,"PT","TS3",3,"PT_TS3_3",2.5,"T",486.55992,4.86603628352211e-06,15
"20260226_070",2026-02-26,"CD","TS3",3,"CD_TS3_3",2.5,"C",66.02288,2.01714618762807e-06,15
"20260226_070",2026-02-26,"CD","TS3",3,"CD_TS3_3",2.5,"D",1306.92496,1.09886661536254e-05,15
"20260226_071",2026-02-26,"CDLT","TS3",3,"CDLT_TS3_3",2.5,"C",31.16608,2.56878303611245e-07,15
"20260226_071",2026-02-26,"CDLT","TS3",3,"CDLT_TS3_3",2.5,"D",299.76848,2.85133296051721e-06,15
"20260226_071",2026-02-26,"CDLT","TS3",3,"CDLT_TS3_3",2.5,"L",117.48792,5.70322990904014e-07,15
"20260226_071",2026-02-26,"CDLT","TS3",3,"CDLT_TS3_3",2.5,"T",1092.8632,7.98733747062351e-06,15
"20260226_072",2026-02-26,"DPT","TS3",3,"DPT_TS3_3",2.5,"D",220.00792,1.17006332788176e-06,15
"20260226_072",2026-02-26,"DPT","TS3",3,"DPT_TS3_3",2.5,"P",693.44528,8.39982580462353e-05,15
"20260226_072",2026-02-26,"DPT","TS3",3,"DPT_TS3_3",2.5,"T",1030.53104,6.99872207810849e-06,15
"20260226_073",2026-02-26,"CLT","TS3",3,"CLT_TS3_3",2.5,"C",50.84992,8.61727102449882e-07,15
"20260226_073",2026-02-26,"CLT","TS3",3,"CLT_TS3_3",2.5,"L",91.2428,3.85131188821788e-07,15
"20260226_073",2026-02-26,"CLT","TS3",3,"CLT_TS3_3",2.5,"T",553.81304,3.37425323302817e-06,15
"20260226_074",2026-02-26,"CD","TS3",1,"CD_TS3_1",2.5,"C",33.319,9.85926127291502e-08,15
"20260226_074",2026-02-26,"CD","TS3",1,"CD_TS3_1",2.5,"D",1264.0716,9.92561699081962e-06,15
"20260226_075",2026-02-26,"PT","TS3",2,"PT_TS3_2",2.5,"P",661.04896,6.05374445186088e-05,15
"20260226_075",2026-02-26,"PT","TS3",2,"PT_TS3_2",2.5,"T",581.08336,3.333161132228e-06,15
"20260226_076",2026-02-26,"PT","TS3",1,"PT_TS3_1",2.5,"P",900.53568,8.97214642759062e-05,15
"20260226_076",2026-02-26,"PT","TS3",1,"PT_TS3_1",2.5,"T",515.26552,2.88189542625928e-06,15
"20260226_077",2026-02-26,"CDPT","TS3",3,"CDPT_TS3_3",2.5,"C",25.63,1.01069441968821e-06,15
"20260226_077",2026-02-26,"CDPT","TS3",3,"CDPT_TS3_3",2.5,"D",69.7136,3.324420260933e-07,15
"20260226_077",2026-02-26,"CDPT","TS3",3,"CDPT_TS3_3",2.5,"P",524.08224,6.1311165940007e-05,15
"20260226_077",2026-02-26,"CDPT","TS3",3,"CDPT_TS3_3",2.5,"T",662.2792,4.30397993175345e-06,15
"20260226_078",2026-02-26,"CDPT","TS3",1,"CDPT_TS3_1",2.5,"C",0,0,15
"20260226_078",2026-02-26,"CDPT","TS3",1,"CDPT_TS3_1",2.5,"D",111.54176,1.3302054160455e-06,15
"20260226_078",2026-02-26,"CDPT","TS3",1,"CDPT_TS3_1",2.5,"P",606.09824,6.84029935598316e-05,15
"20260226_078",2026-02-26,"CDPT","TS3",1,"CDPT_TS3_1",2.5,"T",1138.9972,1.12219310505208e-05,15
"20260226_079",2026-02-26,"DPT","TS3",1,"DPT_TS3_1",2.5,"D",66.84304,4.4505316626648e-07,15
"20260226_079",2026-02-26,"DPT","TS3",1,"DPT_TS3_1",2.5,"P",656.94816,7.38312454554721e-05,15
"20260226_079",2026-02-26,"DPT","TS3",1,"DPT_TS3_1",2.5,"T",1020.074,7.25105479193808e-06,15
"20260226_080",2026-02-26,"CLT","TS3",2,"CLT_TS3_2",2.5,"C",179.41,5.44527820411838e-06,15
"20260226_080",2026-02-26,"CLT","TS3",2,"CLT_TS3_2",2.5,"L",285.41568,1.73509298120554e-06,15
"20260226_080",2026-02-26,"CLT","TS3",2,"CLT_TS3_2",2.5,"T",690.9848,6.00106548455779e-06,15
"20260226_081",2026-02-26,"LT","TS3",2,"LT_TS3_2",2.5,"L",348.36296,4.12133614574718e-06,15
"20260226_081",2026-02-26,"LT","TS3",2,"LT_TS3_2",2.5,"T",1061.69712,1.10340188591928e-05,15
"20260226_082",2026-02-26,"PT","TS4",1,"PT_TS4_1",2.5,"P",555.86344,6.30090521093631e-05,15
"20260226_082",2026-02-26,"PT","TS4",1,"PT_TS4_1",2.5,"T",675.40176,4.75233881001171e-06,15
"20260226_083",2026-02-26,"DPT","TS4",2,"DPT_TS4_2",2.5,"D",40.39288,3.55346571033515e-07,15
"20260226_083",2026-02-26,"DPT","TS4",2,"DPT_TS4_2",2.5,"P",990.13816,8.70252540321804e-05,15
"20260226_083",2026-02-26,"DPT","TS4",2,"DPT_TS4_2",2.5,"T",1147.40384,7.69572214619023e-06,15
"20260226_084",2026-02-26,"CDLP","TS4",3,"CDLP_TS4_3",2.5,"C",25.63,5.5743998456239e-07,15
"20260226_084",2026-02-26,"CDLP","TS4",3,"CDLP_TS4_3",2.5,"D",653.87256,8.23763487979507e-06,15
"20260226_084",2026-02-26,"CDLP","TS4",3,"CDLP_TS4_3",2.5,"L",205.86016,1.12703375676578e-06,15
"20260226_084",2026-02-26,"CDLP","TS4",3,"CDLP_TS4_3",2.5,"P",404.54392,4.83017459857067e-05,15
"20260226_085",2026-02-26,"PT","TS4",2,"PT_TS4_2",2.5,"P",646.28608,6.0878870244587e-05,15
"20260226_085",2026-02-26,"PT","TS4",2,"PT_TS4_2",2.5,"T",787.96872,4.2673665818009e-06,15
"20260226_086",2026-02-26,"CDPT","TS4",1,"CDPT_TS4_1",2.5,"C",25.63,6.35029571997739e-07,15
"20260226_086",2026-02-26,"CDPT","TS4",1,"CDPT_TS4_1",2.5,"D",61.71704,7.79620962983052e-07,15
"20260226_086",2026-02-26,"CDPT","TS4",1,"CDPT_TS4_1",2.5,"P",521.21168,7.56043319456491e-05,15
"20260226_086",2026-02-26,"CDPT","TS4",1,"CDPT_TS4_1",2.5,"T",945.2344,6.66823055431414e-06,15
"20260226_087",2026-02-26,"PT","TS4",3,"PT_TS4_3",2.5,"P",677.24712,7.94132117273408e-05,15
"20260226_087",2026-02-26,"PT","TS4",3,"PT_TS4_3",2.5,"T",667.20016,3.96455918286468e-06,15
"20260226_088",2026-02-26,"DPT","TS4",3,"DPT_TS4_3",2.5,"D",202.78456,1.19250888217508e-06,15
"20260226_088",2026-02-26,"DPT","TS4",3,"DPT_TS4_3",2.5,"P",461.54504,5.41831442650533e-05,15
"20260226_088",2026-02-26,"DPT","TS4",3,"DPT_TS4_3",2.5,"T",1350.39344,9.95716880155995e-06,15
"20260226_089",2026-02-26,"CDLT","TS4",2,"CDLT_TS4_2",2.5,"C",25.63,1.07812499769435e-06,15
"20260226_089",2026-02-26,"CDLT","TS4",2,"CDLT_TS4_2",2.5,"D",204.62992,1.50791448699235e-06,15
"20260226_089",2026-02-26,"CDLT","TS4",2,"CDLT_TS4_2",2.5,"L",151.11448,7.87361764163582e-07,15
"20260226_089",2026-02-26,"CDLT","TS4",2,"CDLT_TS4_2",2.5,"T",925.34552,7.81279263821151e-06,15
"20260226_090",2026-02-26,"CDPT","TS4",2,"CDPT_TS4_2",2.5,"C",29.7568644067797,3.11386739269987e-07,15
"20260226_090",2026-02-26,"CDPT","TS4",2,"CDPT_TS4_2",2.5,"D",91.44784,1.16645263713743e-06,15
"20260226_090",2026-02-26,"CDPT","TS4",2,"CDPT_TS4_2",2.5,"P",648.74656,9.00770440078628e-05,15
"20260226_090",2026-02-26,"CDPT","TS4",2,"CDPT_TS4_2",2.5,"T",1015.76816,9.56739949444109e-06,15
"20260226_091",2026-02-26,"CLT","TS4",1,"CLT_TS4_1",2.5,"C",174.89912,4.74150263174487e-06,15
"20260226_091",2026-02-26,"CLT","TS4",1,"CLT_TS4_1",2.5,"L",400.44312,2.32929291418138e-06,15
"20260226_091",2026-02-26,"CLT","TS4",1,"CLT_TS4_1",2.5,"T",632.13832,4.76344071862029e-06,15
"20260226_092",2026-02-26,"LP","TS4",3,"LP_TS4_3",2.5,"L",515.88064,2.34595965322815e-06,15
"20260226_092",2026-02-26,"LP","TS4",3,"LP_TS4_3",2.5,"P",416.64128,4.83232877917157e-05,15
"20260226_093",2026-02-26,"CLT","TS4",3,"CLT_TS4_3",2.5,"C",70.12368,3.3436294186641e-06,15
"20260226_093",2026-02-26,"CLT","TS4",3,"CLT_TS4_3",2.5,"L",437.14528,2.50917215041664e-06,15
"20260226_093",2026-02-26,"CLT","TS4",3,"CLT_TS4_3",2.5,"T",786.12336,5.96401654719323e-06,15
"20260226_094",2026-02-26,"CDLP","TS4",2,"CDLP_TS4_2",2.5,"C",31.16608,1.08939421731514e-06,15
"20260226_094",2026-02-26,"CDLP","TS4",2,"CDLP_TS4_2",2.5,"D",304.89448,2.99662406653232e-06,15
"20260226_094",2026-02-26,"CDLP","TS4",2,"CDLP_TS4_2",2.5,"L",193.7628,1.05284694204981e-06,15
"20260226_094",2026-02-26,"CDLP","TS4",2,"CDLP_TS4_2",2.5,"P",541.3056,7.33190297743966e-05,15
"20260226_095",2026-02-26,"LP","TS4",2,"LP_TS4_2",2.5,"L",107.03088,7.30971772427485e-07,15
"20260226_095",2026-02-26,"LP","TS4",2,"LP_TS4_2",2.5,"P",894.17944,0.0001162143763835,15
"20260226_096",2026-02-26,"CDLT","TS4",3,"CDLT_TS4_3",2.5,"C",0,0,15
"20260226_096",2026-02-26,"CDLT","TS4",3,"CDLT_TS4_3",2.5,"D",345.69744,4.5543679714383e-06,15
"20260226_096",2026-02-26,"CDLT","TS4",3,"CDLT_TS4_3",2.5,"L",160.13624,1.23723697650461e-06,15
"20260226_096",2026-02-26,"CDLT","TS4",3,"CDLT_TS4_3",2.5,"T",1229.2148,9.69127309194895e-06,15
"20260226_097",2026-02-26,"LP","TS4",1,"LP_TS4_1",2.5,"L",177.76968,1.66723619307186e-06,15
"20260226_097",2026-02-26,"LP","TS4",1,"LP_TS4_1",2.5,"P",1221.0132,9.70915358914153e-05,15
"20260226_098",2026-02-26,"CDLT","TS4",1,"CDLT_TS4_1",2.5,"C",51.26,2.92532089567257e-06,15
"20260226_098",2026-02-26,"CDLT","TS4",1,"CDLT_TS4_1",2.5,"D",503.57824,4.8349360461638e-06,15
"20260226_098",2026-02-26,"CDLT","TS4",1,"CDLT_TS4_1",2.5,"L",132.04576,1.06035987725863e-06,15
"20260226_098",2026-02-26,"CDLT","TS4",1,"CDLT_TS4_1",2.5,"T",1165.6524,9.00429557393992e-06,15
"20260226_099",2026-02-26,"CDLP","TS4",1,"CDLP_TS4_1",2.5,"C",83.24624,2.80673712825606e-06,15
"20260226_099",2026-02-26,"CDLP","TS4",1,"CDLP_TS4_1",2.5,"D",209.75592,2.25955913256361e-06,15
"20260226_099",2026-02-26,"CDLP","TS4",1,"CDLP_TS4_1",2.5,"L",373.99296,2.4541215004441e-06,15
"20260226_099",2026-02-26,"CDLP","TS4",1,"CDLP_TS4_1",2.5,"P",389.98608,4.65072327570254e-05,15
"20260226_100",2026-02-26,"DPT","TS4",1,"DPT_TS4_1",2.5,"D",164.85216,1.03147979608058e-06,15
"20260226_100",2026-02-26,"DPT","TS4",1,"DPT_TS4_1",2.5,"P",686.884,8.95408649593004e-05,15
"20260226_100",2026-02-26,"DPT","TS4",1,"DPT_TS4_1",2.5,"T",1181.44048,8.85059703399623e-06,15
"20260226_101",2026-02-26,"LT","TS4",1,"LT_TS4_1",2.5,"L",694.26544,1.04824668156684e-05,15
"20260226_101",2026-02-26,"LT","TS4",1,"LT_TS4_1",2.5,"T",1848.23056,2.16835366260702e-05,15
"20260226_102",2026-02-26,"CDPT","TS4",3,"CDPT_TS4_3",2.5,"C",51.67008,2.37763190463017e-06,15
"20260226_102",2026-02-26,"CDPT","TS4",3,"CDPT_TS4_3",2.5,"D",116.25768,7.0256336470573e-07,15
"20260226_102",2026-02-26,"CDPT","TS4",3,"CDPT_TS4_3",2.5,"P",421.76728,4.82384650881744e-05,15
"20260226_102",2026-02-26,"CDPT","TS4",3,"CDPT_TS4_3",2.5,"T",1179.39008,1.16701190994788e-05,15
"20260226_103",2026-02-26,"LPT","TS4",1,"LPT_TS4_1",2.5,"L",61.92208,2.29833769973591e-07,15
"20260226_103",2026-02-26,"LPT","TS4",1,"LPT_TS4_1",2.5,"P",618.60568,7.51241590107421e-05,15
"20260226_103",2026-02-26,"LPT","TS4",1,"LPT_TS4_1",2.5,"T",300.99872,1.52612720528396e-06,15
"20260226_104",2026-02-26,"LT","TS4",3,"LT_TS4_3",2.5,"L",597.6916,7.13504817318058e-06,15
"20260226_104",2026-02-26,"LT","TS4",3,"LT_TS4_3",2.5,"T",2387.89584,2.54576553272069e-05,15
"20260226_105",2026-02-26,"LT","TS4",2,"LT_TS4_2",2.5,"L",742.65488,7.91040739220396e-06,15
"20260226_105",2026-02-26,"LT","TS4",2,"LT_TS4_2",2.5,"T",2287.01616,2.53030173618804e-05,15
"20260226_106",2026-02-26,"CLT","TS4",2,"CLT_TS4_2",2.5,"C",76.89,4.60351235074731e-06,15
"20260226_106",2026-02-26,"CLT","TS4",2,"CLT_TS4_2",2.5,"L",439.19568,2.34684792525381e-06,15
"20260226_106",2026-02-26,"CLT","TS4",2,"CLT_TS4_2",2.5,"T",1086.09688,8.74282546890452e-06,15
"20260226_107",2026-02-26,"LPT","TS4",2,"LPT_TS4_2",2.5,"L",210.166,9.17394544535883e-07,15
"20260226_107",2026-02-26,"LPT","TS4",2,"LPT_TS4_2",2.5,"P",318.01704,4.33059408790656e-05,15
"20260226_107",2026-02-26,"LPT","TS4",2,"LPT_TS4_2",2.5,"T",948.51504,5.15228362551985e-06,15
"20260226_108",2026-02-26,"LPT","TS4",3,"LPT_TS4_3",2.5,"L",68.07328,2.73001478608935e-07,15
"20260226_108",2026-02-26,"LPT","TS4",3,"LPT_TS4_3",2.5,"P",331.75472,4.76909779162002e-05,15
"20260226_108",2026-02-26,"LPT","TS4",3,"LPT_TS4_3",2.5,"T",526.74776,3.0239573952888e-06,15
"20260227_001",2026-02-27,"DLPT","TS1",3,"DLPT_TS1_3",2.5,"D",77.9152,4.13597882538246e-07,16
"20260227_001",2026-02-27,"DLPT","TS1",3,"DLPT_TS1_3",2.5,"L",50.2348,2.82080850031744e-07,16
"20260227_001",2026-02-27,"DLPT","TS1",3,"DLPT_TS1_3",2.5,"P",566.11544,4.88371966821483e-05,16
"20260227_001",2026-02-27,"DLPT","TS1",3,"DLPT_TS1_3",2.5,"T",625.78208,3.82938925897308e-06,16
"20260227_002",2026-02-27,"LPT","TS1",1,"LPT_TS1_1",2.5,"L",25.63,2.38925118753092e-08,16
"20260227_002",2026-02-27,"LPT","TS1",1,"LPT_TS1_1",2.5,"P",757.6228,6.70350038370757e-05,16
"20260227_002",2026-02-27,"LPT","TS1",1,"LPT_TS1_1",2.5,"T",225.33896,1.06986788187131e-06,16
"20260227_003",2026-02-27,"DLPT","TS1",2,"DLPT_TS1_2",2.5,"D",184.74104,3.74365202386339e-06,16
"20260227_003",2026-02-27,"DLPT","TS1",2,"DLPT_TS1_2",2.5,"L",58.02632,2.81587796005855e-07,16
"20260227_003",2026-02-27,"DLPT","TS1",2,"DLPT_TS1_2",2.5,"P",551.35256,5.73074732817863e-05,16
"20260227_003",2026-02-27,"DLPT","TS1",2,"DLPT_TS1_2",2.5,"T",577.39264,4.13764681550781e-06,16
"20260227_004",2026-02-27,"CD","TS1",3,"CD_TS1_3",2.5,"C",0,0,16
"20260227_004",2026-02-27,"CD","TS1",3,"CD_TS1_3",2.5,"D",1089.58256,7.99219871056922e-06,16
"20260227_005",2026-02-27,"CLT","TS1",1,"CLT_TS1_1",2.5,"C",41.62312,2.20489828634711e-06,16
"20260227_005",2026-02-27,"CLT","TS1",1,"CLT_TS1_1",2.5,"L",102.31496,4.51055776295926e-07,16
"20260227_005",2026-02-27,"CLT","TS1",1,"CLT_TS1_1",2.5,"T",449.24264,3.473186735753e-06,16
"20260227_006",2026-02-27,"DPT","TS1",3,"DPT_TS1_3",2.5,"D",105.39056,6.66095298947731e-07,16
"20260227_006",2026-02-27,"DPT","TS1",3,"DPT_TS1_3",2.5,"P",532.69392,4.96943375715596e-05,16
"20260227_006",2026-02-27,"DPT","TS1",3,"DPT_TS1_3",2.5,"T",585.3892,3.86544203767504e-06,16
"20260227_007",2026-02-27,"CLT","TS1",2,"CLT_TS1_2",2.5,"C",25.63,6.16062219840372e-07,16
"20260227_007",2026-02-27,"CLT","TS1",2,"CLT_TS1_2",2.5,"L",52.9269918699187,1.92676495843726e-07,16
"20260227_007",2026-02-27,"CLT","TS1",2,"CLT_TS1_2",2.5,"T",584.77408,5.4621871772773e-06,16
"20260227_008",2026-02-27,"CDLP","TS1",2,"CDLP_TS1_2",2.5,"C",51.26,1.09733023820165e-06,16
"20260227_008",2026-02-27,"CDLP","TS1",2,"CDLP_TS1_2",2.5,"D",489.84056,3.87923239931774e-06,16
"20260227_008",2026-02-27,"CDLP","TS1",2,"CDLP_TS1_2",2.5,"L",125.89456,6.2648263218435e-07,16
"20260227_008",2026-02-27,"CDLP","TS1",2,"CDLP_TS1_2",2.5,"P",724.20128,7.17326538245408e-05,16
"20260227_009",2026-02-27,"PT","TS1",1,"PT_TS1_1",2.5,"P",1334.40032,0.0001124766520134,16
"20260227_009",2026-02-27,"PT","TS1",1,"PT_TS1_1",2.5,"T",616.55528,3.58631679165939e-06,16
"20260227_010",2026-02-27,"LPT","TS1",2,"LPT_TS1_2",2.5,"L",25.63,1.40390238111399e-06,16
"20260227_010",2026-02-27,"LPT","TS1",2,"LPT_TS1_2",2.5,"P",596.87144,6.15790657780122e-05,16
"20260227_010",2026-02-27,"LPT","TS1",2,"LPT_TS1_2",2.5,"T",322.52792,1.73524304443002e-06,16
"20260227_011",2026-02-27,"CDLT","TS1",3,"CDLT_TS1_3",2.5,"C",0,0,16
"20260227_011",2026-02-27,"CDLT","TS1",3,"CDLT_TS1_3",2.5,"D",193.96784,1.14621796614834e-06,16
"20260227_011",2026-02-27,"CDLT","TS1",3,"CDLT_TS1_3",2.5,"L",25.63,8.70110556872277e-09,16
"20260227_011",2026-02-27,"CDLT","TS1",3,"CDLT_TS1_3",2.5,"T",1133.66616,8.27009653249115e-06,16
"20260227_012",2026-02-27,"DLPT","TS1",1,"DLPT_TS1_1",2.5,"D",90.01256,2.88016673450958e-06,16
"20260227_012",2026-02-27,"DLPT","TS1",1,"DLPT_TS1_1",2.5,"L",51.9922857142857,7.5176924411413e-07,16
"20260227_012",2026-02-27,"DLPT","TS1",1,"DLPT_TS1_1",2.5,"P",904.63648,7.70507474378619e-05,16
"20260227_012",2026-02-27,"DLPT","TS1",1,"DLPT_TS1_1",2.5,"T",559.7592,3.61305716461248e-06,16
"20260227_013",2026-02-27,"LT","TS1",3,"LT_TS1_3",2.5,"L",201.14424,2.53906539290944e-06,16
"20260227_013",2026-02-27,"LT","TS1",3,"LT_TS1_3",2.5,"T",1482.23416,1.4955322550636e-05,16
"20260227_014",2026-02-27,"CDLT","TS1",2,"CDLT_TS1_2",2.5,"C",25.63,4.7320658075779e-07,16
"20260227_014",2026-02-27,"CDLT","TS1",2,"CDLT_TS1_2",2.5,"D",217.13736,1.13210199327148e-06,16
"20260227_014",2026-02-27,"CDLT","TS1",2,"CDLT_TS1_2",2.5,"L",139.01712,6.33246927868924e-07,16
"20260227_014",2026-02-27,"CDLT","TS1",2,"CDLT_TS1_2",2.5,"T",730.55752,4.43349446434672e-06,16
"20260227_015",2026-02-27,"LT","TS1",2,"LT_TS1_2",2.5,"L",246.66312,3.65567580671691e-06,16
"20260227_015",2026-02-27,"LT","TS1",2,"LT_TS1_2",2.5,"T",1751.0416,1.50016520038466e-05,16
"20260227_016",2026-02-27,"CDLT","TS1",1,"CDLT_TS1_1",2.5,"C",0,0,16
"20260227_016",2026-02-27,"CDLT","TS1",1,"CDLT_TS1_1",2.5,"D",178.3848,1.11785575775235e-06,16
"20260227_016",2026-02-27,"CDLT","TS1",1,"CDLT_TS1_1",2.5,"L",78.12024,3.70409564756304e-07,16
"20260227_016",2026-02-27,"CDLT","TS1",1,"CDLT_TS1_1",2.5,"T",834.92288,6.34177748852865e-06,16
"20260227_017",2026-02-27,"DPT","TS1",1,"DPT_TS1_1",2.5,"D",120.56352,1.07265719672613e-06,16
"20260227_017",2026-02-27,"DPT","TS1",1,"DPT_TS1_1",2.5,"P",1132.43592,0.00011219744859249,16
"20260227_017",2026-02-27,"DPT","TS1",1,"DPT_TS1_1",2.5,"T",1020.27904,6.72454107071067e-06,16
"20260227_018",2026-02-27,"DPT","TS1",2,"DPT_TS1_2",2.5,"D",125.27944,1.71748708273023e-06,16
"20260227_018",2026-02-27,"DPT","TS1",2,"DPT_TS1_2",2.5,"P",709.02832,6.81466050680605e-05,16
"20260227_018",2026-02-27,"DPT","TS1",2,"DPT_TS1_2",2.5,"T",1026.2252,5.95873363213123e-06,16
"20260227_019",2026-02-27,"PT","TS1",3,"PT_TS1_3",2.5,"P",1300.15864,0.00011902885350357,16
"20260227_019",2026-02-27,"PT","TS1",3,"PT_TS1_3",2.5,"T",531.66872,3.69986675226844e-06,16
"20260227_020",2026-02-27,"CDLP","TS1",1,"CDLP_TS1_1",2.5,"C",69.09848,2.45700368274049e-06,16
"20260227_020",2026-02-27,"CDLP","TS1",1,"CDLP_TS1_1",2.5,"D",261.22096,1.59672323479095e-06,16
"20260227_020",2026-02-27,"CDLP","TS1",1,"CDLP_TS1_1",2.5,"L",136.96672,7.05654128006881e-07,16
"20260227_020",2026-02-27,"CDLP","TS1",1,"CDLP_TS1_1",2.5,"P",489.43048,4.86248047439969e-05,16
"20260227_021",2026-02-27,"CDLP","TS1",3,"CDLP_TS1_3",2.5,"C",51.26,1.44433956941074e-06,16
"20260227_021",2026-02-27,"CDLP","TS1",3,"CDLP_TS1_3",2.5,"D",381.98952,3.02643360654045e-06,16
"20260227_021",2026-02-27,"CDLP","TS1",3,"CDLP_TS1_3",2.5,"L",149.06408,8.52717982384837e-07,16
"20260227_021",2026-02-27,"CDLP","TS1",3,"CDLP_TS1_3",2.5,"P",640.33992,6.28309031837634e-05,16
"20260227_022",2026-02-27,"CD","TS1",1,"CD_TS1_1",2.5,"C",0,0,16
"20260227_022",2026-02-27,"CD","TS1",1,"CD_TS1_1",2.5,"D",1393.65688,1.05867701536789e-05,16
"20260227_023",2026-02-27,"LPT","TS1",3,"LPT_TS1_3",2.5,"L",41.049674796748,2.06354676330785e-06,16
"20260227_023",2026-02-27,"LPT","TS1",3,"LPT_TS1_3",2.5,"P",859.93776,9.16402014820694e-05,16
"20260227_023",2026-02-27,"LPT","TS1",3,"LPT_TS1_3",2.5,"T",76.47992,5.83512637267027e-07,16
"20260227_024",2026-02-27,"LT","TS1",1,"LT_TS1_1",2.5,"L",167.1076,1.57039571978375e-06,16
"20260227_024",2026-02-27,"LT","TS1",1,"LT_TS1_1",2.5,"T",1350.39344,1.24113021440946e-05,16
"20260227_025",2026-02-27,"CLT","TS1",3,"CLT_TS1_3",2.5,"C",0,0,16
"20260227_025",2026-02-27,"CLT","TS1",3,"CLT_TS1_3",2.5,"L",310.22552,1.65843436510169e-06,16
"20260227_025",2026-02-27,"CLT","TS1",3,"CLT_TS1_3",2.5,"T",508.90928,4.34629776216772e-06,16
"20260227_026",2026-02-27,"CD","TS1",2,"CD_TS1_2",2.5,"C",0,0,16
"20260227_026",2026-02-27,"CD","TS1",2,"CD_TS1_2",2.5,"D",1390.78632,1.0370645383926e-05,16
"20260227_027",2026-02-27,"PT","TS1",2,"PT_TS1_2",2.5,"P",1113.98232,9.78315561291548e-05,16
"20260227_027",2026-02-27,"PT","TS1",2,"PT_TS1_2",2.5,"T",381.78448,2.27288667606938e-06,16
"20260227_028",2026-02-27,"CLT","TS2",1,"CLT_TS2_1",2.5,"C",0,0,16
"20260227_028",2026-02-27,"CLT","TS2",1,"CLT_TS2_1",2.5,"L",138.60704,7.13937307608922e-07,16
"20260227_028",2026-02-27,"CLT","TS2",1,"CLT_TS2_1",2.5,"T",1088.7624,8.2553406748132e-06,16
"20260227_029",2026-02-27,"CP","TS2",1,"CP_TS2_1",2.5,"C",216.93232,5.53709598194645e-06,16
"20260227_029",2026-02-27,"CP","TS2",1,"CP_TS2_1",2.5,"P",916.5288,8.68017396552219e-05,16
"20260227_030",2026-02-27,"CDPT","TS2",1,"CDPT_TS2_1",2.5,"C",0,0,16
"20260227_030",2026-02-27,"CDPT","TS2",1,"CDPT_TS2_1",2.5,"D",67.6632,3.45830027456695e-07,16
"20260227_030",2026-02-27,"CDPT","TS2",1,"CDPT_TS2_1",2.5,"P",497.63208,5.15609792683245e-05,16
"20260227_030",2026-02-27,"CDPT","TS2",1,"CDPT_TS2_1",2.5,"T",752.29176,6.83741092546326e-06,16
"20260227_031",2026-02-27,"CDPT","TS2",3,"CDPT_TS2_3",2.5,"C",28.7056,1.57100632902245e-06,16
"20260227_031",2026-02-27,"CDPT","TS2",3,"CDPT_TS2_3",2.5,"D",160.13624,1.28881712714055e-06,16
"20260227_031",2026-02-27,"CDPT","TS2",3,"CDPT_TS2_3",2.5,"P",611.83936,6.63202011320394e-05,16
"20260227_031",2026-02-27,"CDPT","TS2",3,"CDPT_TS2_3",2.5,"T",1060.87696,8.27463945395558e-06,16
"20260227_032",2026-02-27,"LT","TS2",3,"LT_TS2_3",2.5,"L",198.47872,2.10480166233618e-06,16
"20260227_032",2026-02-27,"LT","TS2",3,"LT_TS2_3",2.5,"T",1961.2076,1.79329546120861e-05,16
"20260227_033",2026-02-27,"PT","TS2",3,"PT_TS2_3",2.5,"P",1988.888,0.00017450816250813,16
"20260227_033",2026-02-27,"PT","TS2",3,"PT_TS2_3",2.5,"T",340.16136,2.42679175196108e-06,16
"20260227_034",2026-02-27,"DPT","TS2",3,"DPT_TS2_3",2.5,"D",246.66312,1.7803437575673e-06,16
"20260227_034",2026-02-27,"DPT","TS2",3,"DPT_TS2_3",2.5,"P",844.7648,8.29738302515936e-05,16
"20260227_034",2026-02-27,"DPT","TS2",3,"DPT_TS2_3",2.5,"T",1183.69592,7.40273041163321e-06,16
"20260227_035",2026-02-27,"PT","TS2",1,"PT_TS2_1",2.5,"P",979.066,9.48678808669113e-05,16
"20260227_035",2026-02-27,"PT","TS2",1,"PT_TS2_1",2.5,"T",585.79928,5.7292334626441e-06,16
"20260227_036",2026-02-27,"CDLT","TS2",3,"CDLT_TS2_3",2.5,"C",25.63,2.09646312281998e-06,16
"20260227_036",2026-02-27,"CDLT","TS2",3,"CDLT_TS2_3",2.5,"D",179.82008,9.46375415094895e-07,16
"20260227_036",2026-02-27,"CDLT","TS2",3,"CDLT_TS2_3",2.5,"L",61.30696,6.17505175561097e-07,16
"20260227_036",2026-02-27,"CDLT","TS2",3,"CDLT_TS2_3",2.5,"T",1151.91472,8.438616696411e-06,16
"20260227_037",2026-02-27,"CDLP","TS2",2,"CDLP_TS2_2",2.5,"C",25.63,7.93017913280702e-07,16
"20260227_037",2026-02-27,"CDLP","TS2",2,"CDLP_TS2_2",2.5,"D",443.70656,4.56386169590079e-06,16
"20260227_037",2026-02-27,"CDLP","TS2",2,"CDLP_TS2_2",2.5,"L",233.54056,1.2672174344952e-06,16
"20260227_037",2026-02-27,"CDLP","TS2",2,"CDLP_TS2_2",2.5,"P",874.90568,9.53079260386296e-05,16
"20260227_038",2026-02-27,"CDLT","TS2",2,"CDLT_TS2_2",2.5,"C",25.63,1.23573471216978e-06,16
"20260227_038",2026-02-27,"CDLT","TS2",2,"CDLT_TS2_2",2.5,"D",326.62872,2.99403166527096e-06,16
"20260227_038",2026-02-27,"CDLT","TS2",2,"CDLT_TS2_2",2.5,"L",51.46504,2.22972926485733e-07,16
"20260227_038",2026-02-27,"CDLT","TS2",2,"CDLT_TS2_2",2.5,"T",1048.7796,8.214831095131e-06,16
"20260227_039",2026-02-27,"CDPT","TS2",2,"CDPT_TS2_2",2.5,"C",0,0,16
"20260227_039",2026-02-27,"CDPT","TS2",2,"CDPT_TS2_2",2.5,"D",97.18896,2.28967651045376e-06,16
"20260227_039",2026-02-27,"CDPT","TS2",2,"CDPT_TS2_2",2.5,"P",400.44312,4.580938775181e-05,16
"20260227_039",2026-02-27,"CDPT","TS2",2,"CDPT_TS2_2",2.5,"T",776.0764,6.39228923506597e-06,16
"20260227_040",2026-02-27,"CLT","TS2",3,"CLT_TS2_3",2.5,"C",25.63,6.74060476336206e-07,16
"20260227_040",2026-02-27,"CLT","TS2",3,"CLT_TS2_3",2.5,"L",154.39512,7.05763344919649e-07,16
"20260227_040",2026-02-27,"CLT","TS2",3,"CLT_TS2_3",2.5,"T",616.76032,4.4154842287185e-06,16
"20260227_041",2026-02-27,"PT","TS2",2,"PT_TS2_2",2.5,"P",912.22296,9.03931539782869e-05,16
"20260227_041",2026-02-27,"PT","TS2",2,"PT_TS2_2",2.5,"T",677.04208,3.55974773471901e-06,16
"20260227_042",2026-02-27,"DLP","TS2",3,"DLP_TS2_3",2.5,"D",721.12568,4.77480261578907e-06,16
"20260227_042",2026-02-27,"DLP","TS2",3,"DLP_TS2_3",2.5,"L",213.03656,1.02624883325734e-06,16
"20260227_042",2026-02-27,"DLP","TS2",3,"DLP_TS2_3",2.5,"P",551.76264,4.41286118713709e-05,16
"20260227_043",2026-02-27,"CDLP","TS2",1,"CDLP_TS2_1",2.5,"C",93.2932,5.60743847538772e-06,16
"20260227_043",2026-02-27,"CDLP","TS2",1,"CDLP_TS2_1",2.5,"D",411.51528,3.02979486214966e-06,16
"20260227_043",2026-02-27,"CDLP","TS2",1,"CDLP_TS2_1",2.5,"L",105.80064,6.44761390887421e-07,16
"20260227_043",2026-02-27,"CDLP","TS2",1,"CDLP_TS2_1",2.5,"P",641.98024,8.93495235995866e-05,16
"20260227_044",2026-02-27,"LT","TS2",2,"LT_TS2_2",2.5,"L",413.1556,3.67456470499116e-06,16
"20260227_044",2026-02-27,"LT","TS2",2,"LT_TS2_2",2.5,"T",1823.8308,1.5501716024629e-05,16
"20260227_045",2026-02-27,"CLT","TS2",2,"CLT_TS2_2",2.5,"C",96.98392,1.95956991967183e-06,16
"20260227_045",2026-02-27,"CLT","TS2",2,"CLT_TS2_2",2.5,"L",281.10984,1.91564484629482e-06,16
"20260227_045",2026-02-27,"CLT","TS2",2,"CLT_TS2_2",2.5,"T",1039.34776,7.2440714300168e-06,16
"20260227_046",2026-02-27,"DPT","TS2",1,"DPT_TS2_1",2.5,"D",88.1672,6.93775656442756e-07,16
"20260227_046",2026-02-27,"DPT","TS2",1,"DPT_TS2_1",2.5,"P",576.57248,5.54155290634378e-05,16
"20260227_046",2026-02-27,"DPT","TS2",1,"DPT_TS2_1",2.5,"T",954.87128,7.18996055755094e-06,16
"20260227_047",2026-02-27,"DLP","TS2",2,"DLP_TS2_2",2.5,"D",570.62632,3.75707972482498e-06,16
"20260227_047",2026-02-27,"DLP","TS2",2,"DLP_TS2_2",2.5,"L",332.98496,1.43966487796546e-06,16
"20260227_047",2026-02-27,"DLP","TS2",2,"DLP_TS2_2",2.5,"P",755.5724,8.41246583237211e-05,16
"20260227_048",2026-02-27,"DPT","TS2",2,"DPT_TS2_2",2.5,"D",126.71472,5.01340440596345e-06,16
"20260227_048",2026-02-27,"DPT","TS2",2,"DPT_TS2_2",2.5,"P",831.02712,7.6209538823594e-05,16
"20260227_048",2026-02-27,"DPT","TS2",2,"DPT_TS2_2",2.5,"T",739.78432,5.23519298829867e-06,16
"20260227_049",2026-02-27,"CP","TS2",3,"CP_TS2_3",2.5,"C",215.08696,6.03405353300485e-06,16
"20260227_049",2026-02-27,"CP","TS2",3,"CP_TS2_3",2.5,"P",968.814,0.00010242729401144,16
"20260227_050",2026-02-27,"CP","TS2",2,"CP_TS2_2",2.5,"C",313.30112,7.97653774998104e-06,16
"20260227_050",2026-02-27,"CP","TS2",2,"CP_TS2_2",2.5,"P",630.29296,6.10104582769064e-05,16
"20260227_051",2026-02-27,"CDLT","TS2",1,"CDLT_TS2_1",2.5,"C",25.63,5.07527432999915e-07,16
"20260227_051",2026-02-27,"CDLT","TS2",1,"CDLT_TS2_1",2.5,"D",171.00336,3.17999799081351e-06,16
"20260227_051",2026-02-27,"CDLT","TS2",1,"CDLT_TS2_1",2.5,"L",59.87168,6.07129288683192e-07,16
"20260227_051",2026-02-27,"CDLT","TS2",1,"CDLT_TS2_1",2.5,"T",1417.23648,1.03829647635244e-05,16
"20260227_052",2026-02-27,"CDLP","TS2",3,"CDLP_TS2_3",2.5,"C",25.63,5.36450055626645e-08,16
"20260227_052",2026-02-27,"CDLP","TS2",3,"CDLP_TS2_3",2.5,"D",444.11664,3.85115772516624e-06,16
"20260227_052",2026-02-27,"CDLP","TS2",3,"CDLP_TS2_3",2.5,"L",165.0572,1.54868967884383e-06,16
"20260227_052",2026-02-27,"CDLP","TS2",3,"CDLP_TS2_3",2.5,"P",521.21168,5.90012463691507e-05,16
"20260227_053",2026-02-27,"DLP","TS2",1,"DLP_TS2_1",2.5,"D",640.13488,5.17821458060274e-06,16
"20260227_053",2026-02-27,"DLP","TS2",1,"DLP_TS2_1",2.5,"L",485.53472,2.56030287209093e-06,16
"20260227_053",2026-02-27,"DLP","TS2",1,"DLP_TS2_1",2.5,"P",803.14168,9.31996765319607e-05,16
"20260227_054",2026-02-27,"LT","TS2",1,"LT_TS2_1",2.5,"L",235.18088,1.59616064101522e-06,16
"20260227_054",2026-02-27,"LT","TS2",1,"LT_TS2_1",2.5,"T",1734.84344,1.30588439364389e-05,16
"20260227_055",2026-02-27,"CDLP","TS3",3,"CDLP_TS3_3",2.5,"C",0,0,16
"20260227_055",2026-02-27,"CDLP","TS3",3,"CDLP_TS3_3",2.5,"D",374.81312,3.12984390986117e-06,16
"20260227_055",2026-02-27,"CDLP","TS3",3,"CDLP_TS3_3",2.5,"L",184.12592,1.5461469936232e-06,16
"20260227_055",2026-02-27,"CDLP","TS3",3,"CDLP_TS3_3",2.5,"P",300.3836,3.10312755968353e-05,16
"20260227_056",2026-02-27,"CDPT","TS3",2,"CDPT_TS3_2",2.5,"C",29.7638709677419,9.23236667204682e-07,16
"20260227_056",2026-02-27,"CDPT","TS3",2,"CDPT_TS3_2",2.5,"D",59.4616,6.59059875189167e-07,16
"20260227_056",2026-02-27,"CDPT","TS3",2,"CDPT_TS3_2",2.5,"P",495.1716,4.7367932504027e-05,16
"20260227_056",2026-02-27,"CDPT","TS3",2,"CDPT_TS3_2",2.5,"T",810.52312,7.06560987971374e-06,16
"20260227_057",2026-02-27,"CDLT","TS3",2,"CDLT_TS3_2",2.5,"C",0,0,16
"20260227_057",2026-02-27,"CDLT","TS3",2,"CDLT_TS3_2",2.5,"D",103.95528,6.93121054127553e-07,16
"20260227_057",2026-02-27,"CDLT","TS3",2,"CDLT_TS3_2",2.5,"L",60.07672,2.58719276795337e-07,16
"20260227_057",2026-02-27,"CDLT","TS3",2,"CDLT_TS3_2",2.5,"T",832.87248,6.08587559571958e-06,16
"20260227_058",2026-02-27,"LT","TS3",1,"LT_TS3_1",2.5,"L",185.15112,2.23947248212351e-06,16
"20260227_058",2026-02-27,"LT","TS3",1,"LT_TS3_1",2.5,"T",1744.07024,1.99227227240635e-05,16
"20260227_059",2026-02-27,"LT","TS3",3,"LT_TS3_3",2.5,"L",278.03424,3.25324475080191e-06,16
"20260227_059",2026-02-27,"LT","TS3",3,"LT_TS3_3",2.5,"T",1413.34072,1.28914675223425e-05,16
"20260227_060",2026-02-27,"CDLT","TS3",1,"CDLT_TS3_1",2.5,"C",25.63,1.60113525219993e-06,16
"20260227_060",2026-02-27,"CDLT","TS3",1,"CDLT_TS3_1",2.5,"D",163.62192,8.83165623249849e-07,16
"20260227_060",2026-02-27,"CDLT","TS3",1,"CDLT_TS3_1",2.5,"L",102.10992,5.09816418383646e-07,16
"20260227_060",2026-02-27,"CDLT","TS3",1,"CDLT_TS3_1",2.5,"T",837.38336,5.93644678433957e-06,16
"20260227_061",2026-02-27,"DLP","TS3",1,"DLP_TS3_1",2.5,"D",501.52784,4.417005757672e-06,16
"20260227_061",2026-02-27,"DLP","TS3",1,"DLP_TS3_1",2.5,"L",229.6448,1.10223454591087e-06,16
"20260227_061",2026-02-27,"DLP","TS3",1,"DLP_TS3_1",2.5,"P",585.18416,6.83489027563703e-05,16
"20260227_062",2026-02-27,"DLP","TS3",2,"DLP_TS3_2",2.5,"D",563.65496,3.69684458279695e-06,16
"20260227_062",2026-02-27,"DLP","TS3",2,"DLP_TS3_2",2.5,"L",175.3092,7.29577844474375e-07,16
"20260227_062",2026-02-27,"DLP","TS3",2,"DLP_TS3_2",2.5,"P",549.91728,5.84038382448865e-05,16
"20260227_063",2026-02-27,"DLP","TS3",3,"DLP_TS3_3",2.5,"D",714.97448,4.82042706601704e-06,16
"20260227_063",2026-02-27,"DLP","TS3",3,"DLP_TS3_3",2.5,"L",166.49248,7.59825630683808e-07,16
"20260227_063",2026-02-27,"DLP","TS3",3,"DLP_TS3_3",2.5,"P",771.15544,8.69544363252949e-05,16
"20260227_064",2026-02-27,"DPT","TS3",2,"DPT_TS3_2",2.5,"D",66.638,3.19593516224797e-07,16
"20260227_064",2026-02-27,"DPT","TS3",2,"DPT_TS3_2",2.5,"P",634.5988,6.82118071511924e-05,16
"20260227_064",2026-02-27,"DPT","TS3",2,"DPT_TS3_2",2.5,"T",980.70632,5.88136150428158e-06,16
"20260227_065",2026-02-27,"CD","TS3",2,"CD_TS3_2",2.5,"C",128.15,4.56837575667664e-06,16
"20260227_065",2026-02-27,"CD","TS3",2,"CD_TS3_2",2.5,"D",1298.10824,9.65517244513893e-06,16
"20260227_066",2026-02-27,"CDLP","TS3",1,"CDLP_TS3_1",2.5,"C",76.89,2.50408606062167e-06,16
"20260227_066",2026-02-27,"CDLP","TS3",1,"CDLP_TS3_1",2.5,"D",229.23472,2.12792559971987e-06,16
"20260227_066",2026-02-27,"CDLP","TS3",1,"CDLP_TS3_1",2.5,"L",78.12024,4.33739993329486e-07,16
"20260227_066",2026-02-27,"CDLP","TS3",1,"CDLP_TS3_1",2.5,"P",428.5336,4.20077026358446e-05,16
"20260227_067",2026-02-27,"CLT","TS3",1,"CLT_TS3_1",2.5,"C",25.63,1.69582632607984e-07,16
"20260227_067",2026-02-27,"CLT","TS3",1,"CLT_TS3_1",2.5,"L",98.62424,6.96126874860883e-07,16
"20260227_067",2026-02-27,"CLT","TS3",1,"CLT_TS3_1",2.5,"T",542.12576,3.3337645018348e-06,16
"20260227_068",2026-02-27,"CDLP","TS3",2,"CDLP_TS3_2",2.5,"C",55.97592,1.67389102540519e-06,16
"20260227_068",2026-02-27,"CDLP","TS3",2,"CDLP_TS3_2",2.5,"D",399.21288,2.66082226772756e-06,16
"20260227_068",2026-02-27,"CDLP","TS3",2,"CDLP_TS3_2",2.5,"L",190.48216,1.42489605356092e-06,16
"20260227_068",2026-02-27,"CDLP","TS3",2,"CDLP_TS3_2",2.5,"P",366.61152,3.94111842152231e-05,16
"20260227_069",2026-02-27,"PT","TS3",3,"PT_TS3_3",2.5,"P",732.40288,7.39592359585609e-05,16
"20260227_069",2026-02-27,"PT","TS3",3,"PT_TS3_3",2.5,"T",360.25528,2.02637145433284e-06,16
"20260227_070",2026-02-27,"CD","TS3",3,"CD_TS3_3",2.5,"C",28.3671844660194,2.18224340112317e-06,16
"20260227_070",2026-02-27,"CD","TS3",3,"CD_TS3_3",2.5,"D",1410.88024,1.04745928070138e-05,16
"20260227_071",2026-02-27,"CDLT","TS3",3,"CDLT_TS3_3",2.5,"C",28.7056,8.42062597019706e-07,16
"20260227_071",2026-02-27,"CDLT","TS3",3,"CDLT_TS3_3",2.5,"D",402.9036,3.5890890519546e-06,16
"20260227_071",2026-02-27,"CDLT","TS3",3,"CDLT_TS3_3",2.5,"L",115.23248,9.27003232805326e-07,16
"20260227_071",2026-02-27,"CDLT","TS3",3,"CDLT_TS3_3",2.5,"T",870.3948,6.85980593026267e-06,16
"20260227_072",2026-02-27,"DPT","TS3",3,"DPT_TS3_3",2.5,"D",114.00224,5.65953272822174e-07,16
"20260227_072",2026-02-27,"DPT","TS3",3,"DPT_TS3_3",2.5,"P",726.8668,8.51407632510947e-05,16
"20260227_072",2026-02-27,"DPT","TS3",3,"DPT_TS3_3",2.5,"T",851.9412,5.01302256970484e-06,16
"20260227_073",2026-02-27,"CLT","TS3",3,"CLT_TS3_3",2.5,"C",25.63,6.539076718208e-07,16
"20260227_073",2026-02-27,"CLT","TS3",3,"CLT_TS3_3",2.5,"L",168.95296,1.54760329422974e-06,16
"20260227_073",2026-02-27,"CLT","TS3",3,"CLT_TS3_3",2.5,"T",426.4832,2.28589329319872e-06,16
"20260227_074",2026-02-27,"CD","TS3",1,"CD_TS3_1",2.5,"C",29.93584,1.12207258698037e-06,16
"20260227_074",2026-02-27,"CD","TS3",1,"CD_TS3_1",2.5,"D",1345.88256,1.07851945254142e-05,16
"20260227_075",2026-02-27,"PT","TS3",2,"PT_TS3_2",2.5,"P",1010.8472,9.78884855001489e-05,16
"20260227_075",2026-02-27,"PT","TS3",2,"PT_TS3_2",2.5,"T",387.5256,2.31917881405551e-06,16
"20260227_076",2026-02-27,"PT","TS3",1,"PT_TS3_1",2.5,"P",1054.31568,9.2379705439808e-05,16
"20260227_076",2026-02-27,"PT","TS3",1,"PT_TS3_1",2.5,"T",338.316,1.7592575682004e-06,16
"20260227_077",2026-02-27,"CDPT","TS3",3,"CDPT_TS3_3",2.5,"C",51.26,2.63406567189077e-06,16
"20260227_077",2026-02-27,"CDPT","TS3",3,"CDPT_TS3_3",2.5,"D",107.646,1.00612437339665e-06,16
"20260227_077",2026-02-27,"CDPT","TS3",3,"CDPT_TS3_3",2.5,"P",459.90472,4.77934961908377e-05,16
"20260227_077",2026-02-27,"CDPT","TS3",3,"CDPT_TS3_3",2.5,"T",1097.16904,8.83553110614437e-06,16
"20260227_078",2026-02-27,"CDPT","TS3",1,"CDPT_TS3_1",2.5,"C",51.26,1.44884797466364e-06,16
"20260227_078",2026-02-27,"CDPT","TS3",1,"CDPT_TS3_1",2.5,"D",104.77544,4.66878383440389e-07,16
"20260227_078",2026-02-27,"CDPT","TS3",1,"CDPT_TS3_1",2.5,"P",402.28848,4.89426433681058e-05,16
"20260227_078",2026-02-27,"CDPT","TS3",1,"CDPT_TS3_1",2.5,"T",575.95736,4.93218720813032e-06,16
"20260227_079",2026-02-27,"DPT","TS3",1,"DPT_TS3_1",2.5,"D",244.81776,1.34997526884122e-06,16
"20260227_079",2026-02-27,"DPT","TS3",1,"DPT_TS3_1",2.5,"P",859.93776,9.87694757393759e-05,16
"20260227_079",2026-02-27,"DPT","TS3",1,"DPT_TS3_1",2.5,"T",1211.7864,7.95915488407359e-06,16
"20260227_080",2026-02-27,"CLT","TS3",2,"CLT_TS3_2",2.5,"C",47.56928,1.12941736977576e-06,16
"20260227_080",2026-02-27,"CLT","TS3",2,"CLT_TS3_2",2.5,"L",67.25312,2.47431755793849e-07,16
"20260227_080",2026-02-27,"CLT","TS3",2,"CLT_TS3_2",2.5,"T",301.4088,2.28226493536169e-06,16
"20260227_081",2026-02-27,"LT","TS3",2,"LT_TS3_2",2.5,"L",223.4936,2.88886748239413e-06,16
"20260227_081",2026-02-27,"LT","TS3",2,"LT_TS3_2",2.5,"T",1524.06232,1.83383142815778e-05,16
"20260227_082",2026-02-27,"PT","TS4",1,"PT_TS4_1",2.5,"P",566.9356,6.11531860428126e-05,16
"20260227_082",2026-02-27,"PT","TS4",1,"PT_TS4_1",2.5,"T",636.6492,3.44889649705561e-06,16
"20260227_083",2026-02-27,"DPT","TS4",2,"DPT_TS4_2",2.5,"D",150.90944,8.09663277146915e-07,16
"20260227_083",2026-02-27,"DPT","TS4",2,"DPT_TS4_2",2.5,"P",807.65256,7.73234977889613e-05,16
"20260227_083",2026-02-27,"DPT","TS4",2,"DPT_TS4_2",2.5,"T",1225.72912,8.81909004904179e-06,16
"20260227_084",2026-02-27,"CDLP","TS4",3,"CDLP_TS4_3",2.5,"C",31.5844444444445,1.36566893427972e-06,16
"20260227_084",2026-02-27,"CDLP","TS4",3,"CDLP_TS4_3",2.5,"D",268.39736,2.47813526147561e-06,16
"20260227_084",2026-02-27,"CDLP","TS4",3,"CDLP_TS4_3",2.5,"L",88.57728,5.29801434238511e-07,16
"20260227_084",2026-02-27,"CDLP","TS4",3,"CDLP_TS4_3",2.5,"P",1032.78648,0.00011937184373545,16
"20260227_085",2026-02-27,"PT","TS4",2,"PT_TS4_2",2.5,"P",1539.64536,0.0001540977921049,16
"20260227_085",2026-02-27,"PT","TS4",2,"PT_TS4_2",2.5,"T",712.30896,4.61937365629573e-06,16
"20260227_086",2026-02-27,"CDPT","TS4",1,"CDPT_TS4_1",2.5,"C",27.88544,9.59216410507035e-07,16
"20260227_086",2026-02-27,"CDPT","TS4",1,"CDPT_TS4_1",2.5,"D",143.32296,9.03314531345498e-07,16
"20260227_086",2026-02-27,"CDPT","TS4",1,"CDPT_TS4_1",2.5,"P",730.76256,8.22142823375881e-05,16
"20260227_086",2026-02-27,"CDPT","TS4",1,"CDPT_TS4_1",2.5,"T",762.13368,5.40526007644761e-06,16
"20260227_087",2026-02-27,"PT","TS4",3,"PT_TS4_3",2.5,"P",1468.0864,0.00013606254381366,16
"20260227_087",2026-02-27,"PT","TS4",3,"PT_TS4_3",2.5,"T",735.0684,4.60024805091893e-06,16
"20260227_088",2026-02-27,"DPT","TS4",3,"DPT_TS4_3",2.5,"D",184.33096,9.36575861796655e-07,16
"20260227_088",2026-02-27,"DPT","TS4",3,"DPT_TS4_3",2.5,"P",714.15432,7.57465573667765e-05,16
"20260227_088",2026-02-27,"DPT","TS4",3,"DPT_TS4_3",2.5,"T",1007.7716,7.31079064679551e-06,16
"20260227_089",2026-02-27,"CDLT","TS4",2,"CDLT_TS4_2",2.5,"C",25.63,1.81571166092118e-07,16
"20260227_089",2026-02-27,"CDLT","TS4",2,"CDLT_TS4_2",2.5,"D",491.89096,3.34165839199833e-06,16
"20260227_089",2026-02-27,"CDLT","TS4",2,"CDLT_TS4_2",2.5,"L",192.12248,1.01614831063758e-06,16
"20260227_089",2026-02-27,"CDLT","TS4",2,"CDLT_TS4_2",2.5,"T",1250.12888,1.12769800735263e-05,16
"20260227_090",2026-02-27,"CDPT","TS4",2,"CDPT_TS4_2",2.5,"C",27.6804,1.1808828522628e-06,16
"20260227_090",2026-02-27,"CDPT","TS4",2,"CDPT_TS4_2",2.5,"D",126.71472,8.96891172701336e-07,16
"20260227_090",2026-02-27,"CDPT","TS4",2,"CDPT_TS4_2",2.5,"P",698.36624,7.71910068457029e-05,16
"20260227_090",2026-02-27,"CDPT","TS4",2,"CDPT_TS4_2",2.5,"T",759.05808,6.87741439940699e-06,16
"20260227_091",2026-02-27,"CLT","TS4",1,"CLT_TS4_1",2.5,"C",43.0584,1.24623075411461e-06,16
"20260227_091",2026-02-27,"CLT","TS4",1,"CLT_TS4_1",2.5,"L",387.5256,2.05153736755583e-06,16
"20260227_091",2026-02-27,"CLT","TS4",1,"CLT_TS4_1",2.5,"T",622.70648,4.31930692807287e-06,16
"20260227_092",2026-02-27,"LP","TS4",3,"LP_TS4_3",2.5,"L",130.81552,5.79977346759734e-07,16
"20260227_092",2026-02-27,"LP","TS4",3,"LP_TS4_3",2.5,"P",476.30792,6.2420282812472e-05,16
"20260227_093",2026-02-27,"CLT","TS4",3,"CLT_TS4_3",2.5,"C",51.26,1.52374960265871e-06,16
"20260227_093",2026-02-27,"CLT","TS4",3,"CLT_TS4_3",2.5,"L",423.61264,2.37767236279168e-06,16
"20260227_093",2026-02-27,"CLT","TS4",3,"CLT_TS4_3",2.5,"T",649.36168,5.44998282527291e-06,16
"20260227_094",2026-02-27,"CDLP","TS4",2,"CDLP_TS4_2",2.5,"C",25.63,1.94064727543975e-06,16
"20260227_094",2026-02-27,"CDLP","TS4",2,"CDLP_TS4_2",2.5,"D",434.27472,5.03516865792466e-06,16
"20260227_094",2026-02-27,"CDLP","TS4",2,"CDLP_TS4_2",2.5,"L",107.646,8.55238635956556e-07,16
"20260227_094",2026-02-27,"CDLP","TS4",2,"CDLP_TS4_2",2.5,"P",695.0856,7.8598702489057e-05,16
"20260227_095",2026-02-27,"LP","TS4",2,"LP_TS4_2",2.5,"L",125.68952,2.01519156885913e-06,16
"20260227_095",2026-02-27,"LP","TS4",2,"LP_TS4_2",2.5,"P",1315.12656,0.0001364195493609,16
"20260227_096",2026-02-27,"CDLT","TS4",3,"CDLT_TS4_3",2.5,"C",60.4868,3.88150686512369e-06,16
"20260227_096",2026-02-27,"CDLT","TS4",3,"CDLT_TS4_3",2.5,"D",469.5416,3.9119277147298e-06,16
"20260227_096",2026-02-27,"CDLT","TS4",3,"CDLT_TS4_3",2.5,"L",176.94952,8.49089580080554e-07,16
"20260227_096",2026-02-27,"CDLT","TS4",3,"CDLT_TS4_3",2.5,"T",917.75904,6.86762533065634e-06,16
"20260227_097",2026-02-27,"LP","TS4",1,"LP_TS4_1",2.5,"L",0,0,16
"20260227_097",2026-02-27,"LP","TS4",1,"LP_TS4_1",2.5,"P",505.62864,6.19544013924184e-05,16
"20260227_098",2026-02-27,"CDLT","TS4",1,"CDLT_TS4_1",2.5,"C",35.26688,1.21928721247569e-06,16
"20260227_098",2026-02-27,"CDLT","TS4",1,"CDLT_TS4_1",2.5,"D",243.58752,2.18759843837279e-06,16
"20260227_098",2026-02-27,"CDLT","TS4",1,"CDLT_TS4_1",2.5,"L",126.91976,5.49268656709691e-07,16
"20260227_098",2026-02-27,"CDLT","TS4",1,"CDLT_TS4_1",2.5,"T",625.57704,4.60517047425484e-06,16
"20260227_099",2026-02-27,"CDLP","TS4",1,"CDLP_TS4_1",2.5,"C",41.2686440677966,1.49983687705053e-06,16
"20260227_099",2026-02-27,"CDLP","TS4",1,"CDLP_TS4_1",2.5,"D",466.26096,3.7077668223419e-06,16
"20260227_099",2026-02-27,"CDLP","TS4",1,"CDLP_TS4_1",2.5,"L",115.02744,1.4062896349887e-06,16
"20260227_099",2026-02-27,"CDLP","TS4",1,"CDLP_TS4_1",2.5,"P",367.0216,3.88594202026747e-05,16
"20260227_100",2026-02-27,"DPT","TS4",1,"DPT_TS4_1",2.5,"D",76.68496,3.36671536925771e-07,16
"20260227_100",2026-02-27,"DPT","TS4",1,"DPT_TS4_1",2.5,"P",529.41328,5.26455727670545e-05,16
"20260227_100",2026-02-27,"DPT","TS4",1,"DPT_TS4_1",2.5,"T",944.82432,6.25146533848267e-06,16
"20260227_101",2026-02-27,"LT","TS4",1,"LT_TS4_1",2.5,"L",497.63208,5.56890262690432e-06,16
"20260227_101",2026-02-27,"LT","TS4",1,"LT_TS4_1",2.5,"T",1877.55128,2.1781649172936e-05,16
"20260227_102",2026-02-27,"CDPT","TS4",3,"CDPT_TS4_3",2.5,"C",0,0,16
"20260227_102",2026-02-27,"CDPT","TS4",3,"CDPT_TS4_3",2.5,"D",25.63,1.49558017927689e-07,16
"20260227_102",2026-02-27,"CDPT","TS4",3,"CDPT_TS4_3",2.5,"P",866.49904,9.1605261930546e-05,16
"20260227_102",2026-02-27,"CDPT","TS4",3,"CDPT_TS4_3",2.5,"T",502.348,4.17594009238479e-06,16
"20260227_103",2026-02-27,"LPT","TS4",1,"LPT_TS4_1",2.5,"L",25.63,8.2776308256183e-09,16
"20260227_103",2026-02-27,"LPT","TS4",1,"LPT_TS4_1",2.5,"P",613.27464,7.92272655806038e-05,16
"20260227_103",2026-02-27,"LPT","TS4",1,"LPT_TS4_1",2.5,"T",318.42712,1.97875419936474e-06,16
"20260227_104",2026-02-27,"LT","TS4",3,"LT_TS4_3",2.5,"L",491.89096,4.9411161005836e-06,16
"20260227_104",2026-02-27,"LT","TS4",3,"LT_TS4_3",2.5,"T",1901.54096,1.92409823134179e-05,16
"20260227_105",2026-02-27,"LT","TS4",2,"LT_TS4_2",2.5,"L",486.97,5.02155496293441e-06,16
"20260227_105",2026-02-27,"LT","TS4",2,"LT_TS4_2",2.5,"T",2183.47096,2.20560808160254e-05,16
"20260227_106",2026-02-27,"CLT","TS4",2,"CLT_TS4_2",2.5,"C",25.63,1.18884940110769e-06,16
"20260227_106",2026-02-27,"CLT","TS4",2,"CLT_TS4_2",2.5,"L",208.1156,1.01803894719761e-06,16
"20260227_106",2026-02-27,"CLT","TS4",2,"CLT_TS4_2",2.5,"T",734.86336,4.43181140634464e-06,16
"20260227_107",2026-02-27,"LPT","TS4",2,"LPT_TS4_2",2.5,"L",183.92088,7.97871670379454e-07,16
"20260227_107",2026-02-27,"LPT","TS4",2,"LPT_TS4_2",2.5,"P",388.96088,5.16650965034408e-05,16
"20260227_107",2026-02-27,"LPT","TS4",2,"LPT_TS4_2",2.5,"T",700.2116,3.68446125013714e-06,16
"20260227_108",2026-02-27,"LPT","TS4",3,"LPT_TS4_3",2.5,"L",25.63,6.66066777985949e-08,16
"20260227_108",2026-02-27,"LPT","TS4",3,"LPT_TS4_3",2.5,"P",529.41328,5.92500396696226e-05,16
"20260227_108",2026-02-27,"LPT","TS4",3,"LPT_TS4_3",2.5,"T",437.14528,2.18252152513044e-06,16
"20260302_001",2026-03-02,"DLPT","TS1",3,"DLPT_TS1_3",2.5,"D",35.4235772357724,7.76946311062352e-07,19
"20260302_001",2026-03-02,"DLPT","TS1",3,"DLPT_TS1_3",2.5,"L",41.4664227642276,1.98884073442739e-06,19
"20260302_001",2026-03-02,"DLPT","TS1",3,"DLPT_TS1_3",2.5,"P",473.84744,3.92934578467997e-05,19
"20260302_001",2026-03-02,"DLPT","TS1",3,"DLPT_TS1_3",2.5,"T",239.07664,1.22232581892013e-06,19
"20260302_002",2026-03-02,"LPT","TS1",1,"LPT_TS1_1",2.5,"L",25.63,2.17377143944132e-06,19
"20260302_002",2026-03-02,"LPT","TS1",1,"LPT_TS1_1",2.5,"P",1323.32816,0.00011185477139667,19
"20260302_002",2026-03-02,"LPT","TS1",1,"LPT_TS1_1",2.5,"T",107.23592,6.77618426076984e-07,19
"20260302_003",2026-03-02,"DLPT","TS1",2,"DLPT_TS1_2",2.5,"D",25.63,6.53128093411673e-07,19
"20260302_003",2026-03-02,"DLPT","TS1",2,"DLPT_TS1_2",2.5,"L",25.63,5.0480208521883e-07,19
"20260302_003",2026-03-02,"DLPT","TS1",2,"DLPT_TS1_2",2.5,"P",798.6308,7.88618808639584e-05,19
"20260302_003",2026-03-02,"DLPT","TS1",2,"DLPT_TS1_2",2.5,"T",381.98952,3.17806138727041e-06,19
"20260302_004",2026-03-02,"CD","TS1",3,"CD_TS1_3",2.5,"C",0,0,19
"20260302_004",2026-03-02,"CD","TS1",3,"CD_TS1_3",2.5,"D",697.136,5.27303861975274e-06,19
"20260302_005",2026-03-02,"CLT","TS1",1,"CLT_TS1_1",2.5,"C",0,0,19
"20260302_005",2026-03-02,"CLT","TS1",1,"CLT_TS1_1",2.5,"L",0,0,19
"20260302_005",2026-03-02,"CLT","TS1",1,"CLT_TS1_1",2.5,"T",90.2176,1.71015424601697e-06,19
"20260302_006",2026-03-02,"DPT","TS1",3,"DPT_TS1_3",2.5,"D",25.63,1.22872754229966e-08,19
"20260302_006",2026-03-02,"DPT","TS1",3,"DPT_TS1_3",2.5,"P",1030.12096,8.75369039131509e-05,19
"20260302_006",2026-03-02,"DPT","TS1",3,"DPT_TS1_3",2.5,"T",326.42368,1.52442718418768e-06,19
"20260302_007",2026-03-02,"CLT","TS1",2,"CLT_TS1_2",2.5,"C",25.63,1.06235639213182e-07,19
"20260302_007",2026-03-02,"CLT","TS1",2,"CLT_TS1_2",2.5,"L",0,0,19
"20260302_007",2026-03-02,"CLT","TS1",2,"CLT_TS1_2",2.5,"T",102.31496,1.82965420494987e-06,19
"20260302_008",2026-03-02,"CDLP","TS1",2,"CDLP_TS1_2",2.5,"C",25.63,7.50255837864073e-07,19
"20260302_008",2026-03-02,"CDLP","TS1",2,"CDLP_TS1_2",2.5,"D",99.64944,3.51457873648557e-06,19
"20260302_008",2026-03-02,"CDLP","TS1",2,"CDLP_TS1_2",2.5,"L",82.63112,7.971667754764e-07,19
"20260302_008",2026-03-02,"CDLP","TS1",2,"CDLP_TS1_2",2.5,"P",1071.74408,8.63003622012947e-05,19
"20260302_009",2026-03-02,"PT","TS1",1,"PT_TS1_1",2.5,"P",606.09824,4.84071153066245e-05,19
"20260302_009",2026-03-02,"PT","TS1",1,"PT_TS1_1",2.5,"T",269.21752,3.49685967834344e-06,19
"20260302_010",2026-03-02,"LPT","TS1",2,"LPT_TS1_2",2.5,"L",25.63,1.65427868047744e-06,19
"20260302_010",2026-03-02,"LPT","TS1",2,"LPT_TS1_2",2.5,"P",849.27568,7.95274764230114e-05,19
"20260302_010",2026-03-02,"LPT","TS1",2,"LPT_TS1_2",2.5,"T",144.14312,7.46773259918581e-07,19
"20260302_011",2026-03-02,"CDLT","TS1",3,"CDLT_TS1_3",2.5,"C",25.63,4.12929723123071e-07,19
"20260302_011",2026-03-02,"CDLT","TS1",3,"CDLT_TS1_3",2.5,"D",48.79952,1.90409432151279e-07,19
"20260302_011",2026-03-02,"CDLT","TS1",3,"CDLT_TS1_3",2.5,"L",32.8318181818182,1.86593059949864e-07,19
"20260302_011",2026-03-02,"CDLT","TS1",3,"CDLT_TS1_3",2.5,"T",466.466,2.84972162864761e-06,19
"20260302_012",2026-03-02,"DLPT","TS1",1,"DLPT_TS1_1",2.5,"D",135.3264,1.4053181548916e-06,19
"20260302_012",2026-03-02,"DLPT","TS1",1,"DLPT_TS1_1",2.5,"L",29.5571774193548,1.26884602015813e-06,19
"20260302_012",2026-03-02,"DLPT","TS1",1,"DLPT_TS1_1",2.5,"P",709.84848,6.6298635305774e-05,19
"20260302_012",2026-03-02,"DLPT","TS1",1,"DLPT_TS1_1",2.5,"T",355.7444,2.75003666725188e-06,19
"20260302_013",2026-03-02,"LT","TS1",3,"LT_TS1_3",2.5,"L",40.6329268292683,4.10454566534129e-07,19
"20260302_013",2026-03-02,"LT","TS1",3,"LT_TS1_3",2.5,"T",710.87368,6.96220401322882e-06,19
"20260302_014",2026-03-02,"CDLT","TS1",2,"CDLT_TS1_2",2.5,"C",0,0,19
"20260302_014",2026-03-02,"CDLT","TS1",2,"CDLT_TS1_2",2.5,"D",46.54408,2.57465842487743e-07,19
"20260302_014",2026-03-02,"CDLT","TS1",2,"CDLT_TS1_2",2.5,"L",25.63,6.23494554400634e-07,19
"20260302_014",2026-03-02,"CDLT","TS1",2,"CDLT_TS1_2",2.5,"T",422.79248,2.77745361208085e-06,19
"20260302_015",2026-03-02,"LT","TS1",2,"LT_TS1_2",2.5,"L",87.96216,8.78780387791887e-07,19
"20260302_015",2026-03-02,"LT","TS1",2,"LT_TS1_2",2.5,"T",594.00088,6.94616586965002e-06,19
"20260302_016",2026-03-02,"CDLT","TS1",1,"CDLT_TS1_1",2.5,"C",25.63,4.35156904282591e-07,19
"20260302_016",2026-03-02,"CDLT","TS1",1,"CDLT_TS1_1",2.5,"D",0,0,19
"20260302_016",2026-03-02,"CDLT","TS1",1,"CDLT_TS1_1",2.5,"L",32.60136,1.21588189270595e-07,19
"20260302_016",2026-03-02,"CDLT","TS1",1,"CDLT_TS1_1",2.5,"T",340.3664,2.10507766436763e-06,19
"20260302_017",2026-03-02,"DPT","TS1",1,"DPT_TS1_1",2.5,"D",55.97592,4.97676219851432e-06,19
"20260302_017",2026-03-02,"DPT","TS1",1,"DPT_TS1_1",2.5,"P",679.7076,5.58390348592393e-05,19
"20260302_017",2026-03-02,"DPT","TS1",1,"DPT_TS1_1",2.5,"T",431.6092,3.0172690903226e-06,19
"20260302_018",2026-03-02,"DPT","TS1",2,"DPT_TS1_2",2.5,"D",74.42952,3.16840119570639e-07,19
"20260302_018",2026-03-02,"DPT","TS1",2,"DPT_TS1_2",2.5,"P",685.8588,6.07288642581196e-05,19
"20260302_018",2026-03-02,"DPT","TS1",2,"DPT_TS1_2",2.5,"T",496.1968,3.74041531275164e-06,19
"20260302_019",2026-03-02,"PT","TS1",3,"PT_TS1_3",2.5,"P",598.10168,4.43457438636294e-05,19
"20260302_019",2026-03-02,"PT","TS1",3,"PT_TS1_3",2.5,"T",225.74904,4.97426090624454e-06,19
"20260302_020",2026-03-02,"CDLP","TS1",1,"CDLP_TS1_1",2.5,"C",25.63,4.11820132431434e-07,19
"20260302_020",2026-03-02,"CDLP","TS1",1,"CDLP_TS1_1",2.5,"D",218.16256,1.36050409992873e-06,19
"20260302_020",2026-03-02,"CDLP","TS1",1,"CDLP_TS1_1",2.5,"L",25.63,1.59685645139634e-07,19
"20260302_020",2026-03-02,"CDLP","TS1",1,"CDLP_TS1_1",2.5,"P",834.71784,7.24738400166843e-05,19
"20260302_021",2026-03-02,"CDLP","TS1",3,"CDLP_TS1_3",2.5,"C",30.756,7.40515230708969e-07,19
"20260302_021",2026-03-02,"CDLP","TS1",3,"CDLP_TS1_3",2.5,"D",110.92664,6.92461878787098e-06,19
"20260302_021",2026-03-02,"CDLP","TS1",3,"CDLP_TS1_3",2.5,"L",51.26,2.41342646836156e-07,19
"20260302_021",2026-03-02,"CDLP","TS1",3,"CDLP_TS1_3",2.5,"P",559.7592,5.19265020700934e-05,19
"20260302_022",2026-03-02,"CD","TS1",1,"CD_TS1_1",2.5,"C",76.68496,8.72145307891848e-07,19
"20260302_022",2026-03-02,"CD","TS1",1,"CD_TS1_1",2.5,"D",746.55064,4.25517788899504e-06,19
"20260302_023",2026-03-02,"LPT","TS1",3,"LPT_TS1_3",2.5,"L",25.63,6.6969591302637e-08,19
"20260302_023",2026-03-02,"LPT","TS1",3,"LPT_TS1_3",2.5,"P",490.0456,3.91844180027066e-05,19
"20260302_023",2026-03-02,"LPT","TS1",3,"LPT_TS1_3",2.5,"T",51.26,3.94951195459587e-07,19
"20260302_024",2026-03-02,"LT","TS1",1,"LT_TS1_1",2.5,"L",58.02632,8.44607834216208e-07,19
"20260302_024",2026-03-02,"LT","TS1",1,"LT_TS1_1",2.5,"T",479.17848,5.27383604304897e-06,19
"20260302_025",2026-03-02,"CLT","TS1",3,"CLT_TS1_3",2.5,"C",25.63,1.0691959849303e-06,19
"20260302_025",2026-03-02,"CLT","TS1",3,"CLT_TS1_3",2.5,"L",0,0,19
"20260302_025",2026-03-02,"CLT","TS1",3,"CLT_TS1_3",2.5,"T",252.81432,2.15887956397494e-06,19
"20260302_026",2026-03-02,"CD","TS1",2,"CD_TS1_2",2.5,"C",51.26,2.33427508319882e-07,19
"20260302_026",2026-03-02,"CD","TS1",2,"CD_TS1_2",2.5,"D",975.9904,5.93592097919994e-06,19
"20260302_027",2026-03-02,"PT","TS1",2,"PT_TS1_2",2.5,"P",473.23232,3.53800790470948e-05,19
"20260302_027",2026-03-02,"PT","TS1",2,"PT_TS1_2",2.5,"T",249.53368,3.16225085267826e-06,19
"20260302_028",2026-03-02,"CLT","TS2",1,"CLT_TS2_1",2.5,"C",25.63,8.35277865508322e-08,19
"20260302_028",2026-03-02,"CLT","TS2",1,"CLT_TS2_1",2.5,"L",25.63,9.54938290124781e-08,19
"20260302_028",2026-03-02,"CLT","TS2",1,"CLT_TS2_1",2.5,"T",208.52568,2.24405657310175e-06,19
"20260302_029",2026-03-02,"CP","TS2",1,"CP_TS2_1",2.5,"C",150.29432,4.39052034085276e-06,19
"20260302_029",2026-03-02,"CP","TS2",1,"CP_TS2_1",2.5,"P",622.50144,4.9671678849711e-05,19
"20260302_030",2026-03-02,"CDPT","TS2",1,"CDPT_TS2_1",2.5,"C",0,0,19
"20260302_030",2026-03-02,"CDPT","TS2",1,"CDPT_TS2_1",2.5,"D",28.7056,1.91437606168425e-07,19
"20260302_030",2026-03-02,"CDPT","TS2",1,"CDPT_TS2_1",2.5,"P",430.17392,3.7746668660806e-05,19
"20260302_030",2026-03-02,"CDPT","TS2",1,"CDPT_TS2_1",2.5,"T",572.47168,5.23030662744311e-06,19
"20260302_031",2026-03-02,"CDPT","TS2",3,"CDPT_TS2_3",2.5,"C",57.4112,1.12028196024211e-06,19
"20260302_031",2026-03-02,"CDPT","TS2",3,"CDPT_TS2_3",2.5,"D",82.016,1.2636393692421e-06,19
"20260302_031",2026-03-02,"CDPT","TS2",3,"CDPT_TS2_3",2.5,"P",718.05008,5.4088915553198e-05,19
"20260302_031",2026-03-02,"CDPT","TS2",3,"CDPT_TS2_3",2.5,"T",677.86224,4.31969511873673e-06,19
"20260302_032",2026-03-02,"LT","TS2",3,"LT_TS2_3",2.5,"L",177.3596,2.81484053510198e-06,19
"20260302_032",2026-03-02,"LT","TS2",3,"LT_TS2_3",2.5,"T",586.20936,7.63021626491678e-06,19
"20260302_033",2026-03-02,"PT","TS2",3,"PT_TS2_3",2.5,"P",922.47496,6.91728941533732e-05,19
"20260302_033",2026-03-02,"PT","TS2",3,"PT_TS2_3",2.5,"T",253.83952,1.26691091615995e-06,19
"20260302_034",2026-03-02,"DPT","TS2",3,"DPT_TS2_3",2.5,"D",108.46616,5.16919185058799e-07,19
"20260302_034",2026-03-02,"DPT","TS2",3,"DPT_TS2_3",2.5,"P",748.19096,6.72159554663786e-05,19
"20260302_034",2026-03-02,"DPT","TS2",3,"DPT_TS2_3",2.5,"T",551.5576,3.40005827280837e-06,19
"20260302_035",2026-03-02,"PT","TS2",1,"PT_TS2_1",2.5,"P",768.69496,5.16834691028086e-05,19
"20260302_035",2026-03-02,"PT","TS2",1,"PT_TS2_1",2.5,"T",382.80968,2.09760655509972e-06,19
"20260302_036",2026-03-02,"CDLT","TS2",3,"CDLT_TS2_3",2.5,"C",25.63,4.0176089545688e-08,19
"20260302_036",2026-03-02,"CDLT","TS2",3,"CDLT_TS2_3",2.5,"D",149.47416,7.3922957960488e-07,19
"20260302_036",2026-03-02,"CDLT","TS2",3,"CDLT_TS2_3",2.5,"L",34.8568,1.84315017967472e-07,19
"20260302_036",2026-03-02,"CDLT","TS2",3,"CDLT_TS2_3",2.5,"T",788.78888,4.77980380996965e-06,19
"20260302_037",2026-03-02,"CDLP","TS2",2,"CDLP_TS2_2",2.5,"C",49.2096,6.15728222003307e-07,19
"20260302_037",2026-03-02,"CDLP","TS2",2,"CDLP_TS2_2",2.5,"D",216.52224,1.90328277636296e-06,19
"20260302_037",2026-03-02,"CDLP","TS2",2,"CDLP_TS2_2",2.5,"L",311.86584,2.01819770616995e-06,19
"20260302_037",2026-03-02,"CDLP","TS2",2,"CDLP_TS2_2",2.5,"P",408.0296,4.80631614954085e-05,19
"20260302_038",2026-03-02,"CDLT","TS2",2,"CDLT_TS2_2",2.5,"C",25.63,6.75074372098344e-07,19
"20260302_038",2026-03-02,"CDLT","TS2",2,"CDLT_TS2_2",2.5,"D",66.22792,3.7347048080295e-07,19
"20260302_038",2026-03-02,"CDLT","TS2",2,"CDLT_TS2_2",2.5,"L",30.34592,3.39290085190081e-07,19
"20260302_038",2026-03-02,"CDLT","TS2",2,"CDLT_TS2_2",2.5,"T",696.31584,4.14144535756787e-06,19
"20260302_039",2026-03-02,"CDPT","TS2",2,"CDPT_TS2_2",2.5,"C",0,0,19
"20260302_039",2026-03-02,"CDPT","TS2",2,"CDPT_TS2_2",2.5,"D",112.56696,2.27555646373993e-06,19
"20260302_039",2026-03-02,"CDPT","TS2",2,"CDPT_TS2_2",2.5,"P",608.14864,6.47434394056402e-05,19
"20260302_039",2026-03-02,"CDPT","TS2",2,"CDPT_TS2_2",2.5,"T",294.2324,2.31693411283973e-06,19
"20260302_040",2026-03-02,"CLT","TS2",3,"CLT_TS2_3",2.5,"C",43.0584,9.35092865100859e-07,19
"20260302_040",2026-03-02,"CLT","TS2",3,"CLT_TS2_3",2.5,"L",43.550162601626,2.19996424802157e-07,19
"20260302_040",2026-03-02,"CLT","TS2",3,"CLT_TS2_3",2.5,"T",383.62984,4.31864558458054e-06,19
"20260302_041",2026-03-02,"PT","TS2",2,"PT_TS2_2",2.5,"P",714.97448,5.34142546618127e-05,19
"20260302_041",2026-03-02,"PT","TS2",2,"PT_TS2_2",2.5,"T",467.4912,3.40033296067071e-06,19
"20260302_042",2026-03-02,"DLP","TS2",3,"DLP_TS2_3",2.5,"D",446.16704,3.76503394434471e-06,19
"20260302_042",2026-03-02,"DLP","TS2",3,"DLP_TS2_3",2.5,"L",280.69976,1.19671853943287e-06,19
"20260302_042",2026-03-02,"DLP","TS2",3,"DLP_TS2_3",2.5,"P",894.17944,9.17560064414435e-05,19
"20260302_043",2026-03-02,"CDLP","TS2",1,"CDLP_TS2_1",2.5,"C",25.63,5.29828812230571e-07,19
"20260302_043",2026-03-02,"CDLP","TS2",1,"CDLP_TS2_1",2.5,"D",248.91856,1.84122509841662e-06,19
"20260302_043",2026-03-02,"CDLP","TS2",1,"CDLP_TS2_1",2.5,"L",148.85904,9.85051314800705e-07,19
"20260302_043",2026-03-02,"CDLP","TS2",1,"CDLP_TS2_1",2.5,"P",515.47056,5.55292549033944e-05,19
"20260302_044",2026-03-02,"LT","TS2",2,"LT_TS2_2",2.5,"L",221.4432,1.89726900069258e-06,19
"20260302_044",2026-03-02,"LT","TS2",2,"LT_TS2_2",2.5,"T",1327.22392,1.35139855307613e-05,19
"20260302_045",2026-03-02,"CLT","TS2",2,"CLT_TS2_2",2.5,"C",0,0,19
"20260302_045",2026-03-02,"CLT","TS2",2,"CLT_TS2_2",2.5,"L",0,0,19
"20260302_045",2026-03-02,"CLT","TS2",2,"CLT_TS2_2",2.5,"T",239.48672,3.92926911724862e-06,19
"20260302_046",2026-03-02,"DPT","TS2",1,"DPT_TS2_1",2.5,"D",114.41232,1.39258840723976e-06,19
"20260302_046",2026-03-02,"DPT","TS2",1,"DPT_TS2_1",2.5,"P",844.35472,7.78251923461282e-05,19
"20260302_046",2026-03-02,"DPT","TS2",1,"DPT_TS2_1",2.5,"T",834.10272,5.27195737457555e-06,19
"20260302_047",2026-03-02,"DLP","TS2",2,"DLP_TS2_2",2.5,"D",444.73176,3.62745043065479e-06,19
"20260302_047",2026-03-02,"DLP","TS2",2,"DLP_TS2_2",2.5,"L",212.01136,9.20229618496483e-07,19
"20260302_047",2026-03-02,"DLP","TS2",2,"DLP_TS2_2",2.5,"P",733.63312,6.60605238944982e-05,19
"20260302_048",2026-03-02,"DPT","TS2",2,"DPT_TS2_2",2.5,"D",37.8249193548387,9.35915964497932e-07,19
"20260302_048",2026-03-02,"DPT","TS2",2,"DPT_TS2_2",2.5,"P",562.01464,5.04353613099906e-05,19
"20260302_048",2026-03-02,"DPT","TS2",2,"DPT_TS2_2",2.5,"T",600.15208,4.18674012452345e-06,19
"20260302_049",2026-03-02,"CP","TS2",3,"CP_TS2_3",2.5,"C",364.76616,9.76270091258205e-06,19
"20260302_049",2026-03-02,"CP","TS2",3,"CP_TS2_3",2.5,"P",433.86464,3.32543338411155e-05,19
"20260302_050",2026-03-02,"CP","TS2",2,"CP_TS2_2",2.5,"C",344.05712,7.38486327953176e-06,19
"20260302_050",2026-03-02,"CP","TS2",2,"CP_TS2_2",2.5,"P",818.31464,6.95777577310785e-05,19
"20260302_051",2026-03-02,"CDLT","TS2",1,"CDLT_TS2_1",2.5,"C",0,0,19
"20260302_051",2026-03-02,"CDLT","TS2",1,"CDLT_TS2_1",2.5,"D",51.05496,3.48482774417855e-07,19
"20260302_051",2026-03-02,"CDLT","TS2",1,"CDLT_TS2_1",2.5,"L",25.63,1.11111158151679e-07,19
"20260302_051",2026-03-02,"CDLT","TS2",1,"CDLT_TS2_1",2.5,"T",474.46256,2.7750104007903e-06,19
"20260302_052",2026-03-02,"CDLP","TS2",3,"CDLP_TS2_3",2.5,"C",25.63,3.49998550781258e-07,19
"20260302_052",2026-03-02,"CDLP","TS2",3,"CDLP_TS2_3",2.5,"D",191.7124,1.02327793902763e-06,19
"20260302_052",2026-03-02,"CDLP","TS2",3,"CDLP_TS2_3",2.5,"L",195.60816,9.92436638987822e-07,19
"20260302_052",2026-03-02,"CDLP","TS2",3,"CDLP_TS2_3",2.5,"P",578.82792,5.03877825825856e-05,19
"20260302_053",2026-03-02,"DLP","TS2",1,"DLP_TS2_1",2.5,"D",362.10064,2.26705243405784e-06,19
"20260302_053",2026-03-02,"DLP","TS2",1,"DLP_TS2_1",2.5,"L",124.25424,4.88972622992397e-07,19
"20260302_053",2026-03-02,"DLP","TS2",1,"DLP_TS2_1",2.5,"P",752.70184,8.7810668905313e-05,19
"20260302_054",2026-03-02,"LT","TS2",1,"LT_TS2_1",2.5,"L",101.08472,1.42900951124903e-06,19
"20260302_054",2026-03-02,"LT","TS2",1,"LT_TS2_1",2.5,"T",801.09128,7.4740983753748e-06,19
"20260302_055",2026-03-02,"CDLP","TS3",3,"CDLP_TS3_3",2.5,"C",0,0,19
"20260302_055",2026-03-02,"CDLP","TS3",3,"CDLP_TS3_3",2.5,"D",360.8704,2.78594727751984e-06,19
"20260302_055",2026-03-02,"CDLP","TS3",3,"CDLP_TS3_3",2.5,"L",137.78688,6.82687889077067e-07,19
"20260302_055",2026-03-02,"CDLP","TS3",3,"CDLP_TS3_3",2.5,"P",377.2736,2.84269886867118e-05,19
"20260302_056",2026-03-02,"CDPT","TS3",2,"CDPT_TS3_2",2.5,"C",0,0,19
"20260302_056",2026-03-02,"CDPT","TS3",2,"CDPT_TS3_2",2.5,"D",111.33672,9.89480292749065e-07,19
"20260302_056",2026-03-02,"CDPT","TS3",2,"CDPT_TS3_2",2.5,"P",444.73176,3.75031971568254e-05,19
"20260302_056",2026-03-02,"CDPT","TS3",2,"CDPT_TS3_2",2.5,"T",568.16584,3.9806401267379e-06,19
"20260302_057",2026-03-02,"CDLT","TS3",2,"CDLT_TS3_2",2.5,"C",64.38256,1.36262717262968e-06,19
"20260302_057",2026-03-02,"CDLT","TS3",2,"CDLT_TS3_2",2.5,"D",97.80408,4.5335489882062e-07,19
"20260302_057",2026-03-02,"CDLT","TS3",2,"CDLT_TS3_2",2.5,"L",58.02632,6.7664999351e-07,19
"20260302_057",2026-03-02,"CDLT","TS3",2,"CDLT_TS3_2",2.5,"T",831.02712,5.8323972815957e-06,19
"20260302_058",2026-03-02,"LT","TS3",1,"LT_TS3_1",2.5,"L",222.4684,3.20962051852259e-06,19
"20260302_058",2026-03-02,"LT","TS3",1,"LT_TS3_1",2.5,"T",1443.27656,1.81951669702978e-05,19
"20260302_059",2026-03-02,"LT","TS3",3,"LT_TS3_3",2.5,"L",308.17512,3.66412277452267e-06,19
"20260302_059",2026-03-02,"LT","TS3",3,"LT_TS3_3",2.5,"T",1209.32592,1.23902120481918e-05,19
"20260302_060",2026-03-02,"CDLT","TS3",1,"CDLT_TS3_1",2.5,"C",47.56928,1.21610945949727e-06,19
"20260302_060",2026-03-02,"CDLT","TS3",1,"CDLT_TS3_1",2.5,"D",115.43752,6.38733452993444e-07,19
"20260302_060",2026-03-02,"CDLT","TS3",1,"CDLT_TS3_1",2.5,"L",56.386,2.71402130219944e-07,19
"20260302_060",2026-03-02,"CDLT","TS3",1,"CDLT_TS3_1",2.5,"T",705.13256,5.56791043665734e-06,19
"20260302_061",2026-03-02,"DLP","TS3",1,"DLP_TS3_1",2.5,"D",409.66992,2.47062155267367e-06,19
"20260302_061",2026-03-02,"DLP","TS3",1,"DLP_TS3_1",2.5,"L",145.5784,7.05351280900289e-07,19
"20260302_061",2026-03-02,"DLP","TS3",1,"DLP_TS3_1",2.5,"P",614.29984,6.11512427515084e-05,19
"20260302_062",2026-03-02,"DLP","TS3",2,"DLP_TS3_2",2.5,"D",489.22544,2.78378964244594e-06,19
"20260302_062",2026-03-02,"DLP","TS3",2,"DLP_TS3_2",2.5,"L",137.78688,6.93468836919292e-07,19
"20260302_062",2026-03-02,"DLP","TS3",2,"DLP_TS3_2",2.5,"P",748.19096,8.2081906172778e-05,19
"20260302_063",2026-03-02,"DLP","TS3",3,"DLP_TS3_3",2.5,"D",238.66656,1.80404133630324e-06,19
"20260302_063",2026-03-02,"DLP","TS3",3,"DLP_TS3_3",2.5,"L",213.85672,1.11446495177384e-06,19
"20260302_063",2026-03-02,"DLP","TS3",3,"DLP_TS3_3",2.5,"P",624.75688,6.24040620054762e-05,19
"20260302_064",2026-03-02,"DPT","TS3",2,"DPT_TS3_2",2.5,"D",60.4868,2.70725126038113e-07,19
"20260302_064",2026-03-02,"DPT","TS3",2,"DPT_TS3_2",2.5,"P",502.96312,6.14352536294751e-05,19
"20260302_064",2026-03-02,"DPT","TS3",2,"DPT_TS3_2",2.5,"T",705.3376,4.40734883004237e-06,19
"20260302_065",2026-03-02,"CD","TS3",2,"CD_TS3_2",2.5,"C",44.69872,6.92453359432344e-07,19
"20260302_065",2026-03-02,"CD","TS3",2,"CD_TS3_2",2.5,"D",1306.1048,8.42733928457657e-06,19
"20260302_066",2026-03-02,"CDLP","TS3",1,"CDLP_TS3_1",2.5,"C",0,0,19
"20260302_066",2026-03-02,"CDLP","TS3",1,"CDLP_TS3_1",2.5,"D",348.568,2.69739396184693e-06,19
"20260302_066",2026-03-02,"CDLP","TS3",1,"CDLP_TS3_1",2.5,"L",123.22904,9.26801756158995e-07,19
"20260302_066",2026-03-02,"CDLP","TS3",1,"CDLP_TS3_1",2.5,"P",468.72144,4.89230276236482e-05,19
"20260302_067",2026-03-02,"CLT","TS3",1,"CLT_TS3_1",2.5,"C",25.63,6.35425981707876e-07,19
"20260302_067",2026-03-02,"CLT","TS3",1,"CLT_TS3_1",2.5,"L",25.63,1.22903473574146e-07,19
"20260302_067",2026-03-02,"CLT","TS3",1,"CLT_TS3_1",2.5,"T",305.5096,2.53214990411993e-06,19
"20260302_068",2026-03-02,"CDLP","TS3",2,"CDLP_TS3_2",2.5,"C",59.87168,2.14241278359134e-06,19
"20260302_068",2026-03-02,"CDLP","TS3",2,"CDLP_TS3_2",2.5,"D",283.57032,2.08457547691672e-06,19
"20260302_068",2026-03-02,"CDLP","TS3",2,"CDLP_TS3_2",2.5,"L",274.13848,2.23917581140685e-06,19
"20260302_068",2026-03-02,"CDLP","TS3",2,"CDLP_TS3_2",2.5,"P",383.4248,4.04733677313718e-05,19
"20260302_069",2026-03-02,"PT","TS3",3,"PT_TS3_3",2.5,"P",878.5964,8.15404045014781e-05,19
"20260302_069",2026-03-02,"PT","TS3",3,"PT_TS3_3",2.5,"T",336.06056,2.32090985182647e-06,19
"20260302_070",2026-03-02,"CD","TS3",3,"CD_TS3_3",2.5,"C",0,0,19
"20260302_070",2026-03-02,"CD","TS3",3,"CD_TS3_3",2.5,"D",791.24936,4.3614414190685e-06,19
"20260302_071",2026-03-02,"CDLT","TS3",3,"CDLT_TS3_3",2.5,"C",0,0,19
"20260302_071",2026-03-02,"CDLT","TS3",3,"CDLT_TS3_3",2.5,"D",111.7468,6.61506786786884e-07,19
"20260302_071",2026-03-02,"CDLT","TS3",3,"CDLT_TS3_3",2.5,"L",68.89344,3.28738975476679e-07,19
"20260302_071",2026-03-02,"CDLT","TS3",3,"CDLT_TS3_3",2.5,"T",661.254,4.53244288957044e-06,19
"20260302_072",2026-03-02,"DPT","TS3",3,"DPT_TS3_3",2.5,"D",116.66776,5.77640040531216e-07,19
"20260302_072",2026-03-02,"DPT","TS3",3,"DPT_TS3_3",2.5,"P",582.72368,6.19803020795376e-05,19
"20260302_072",2026-03-02,"DPT","TS3",3,"DPT_TS3_3",2.5,"T",753.31696,4.45530121784854e-06,19
"20260302_073",2026-03-02,"CLT","TS3",3,"CLT_TS3_3",2.5,"C",25.63,5.92582572524158e-07,19
"20260302_073",2026-03-02,"CLT","TS3",3,"CLT_TS3_3",2.5,"L",0,0,19
"20260302_073",2026-03-02,"CLT","TS3",3,"CLT_TS3_3",2.5,"T",122.61392,1.39096015284792e-06,19
"20260302_074",2026-03-02,"CD","TS3",1,"CD_TS3_1",2.5,"C",82.63112,8.53640023411329e-07,19
"20260302_074",2026-03-02,"CD","TS3",1,"CD_TS3_1",2.5,"D",1334.40032,8.71028775761597e-06,19
"20260302_075",2026-03-02,"PT","TS3",2,"PT_TS3_2",2.5,"P",497.222,4.09106426944392e-05,19
"20260302_075",2026-03-02,"PT","TS3",2,"PT_TS3_2",2.5,"T",410.28504,3.17794411008635e-06,19
"20260302_076",2026-03-02,"PT","TS3",1,"PT_TS3_1",2.5,"P",731.37768,7.48693692358438e-05,19
"20260302_076",2026-03-02,"PT","TS3",1,"PT_TS3_1",2.5,"T",363.74096,1.93809375569694e-06,19
"20260302_077",2026-03-02,"CDPT","TS3",3,"CDPT_TS3_3",2.5,"C",76.47992,2.8819172246017e-06,19
"20260302_077",2026-03-02,"CDPT","TS3",3,"CDPT_TS3_3",2.5,"D",91.65288,3.85935868746727e-07,19
"20260302_077",2026-03-02,"CDPT","TS3",3,"CDPT_TS3_3",2.5,"P",575.54728,4.84608586712284e-05,19
"20260302_077",2026-03-02,"CDPT","TS3",3,"CDPT_TS3_3",2.5,"T",614.50488,3.65533762037393e-06,19
"20260302_078",2026-03-02,"CDPT","TS3",1,"CDPT_TS3_1",2.5,"C",25.63,3.23859519510929e-07,19
"20260302_078",2026-03-02,"CDPT","TS3",1,"CDPT_TS3_1",2.5,"D",38.9285849056604,1.59907868483369e-07,19
"20260302_078",2026-03-02,"CDPT","TS3",1,"CDPT_TS3_1",2.5,"P",315.35152,3.66726638554289e-05,19
"20260302_078",2026-03-02,"CDPT","TS3",1,"CDPT_TS3_1",2.5,"T",437.35032,3.29813151292384e-06,19
"20260302_079",2026-03-02,"DPT","TS3",1,"DPT_TS3_1",2.5,"D",284.59552,1.47024813038507e-06,19
"20260302_079",2026-03-02,"DPT","TS3",1,"DPT_TS3_1",2.5,"P",563.44992,6.11642901916899e-05,19
"20260302_079",2026-03-02,"DPT","TS3",1,"DPT_TS3_1",2.5,"T",787.3536,4.09944427894922e-06,19
"20260302_080",2026-03-02,"CLT","TS3",2,"CLT_TS3_2",2.5,"C",76.89,9.9151166745993e-07,19
"20260302_080",2026-03-02,"CLT","TS3",2,"CLT_TS3_2",2.5,"L",25.63,1.4172770317709e-08,19
"20260302_080",2026-03-02,"CLT","TS3",2,"CLT_TS3_2",2.5,"T",192.12248,1.83920057195387e-06,19
"20260302_081",2026-03-02,"LT","TS3",2,"LT_TS3_2",2.5,"L",297.92312,4.53785529578186e-06,19
"20260302_081",2026-03-02,"LT","TS3",2,"LT_TS3_2",2.5,"T",1363.10592,1.61117368698316e-05,19
"20260302_082",2026-03-02,"PT","TS4",1,"PT_TS4_1",2.5,"P",548.07192,5.05845209359227e-05,19
"20260302_082",2026-03-02,"PT","TS4",1,"PT_TS4_1",2.5,"T",163.62192,8.36757602671306e-07,19
"20260302_083",2026-03-02,"DPT","TS4",2,"DPT_TS4_2",2.5,"D",75.45472,3.19406955263355e-07,19
"20260302_083",2026-03-02,"DPT","TS4",2,"DPT_TS4_2",2.5,"P",286.0308,3.06687875564495e-05,19
"20260302_083",2026-03-02,"DPT","TS4",2,"DPT_TS4_2",2.5,"T",640.95504,3.32050345355583e-06,19
"20260302_084",2026-03-02,"CDLP","TS4",3,"CDLP_TS4_3",2.5,"C",141.68264,3.07282117458532e-06,19
"20260302_084",2026-03-02,"CDLP","TS4",3,"CDLP_TS4_3",2.5,"D",210.57608,1.78262891225364e-06,19
"20260302_084",2026-03-02,"CDLP","TS4",3,"CDLP_TS4_3",2.5,"L",55.97592,9.07900639207188e-07,19
"20260302_084",2026-03-02,"CDLP","TS4",3,"CDLP_TS4_3",2.5,"P",645.46592,6.99667929154805e-05,19
"20260302_085",2026-03-02,"PT","TS4",2,"PT_TS4_2",2.5,"P",1108.44624,9.07775413105088e-05,19
"20260302_085",2026-03-02,"PT","TS4",2,"PT_TS4_2",2.5,"T",232.7204,1.28568584203559e-06,19
"20260302_086",2026-03-02,"CDPT","TS4",1,"CDPT_TS4_1",2.5,"C",78.12024,1.34253778756836e-06,19
"20260302_086",2026-03-02,"CDPT","TS4",1,"CDPT_TS4_1",2.5,"D",85.29664,4.96378151778897e-07,19
"20260302_086",2026-03-02,"CDPT","TS4",1,"CDPT_TS4_1",2.5,"P",657.1532,5.00864499332367e-05,19
"20260302_086",2026-03-02,"CDPT","TS4",1,"CDPT_TS4_1",2.5,"T",389.98608,2.11745121371506e-06,19
"20260302_087",2026-03-02,"PT","TS4",3,"PT_TS4_3",2.5,"P",1174.67416,0.00010245664989482,19
"20260302_087",2026-03-02,"PT","TS4",3,"PT_TS4_3",2.5,"T",257.3252,1.40519400111681e-06,19
"20260302_088",2026-03-02,"DPT","TS4",3,"DPT_TS4_3",2.5,"D",143.73304,8.10447931417687e-07,19
"20260302_088",2026-03-02,"DPT","TS4",3,"DPT_TS4_3",2.5,"P",1015.56312,9.52688160017336e-05,19
"20260302_088",2026-03-02,"DPT","TS4",3,"DPT_TS4_3",2.5,"T",724.61136,4.21212337713919e-06,19
"20260302_089",2026-03-02,"CDLT","TS4",2,"CDLT_TS4_2",2.5,"C",0,0,19
"20260302_089",2026-03-02,"CDLT","TS4",2,"CDLT_TS4_2",2.5,"D",139.01712,1.00749179515857e-06,19
"20260302_089",2026-03-02,"CDLT","TS4",2,"CDLT_TS4_2",2.5,"L",25.63,2.77809898541441e-07,19
"20260302_089",2026-03-02,"CDLT","TS4",2,"CDLT_TS4_2",2.5,"T",754.5472,4.97319765776712e-06,19
"20260302_090",2026-03-02,"CDPT","TS4",2,"CDPT_TS4_2",2.5,"C",25.63,5.53393249683732e-07,19
"20260302_090",2026-03-02,"CDPT","TS4",2,"CDPT_TS4_2",2.5,"D",54.13056,2.29450297773593e-07,19
"20260302_090",2026-03-02,"CDPT","TS4",2,"CDPT_TS4_2",2.5,"P",470.77184,4.44322873283728e-05,19
"20260302_090",2026-03-02,"CDPT","TS4",2,"CDPT_TS4_2",2.5,"T",584.77408,4.48479063052765e-06,19
"20260302_091",2026-03-02,"CLT","TS4",1,"CLT_TS4_1",2.5,"C",25.63,6.58991038971783e-07,19
"20260302_091",2026-03-02,"CLT","TS4",1,"CLT_TS4_1",2.5,"L",34.44672,1.31873831780962e-07,19
"20260302_091",2026-03-02,"CLT","TS4",1,"CLT_TS4_1",2.5,"T",345.90248,3.96214954006718e-06,19
"20260302_092",2026-03-02,"LP","TS4",3,"LP_TS4_3",2.5,"L",54.0730487804878,9.03693194346201e-07,19
"20260302_092",2026-03-02,"LP","TS4",3,"LP_TS4_3",2.5,"P",477.94824,5.08680719398552e-05,19
"20260302_093",2026-03-02,"CLT","TS4",3,"CLT_TS4_3",2.5,"C",0,0,19
"20260302_093",2026-03-02,"CLT","TS4",3,"CLT_TS4_3",2.5,"L",147.6288,7.47121969889105e-07,19
"20260302_093",2026-03-02,"CLT","TS4",3,"CLT_TS4_3",2.5,"T",408.84976,3.08054805797154e-06,19
"20260302_094",2026-03-02,"CDLP","TS4",2,"CDLP_TS4_2",2.5,"C",25.63,4.06686275693458e-07,19
"20260302_094",2026-03-02,"CDLP","TS4",2,"CDLP_TS4_2",2.5,"D",115.43752,8.83496737849494e-07,19
"20260302_094",2026-03-02,"CDLP","TS4",2,"CDLP_TS4_2",2.5,"L",110.31152,1.52840049135398e-06,19
"20260302_094",2026-03-02,"CDLP","TS4",2,"CDLP_TS4_2",2.5,"P",620.45104,5.89385512199499e-05,19
"20260302_095",2026-03-02,"LP","TS4",2,"LP_TS4_2",2.5,"L",97.59904,3.96013144852847e-06,19
"20260302_095",2026-03-02,"LP","TS4",2,"LP_TS4_2",2.5,"P",455.80392,5.03185269917503e-05,19
"20260302_096",2026-03-02,"CDLT","TS4",3,"CDLT_TS4_3",2.5,"C",76.89,2.12355678808905e-06,19
"20260302_096",2026-03-02,"CDLT","TS4",3,"CDLT_TS4_3",2.5,"D",180.64024,9.01106964265034e-07,19
"20260302_096",2026-03-02,"CDLT","TS4",3,"CDLT_TS4_3",2.5,"L",30.55096,2.66310903163362e-07,19
"20260302_096",2026-03-02,"CDLT","TS4",3,"CDLT_TS4_3",2.5,"T",615.94016,3.84187392701643e-06,19
"20260302_097",2026-03-02,"LP","TS4",1,"LP_TS4_1",2.5,"L",25.63,2.14714388045709e-07,19
"20260302_097",2026-03-02,"LP","TS4",1,"LP_TS4_1",2.5,"P",504.19336,4.6353500633395e-05,19
"20260302_098",2026-03-02,"CDLT","TS4",1,"CDLT_TS4_1",2.5,"C",25.63,2.9544539682111e-08,19
"20260302_098",2026-03-02,"CDLT","TS4",1,"CDLT_TS4_1",2.5,"D",104.77544,4.98532187919847e-07,19
"20260302_098",2026-03-02,"CDLT","TS4",1,"CDLT_TS4_1",2.5,"L",25.63,2.54311926939942e-08,19
"20260302_098",2026-03-02,"CDLT","TS4",1,"CDLT_TS4_1",2.5,"T",554.83824,3.56899905031924e-06,19
"20260302_099",2026-03-02,"CDLP","TS4",1,"CDLP_TS4_1",2.5,"C",53.92552,1.38376199846996e-06,19
"20260302_099",2026-03-02,"CDLP","TS4",1,"CDLP_TS4_1",2.5,"D",106.82584,5.30313965183721e-07,19
"20260302_099",2026-03-02,"CDLP","TS4",1,"CDLP_TS4_1",2.5,"L",50.84992,2.20696335464521e-07,19
"20260302_099",2026-03-02,"CDLP","TS4",1,"CDLP_TS4_1",2.5,"P",388.34576,4.15964660782491e-05,19
"20260302_100",2026-03-02,"DPT","TS4",1,"DPT_TS4_1",2.5,"D",145.37336,7.52882086672573e-07,19
"20260302_100",2026-03-02,"DPT","TS4",1,"DPT_TS4_1",2.5,"P",488.81536,4.57915698678748e-05,19
"20260302_100",2026-03-02,"DPT","TS4",1,"DPT_TS4_1",2.5,"T",496.81192,2.77350323708144e-06,19
"20260302_101",2026-03-02,"LT","TS4",1,"LT_TS4_1",2.5,"L",134.50624,9.07065465229685e-07,19
"20260302_101",2026-03-02,"LT","TS4",1,"LT_TS4_1",2.5,"T",1613.45976,1.18527846944667e-05,19
"20260302_102",2026-03-02,"CDPT","TS4",3,"CDPT_TS4_3",2.5,"C",25.63,1.05942181141823e-07,19
"20260302_102",2026-03-02,"CDPT","TS4",3,"CDPT_TS4_3",2.5,"D",0,0,19
"20260302_102",2026-03-02,"CDPT","TS4",3,"CDPT_TS4_3",2.5,"P",587.64464,5.60098380586391e-05,19
"20260302_102",2026-03-02,"CDPT","TS4",3,"CDPT_TS4_3",2.5,"T",227.5944,1.55419656793676e-06,19
"20260302_103",2026-03-02,"LPT","TS4",1,"LPT_TS4_1",2.5,"L",25.63,2.54674095984644e-07,19
"20260302_103",2026-03-02,"LPT","TS4",1,"LPT_TS4_1",2.5,"P",393.6768,3.00724868298106e-05,19
"20260302_103",2026-03-02,"LPT","TS4",1,"LPT_TS4_1",2.5,"T",179.41,1.05801800407897e-06,19
"20260302_104",2026-03-02,"LT","TS4",3,"LT_TS4_3",2.5,"L",272.90824,2.70212763020483e-06,19
"20260302_104",2026-03-02,"LT","TS4",3,"LT_TS4_3",2.5,"T",879.21152,6.24133130989343e-06,19
"20260302_105",2026-03-02,"LT","TS4",2,"LT_TS4_2",2.5,"L",154.39512,1.82960266873085e-06,19
"20260302_105",2026-03-02,"LT","TS4",2,"LT_TS4_2",2.5,"T",725.63656,5.44161093949014e-06,19
"20260302_106",2026-03-02,"CLT","TS4",2,"CLT_TS4_2",2.5,"C",44.0836,4.04754059515724e-07,19
"20260302_106",2026-03-02,"CLT","TS4",2,"CLT_TS4_2",2.5,"L",25.63,9.86106587818868e-08,19
"20260302_106",2026-03-02,"CLT","TS4",2,"CLT_TS4_2",2.5,"T",243.79256,3.37017269526385e-06,19
"20260302_107",2026-03-02,"LPT","TS4",2,"LPT_TS4_2",2.5,"L",0,0,19
"20260302_107",2026-03-02,"LPT","TS4",2,"LPT_TS4_2",2.5,"P",530.0284,5.42097184060546e-05,19
"20260302_107",2026-03-02,"LPT","TS4",2,"LPT_TS4_2",2.5,"T",55.56584,3.42536682807128e-07,19
"20260302_108",2026-03-02,"LPT","TS4",3,"LPT_TS4_3",2.5,"L",25.63,1.52934663301478e-06,19
"20260302_108",2026-03-02,"LPT","TS4",3,"LPT_TS4_3",2.5,"P",472.82224,5.48886621875692e-05,19
"20260302_108",2026-03-02,"LPT","TS4",3,"LPT_TS4_3",2.5,"T",113.7972,6.01753061693688e-07,19
"20260303_001",2026-03-03,"DLPT","TS1",3,"DLPT_TS1_3",2.5,"D",25.63,1.32240046013314e-07,20
"20260303_001",2026-03-03,"DLPT","TS1",3,"DLPT_TS1_3",2.5,"L",0,0,20
"20260303_001",2026-03-03,"DLPT","TS1",3,"DLPT_TS1_3",2.5,"P",766.8496,6.64595969364119e-05,20
"20260303_001",2026-03-03,"DLPT","TS1",3,"DLPT_TS1_3",2.5,"T",102.72504,5.30275720448449e-07,20
"20260303_002",2026-03-03,"LPT","TS1",1,"LPT_TS1_1",2.5,"L",0,0,20
"20260303_002",2026-03-03,"LPT","TS1",1,"LPT_TS1_1",2.5,"P",628.4476,4.23830059037349e-05,20
"20260303_002",2026-03-03,"LPT","TS1",1,"LPT_TS1_1",2.5,"T",45.51888,1.54292748651176e-06,20
"20260303_003",2026-03-03,"DLPT","TS1",2,"DLPT_TS1_2",2.5,"D",0,0,20
"20260303_003",2026-03-03,"DLPT","TS1",2,"DLPT_TS1_2",2.5,"L",0,0,20
"20260303_003",2026-03-03,"DLPT","TS1",2,"DLPT_TS1_2",2.5,"P",631.93328,5.21167643108547e-05,20
"20260303_003",2026-03-03,"DLPT","TS1",2,"DLPT_TS1_2",2.5,"T",139.63224,1.3387547250936e-06,20
"20260303_004",2026-03-03,"CD","TS1",3,"CD_TS1_3",2.5,"C",25.63,1.16481286293273e-07,20
"20260303_004",2026-03-03,"CD","TS1",3,"CD_TS1_3",2.5,"D",203.80976,9.59303656356497e-07,20
"20260303_005",2026-03-03,"CLT","TS1",1,"CLT_TS1_1",2.5,"C",0,0,20
"20260303_005",2026-03-03,"CLT","TS1",1,"CLT_TS1_1",2.5,"L",0,0,20
"20260303_005",2026-03-03,"CLT","TS1",1,"CLT_TS1_1",2.5,"T",46.95416,8.54884846838584e-07,20
"20260303_006",2026-03-03,"DPT","TS1",3,"DPT_TS1_3",2.5,"D",25.63,1.33020932856609e-06,20
"20260303_006",2026-03-03,"DPT","TS1",3,"DPT_TS1_3",2.5,"P",649.77176,4.1166618137162e-05,20
"20260303_006",2026-03-03,"DPT","TS1",3,"DPT_TS1_3",2.5,"T",131.02056,2.50979035529138e-06,20
"20260303_007",2026-03-03,"CLT","TS1",2,"CLT_TS1_2",2.5,"C",0,0,20
"20260303_007",2026-03-03,"CLT","TS1",2,"CLT_TS1_2",2.5,"L",25.63,1.17474556317144e-07,20
"20260303_007",2026-03-03,"CLT","TS1",2,"CLT_TS1_2",2.5,"T",51.26,7.50946865572552e-07,20
"20260303_008",2026-03-03,"CDLP","TS1",2,"CDLP_TS1_2",2.5,"C",25.63,5.54223751083583e-07,20
"20260303_008",2026-03-03,"CDLP","TS1",2,"CDLP_TS1_2",2.5,"D",54.3356,8.69121053520401e-07,20
"20260303_008",2026-03-03,"CDLP","TS1",2,"CDLP_TS1_2",2.5,"L",62.33216,2.85059952778537e-07,20
"20260303_008",2026-03-03,"CDLP","TS1",2,"CDLP_TS1_2",2.5,"P",485.12464,3.39309309490484e-05,20
"20260303_009",2026-03-03,"PT","TS1",1,"PT_TS1_1",2.5,"P",712.30896,5.89754600066136e-05,20
"20260303_009",2026-03-03,"PT","TS1",1,"PT_TS1_1",2.5,"T",176.12936,1.64904146124002e-06,20
"20260303_010",2026-03-03,"LPT","TS1",2,"LPT_TS1_2",2.5,"L",25.63,1.16244834273855e-07,20
"20260303_010",2026-03-03,"LPT","TS1",2,"LPT_TS1_2",2.5,"P",583.54384,4.54354162833815e-05,20
"20260303_010",2026-03-03,"LPT","TS1",2,"LPT_TS1_2",2.5,"T",73.19928,2.71910942077026e-06,20
"20260303_011",2026-03-03,"CDLT","TS1",3,"CDLT_TS1_3",2.5,"C",0,0,20
"20260303_011",2026-03-03,"CDLT","TS1",3,"CDLT_TS1_3",2.5,"D",42.23824,2.30441860263857e-07,20
"20260303_011",2026-03-03,"CDLT","TS1",3,"CDLT_TS1_3",2.5,"L",0,0,20
"20260303_011",2026-03-03,"CDLT","TS1",3,"CDLT_TS1_3",2.5,"T",227.79944,1.23169083720766e-06,20
"20260303_012",2026-03-03,"DLPT","TS1",1,"DLPT_TS1_1",2.5,"D",0,0,20
"20260303_012",2026-03-03,"DLPT","TS1",1,"DLPT_TS1_1",2.5,"L",0,0,20
"20260303_012",2026-03-03,"DLPT","TS1",1,"DLPT_TS1_1",2.5,"P",307.97008,3.3398969282646e-05,20
"20260303_012",2026-03-03,"DLPT","TS1",1,"DLPT_TS1_1",2.5,"T",93.49824,3.79157397307325e-07,20
"20260303_013",2026-03-03,"LT","TS1",3,"LT_TS1_3",2.5,"L",34.5447826086957,2.70017331334527e-07,20
"20260303_013",2026-03-03,"LT","TS1",3,"LT_TS1_3",2.5,"T",506.4488,4.66976270932161e-06,20
"20260303_014",2026-03-03,"CDLT","TS1",2,"CDLT_TS1_2",2.5,"C",0,0,20
"20260303_014",2026-03-03,"CDLT","TS1",2,"CDLT_TS1_2",2.5,"D",25.63,1.21580301710653e-07,20
"20260303_014",2026-03-03,"CDLT","TS1",2,"CDLT_TS1_2",2.5,"L",0,0,20
"20260303_014",2026-03-03,"CDLT","TS1",2,"CDLT_TS1_2",2.5,"T",150.29432,1.03270341416422e-06,20
"20260303_015",2026-03-03,"LT","TS1",2,"LT_TS1_2",2.5,"L",0,0,20
"20260303_015",2026-03-03,"LT","TS1",2,"LT_TS1_2",2.5,"T",401.26328,3.30439398612544e-06,20
"20260303_016",2026-03-03,"CDLT","TS1",1,"CDLT_TS1_1",2.5,"C",0,0,20
"20260303_016",2026-03-03,"CDLT","TS1",1,"CDLT_TS1_1",2.5,"D",25.63,2.43034298112298e-08,20
"20260303_016",2026-03-03,"CDLT","TS1",1,"CDLT_TS1_1",2.5,"L",40.80296,2.31048568923523e-07,20
"20260303_016",2026-03-03,"CDLT","TS1",1,"CDLT_TS1_1",2.5,"T",127.94496,6.99186320304191e-07,20
"20260303_017",2026-03-03,"DPT","TS1",1,"DPT_TS1_1",2.5,"D",0,0,20
"20260303_017",2026-03-03,"DPT","TS1",1,"DPT_TS1_1",2.5,"P",573.29184,3.28576355067453e-05,20
"20260303_017",2026-03-03,"DPT","TS1",1,"DPT_TS1_1",2.5,"T",168.95296,9.34485007816556e-07,20
"20260303_018",2026-03-03,"DPT","TS1",2,"DPT_TS1_2",2.5,"D",25.63,3.10032616476044e-06,20
"20260303_018",2026-03-03,"DPT","TS1",2,"DPT_TS1_2",2.5,"P",477.33312,2.7595116432747e-05,20
"20260303_018",2026-03-03,"DPT","TS1",2,"DPT_TS1_2",2.5,"T",25.63,1.2505829933003e-07,20
"20260303_019",2026-03-03,"PT","TS1",3,"PT_TS1_3",2.5,"P",399.41792,3.1532818398636e-05,20
"20260303_019",2026-03-03,"PT","TS1",3,"PT_TS1_3",2.5,"T",47.1592,7.68239275114172e-07,20
"20260303_020",2026-03-03,"CDLP","TS1",1,"CDLP_TS1_1",2.5,"C",25.63,1.0478643691992e-07,20
"20260303_020",2026-03-03,"CDLP","TS1",1,"CDLP_TS1_1",2.5,"D",0,0,20
"20260303_020",2026-03-03,"CDLP","TS1",1,"CDLP_TS1_1",2.5,"L",0,0,20
"20260303_020",2026-03-03,"CDLP","TS1",1,"CDLP_TS1_1",2.5,"P",260.81088,2.27443843744425e-05,20
"20260303_021",2026-03-03,"CDLP","TS1",3,"CDLP_TS1_3",2.5,"C",25.63,2.07747121060698e-07,20
"20260303_021",2026-03-03,"CDLP","TS1",3,"CDLP_TS1_3",2.5,"D",25.63,1.2236260743191e-07,20
"20260303_021",2026-03-03,"CDLP","TS1",3,"CDLP_TS1_3",2.5,"L",25.63,6.07987919459858e-08,20
"20260303_021",2026-03-03,"CDLP","TS1",3,"CDLP_TS1_3",2.5,"P",375.2232,3.53752067570646e-05,20
"20260303_022",2026-03-03,"CD","TS1",1,"CD_TS1_1",2.5,"C",37.72736,1.59907673115295e-07,20
"20260303_022",2026-03-03,"CD","TS1",1,"CD_TS1_1",2.5,"D",317.19688,1.8444280651067e-06,20
"20260303_023",2026-03-03,"LPT","TS1",3,"LPT_TS1_3",2.5,"L",25.63,7.13453049081422e-07,20
"20260303_023",2026-03-03,"LPT","TS1",3,"LPT_TS1_3",2.5,"P",413.1556,3.33209319283705e-05,20
"20260303_023",2026-03-03,"LPT","TS1",3,"LPT_TS1_3",2.5,"T",76.27488,5.39766881275447e-07,20
"20260303_024",2026-03-03,"LT","TS1",1,"LT_TS1_1",2.5,"L",201.55432,2.03364194938779e-06,20
"20260303_024",2026-03-03,"LT","TS1",1,"LT_TS1_1",2.5,"T",198.06864,1.40917179994032e-06,20
"20260303_025",2026-03-03,"CLT","TS1",3,"CLT_TS1_3",2.5,"C",0,0,20
"20260303_025",2026-03-03,"CLT","TS1",3,"CLT_TS1_3",2.5,"L",0,0,20
"20260303_025",2026-03-03,"CLT","TS1",3,"CLT_TS1_3",2.5,"T",38.13744,2.46880232199522e-07,20
"20260303_026",2026-03-03,"CD","TS1",2,"CD_TS1_2",2.5,"C",100.4696,4.85605527130787e-07,20
"20260303_026",2026-03-03,"CD","TS1",2,"CD_TS1_2",2.5,"D",286.85096,1.30715363469801e-06,20
"20260303_027",2026-03-03,"PT","TS1",2,"PT_TS1_2",2.5,"P",752.29176,5.22130553679075e-05,20
"20260303_027",2026-03-03,"PT","TS1",2,"PT_TS1_2",2.5,"T",202.16944,3.32154181759965e-06,20
"20260303_028",2026-03-03,"CLT","TS2",1,"CLT_TS2_1",2.5,"C",25.63,3.90282252675809e-07,20
"20260303_028",2026-03-03,"CLT","TS2",1,"CLT_TS2_1",2.5,"L",25.63,9.93936891811372e-08,20
"20260303_028",2026-03-03,"CLT","TS2",1,"CLT_TS2_1",2.5,"T",172.2336,1.73957857348736e-06,20
"20260303_029",2026-03-03,"CP","TS2",1,"CP_TS2_1",2.5,"C",132.66088,2.92459306632676e-06,20
"20260303_029",2026-03-03,"CP","TS2",1,"CP_TS2_1",2.5,"P",537.2048,4.65954310571971e-05,20
"20260303_030",2026-03-03,"CDPT","TS2",1,"CDPT_TS2_1",2.5,"C",0,0,20
"20260303_030",2026-03-03,"CDPT","TS2",1,"CDPT_TS2_1",2.5,"D",35.67696,1.2689682552852e-06,20
"20260303_030",2026-03-03,"CDPT","TS2",1,"CDPT_TS2_1",2.5,"P",686.06384,5.08018941569855e-05,20
"20260303_030",2026-03-03,"CDPT","TS2",1,"CDPT_TS2_1",2.5,"T",246.86816,1.67387378978112e-06,20
"20260303_031",2026-03-03,"CDPT","TS2",3,"CDPT_TS2_3",2.5,"C",32.39632,5.60046084007402e-07,20
"20260303_031",2026-03-03,"CDPT","TS2",3,"CDPT_TS2_3",2.5,"D",0,0,20
"20260303_031",2026-03-03,"CDPT","TS2",3,"CDPT_TS2_3",2.5,"P",576.77752,5.35624756640454e-05,20
"20260303_031",2026-03-03,"CDPT","TS2",3,"CDPT_TS2_3",2.5,"T",464.62064,6.10147087202863e-06,20
"20260303_032",2026-03-03,"LT","TS2",3,"LT_TS2_3",2.5,"L",94.3184,9.50633617664517e-07,20
"20260303_032",2026-03-03,"LT","TS2",3,"LT_TS2_3",2.5,"T",281.10984,3.9183544176077e-06,20
"20260303_033",2026-03-03,"PT","TS2",3,"PT_TS2_3",2.5,"P",507.06392,3.2240765673591e-05,20
"20260303_033",2026-03-03,"PT","TS2",3,"PT_TS2_3",2.5,"T",391.01128,4.00388372202251e-06,20
"20260303_034",2026-03-03,"DPT","TS2",3,"DPT_TS2_3",2.5,"D",25.63,1.24469510440111e-07,20
"20260303_034",2026-03-03,"DPT","TS2",3,"DPT_TS2_3",2.5,"P",447.80736,3.60952502100938e-05,20
"20260303_034",2026-03-03,"DPT","TS2",3,"DPT_TS2_3",2.5,"T",271.47296,1.75030401722775e-06,20
"20260303_035",2026-03-03,"PT","TS2",1,"PT_TS2_1",2.5,"P",659.2036,4.85985101388806e-05,20
"20260303_035",2026-03-03,"PT","TS2",1,"PT_TS2_1",2.5,"T",247.89336,2.14446099379116e-06,20
"20260303_036",2026-03-03,"CDLT","TS2",3,"CDLT_TS2_3",2.5,"C",25.63,3.79101353819942e-08,20
"20260303_036",2026-03-03,"CDLT","TS2",3,"CDLT_TS2_3",2.5,"D",39.16264,1.72553442355168e-07,20
"20260303_036",2026-03-03,"CDLT","TS2",3,"CDLT_TS2_3",2.5,"L",25.63,2.28276129806197e-08,20
"20260303_036",2026-03-03,"CDLT","TS2",3,"CDLT_TS2_3",2.5,"T",483.48432,3.09394257279299e-06,20
"20260303_037",2026-03-03,"CDLP","TS2",2,"CDLP_TS2_2",2.5,"C",39.77776,1.89216561921215e-06,20
"20260303_037",2026-03-03,"CDLP","TS2",2,"CDLP_TS2_2",2.5,"D",90.2176,1.30855387480237e-06,20
"20260303_037",2026-03-03,"CDLP","TS2",2,"CDLP_TS2_2",2.5,"L",77.30008,6.87850106580286e-07,20
"20260303_037",2026-03-03,"CDLP","TS2",2,"CDLP_TS2_2",2.5,"P",343.03192,3.58165110417754e-05,20
"20260303_038",2026-03-03,"CDLT","TS2",2,"CDLT_TS2_2",2.5,"C",51.26,1.00507224079591e-06,20
"20260303_038",2026-03-03,"CDLT","TS2",2,"CDLT_TS2_2",2.5,"D",101.90488,1.0139539293657e-06,20
"20260303_038",2026-03-03,"CDLT","TS2",2,"CDLT_TS2_2",2.5,"L",25.63,1.40381790676889e-07,20
"20260303_038",2026-03-03,"CDLT","TS2",2,"CDLT_TS2_2",2.5,"T",260.60584,1.90588208148942e-06,20
"20260303_039",2026-03-03,"CDPT","TS2",2,"CDPT_TS2_2",2.5,"C",0,0,20
"20260303_039",2026-03-03,"CDPT","TS2",2,"CDPT_TS2_2",2.5,"D",25.63,2.46076092587811e-08,20
"20260303_039",2026-03-03,"CDPT","TS2",2,"CDPT_TS2_2",2.5,"P",386.91048,3.83431639976705e-05,20
"20260303_039",2026-03-03,"CDPT","TS2",2,"CDPT_TS2_2",2.5,"T",242.9724,1.97627481087857e-06,20
"20260303_040",2026-03-03,"CLT","TS2",3,"CLT_TS2_3",2.5,"C",0,0,20
"20260303_040",2026-03-03,"CLT","TS2",3,"CLT_TS2_3",2.5,"L",25.63,1.68370459682808e-08,20
"20260303_040",2026-03-03,"CLT","TS2",3,"CLT_TS2_3",2.5,"T",115.43752,1.99043165187689e-06,20
"20260303_041",2026-03-03,"PT","TS2",2,"PT_TS2_2",2.5,"P",845.17488,7.7425377453554e-05,20
"20260303_041",2026-03-03,"PT","TS2",2,"PT_TS2_2",2.5,"T",644.44072,6.38487089895467e-06,20
"20260303_042",2026-03-03,"DLP","TS2",3,"DLP_TS2_3",2.5,"D",212.2164,2.23203356316621e-06,20
"20260303_042",2026-03-03,"DLP","TS2",3,"DLP_TS2_3",2.5,"L",86.32184,4.19182688831134e-07,20
"20260303_042",2026-03-03,"DLP","TS2",3,"DLP_TS2_3",2.5,"P",689.34448,5.49406597390276e-05,20
"20260303_043",2026-03-03,"CDLP","TS2",1,"CDLP_TS2_1",2.5,"C",0,0,20
"20260303_043",2026-03-03,"CDLP","TS2",1,"CDLP_TS2_1",2.5,"D",131.2256,7.13184262358753e-07,20
"20260303_043",2026-03-03,"CDLP","TS2",1,"CDLP_TS2_1",2.5,"L",34.5220408163265,6.41266752981205e-07,20
"20260303_043",2026-03-03,"CDLP","TS2",1,"CDLP_TS2_1",2.5,"P",333.39504,3.67393466293384e-05,20
"20260303_044",2026-03-03,"LT","TS2",2,"LT_TS2_2",2.5,"L",199.50392,2.40736874046485e-06,20
"20260303_044",2026-03-03,"LT","TS2",2,"LT_TS2_2",2.5,"T",767.66976,6.95936642599222e-06,20
"20260303_045",2026-03-03,"CLT","TS2",2,"CLT_TS2_2",2.5,"C",25.63,9.45299798302392e-07,20
"20260303_045",2026-03-03,"CLT","TS2",2,"CLT_TS2_2",2.5,"L",0,0,20
"20260303_045",2026-03-03,"CLT","TS2",2,"CLT_TS2_2",2.5,"T",76.89,1.38513227548832e-06,20
"20260303_046",2026-03-03,"DPT","TS2",1,"DPT_TS2_1",2.5,"D",0,0,20
"20260303_046",2026-03-03,"DPT","TS2",1,"DPT_TS2_1",2.5,"P",476.10288,3.33523021153443e-05,20
"20260303_046",2026-03-03,"DPT","TS2",1,"DPT_TS2_1",2.5,"T",357.38472,1.69267727560636e-06,20
"20260303_047",2026-03-03,"DLP","TS2",2,"DLP_TS2_2",2.5,"D",278.44432,3.97485339687202e-06,20
"20260303_047",2026-03-03,"DLP","TS2",2,"DLP_TS2_2",2.5,"L",125.89456,6.40260461632588e-07,20
"20260303_047",2026-03-03,"DLP","TS2",2,"DLP_TS2_2",2.5,"P",808.47272,7.23740419721184e-05,20
"20260303_048",2026-03-03,"DPT","TS2",2,"DPT_TS2_2",2.5,"D",70.32872,3.03033797974713e-07,20
"20260303_048",2026-03-03,"DPT","TS2",2,"DPT_TS2_2",2.5,"P",468.72144,3.31040007412114e-05,20
"20260303_048",2026-03-03,"DPT","TS2",2,"DPT_TS2_2",2.5,"T",393.47176,1.84179590501813e-06,20
"20260303_049",2026-03-03,"CP","TS2",3,"CP_TS2_3",2.5,"C",223.90368,4.34386111023894e-06,20
"20260303_049",2026-03-03,"CP","TS2",3,"CP_TS2_3",2.5,"P",654.28264,5.44855369785598e-05,20
"20260303_050",2026-03-03,"CP","TS2",2,"CP_TS2_2",2.5,"C",355.94944,1.20065551656696e-05,20
"20260303_050",2026-03-03,"CP","TS2",2,"CP_TS2_2",2.5,"P",118.30808,7.1417508331706e-06,20
"20260303_051",2026-03-03,"CDLT","TS2",1,"CDLT_TS2_1",2.5,"C",0,0,20
"20260303_051",2026-03-03,"CDLT","TS2",1,"CDLT_TS2_1",2.5,"D",25.63,7.96706484681737e-08,20
"20260303_051",2026-03-03,"CDLT","TS2",1,"CDLT_TS2_1",2.5,"L",25.63,8.73776705402708e-08,20
"20260303_051",2026-03-03,"CDLT","TS2",1,"CDLT_TS2_1",2.5,"T",624.96192,3.42543373728767e-06,20
"20260303_052",2026-03-03,"CDLP","TS2",3,"CDLP_TS2_3",2.5,"C",39.57272,7.30819697048104e-07,20
"20260303_052",2026-03-03,"CDLP","TS2",3,"CDLP_TS2_3",2.5,"D",113.7972,5.98246364358351e-07,20
"20260303_052",2026-03-03,"CDLP","TS2",3,"CDLP_TS2_3",2.5,"L",121.79376,4.94516315024704e-07,20
"20260303_052",2026-03-03,"CDLP","TS2",3,"CDLP_TS2_3",2.5,"P",242.15224,2.34075557795703e-05,20
"20260303_053",2026-03-03,"DLP","TS2",1,"DLP_TS2_1",2.5,"D",200.73416,1.81230342348885e-06,20
"20260303_053",2026-03-03,"DLP","TS2",1,"DLP_TS2_1",2.5,"L",48.6535593220339,2.08807289363345e-07,20
"20260303_053",2026-03-03,"DLP","TS2",1,"DLP_TS2_1",2.5,"P",458.2644,4.87491961244185e-05,20
"20260303_054",2026-03-03,"LT","TS2",1,"LT_TS2_1",2.5,"L",86.1168,1.47708025258125e-06,20
"20260303_054",2026-03-03,"LT","TS2",1,"LT_TS2_1",2.5,"T",573.0868,7.41153311879863e-06,20
"20260303_055",2026-03-03,"CDLP","TS3",3,"CDLP_TS3_3",2.5,"C",25.63,2.65432975949561e-06,20
"20260303_055",2026-03-03,"CDLP","TS3",3,"CDLP_TS3_3",2.5,"D",258.3504,2.48316380678009e-06,20
"20260303_055",2026-03-03,"CDLP","TS3",3,"CDLP_TS3_3",2.5,"L",181.4604,1.76857951724005e-06,20
"20260303_055",2026-03-03,"CDLP","TS3",3,"CDLP_TS3_3",2.5,"P",425.458,4.88306035785887e-05,20
"20260303_056",2026-03-03,"CDPT","TS3",2,"CDPT_TS3_2",2.5,"C",0,0,20
"20260303_056",2026-03-03,"CDPT","TS3",2,"CDPT_TS3_2",2.5,"D",68.27832,8.20344308903307e-07,20
"20260303_056",2026-03-03,"CDPT","TS3",2,"CDPT_TS3_2",2.5,"P",511.16472,5.33470653804195e-05,20
"20260303_056",2026-03-03,"CDPT","TS3",2,"CDPT_TS3_2",2.5,"T",636.44416,3.867212701823e-06,20
"20260303_057",2026-03-03,"CDLT","TS3",2,"CDLT_TS3_2",2.5,"C",0,0,20
"20260303_057",2026-03-03,"CDLT","TS3",2,"CDLT_TS3_2",2.5,"D",51.05496,2.5993242338401e-07,20
"20260303_057",2026-03-03,"CDLT","TS3",2,"CDLT_TS3_2",2.5,"L",0,0,20
"20260303_057",2026-03-03,"CDLT","TS3",2,"CDLT_TS3_2",2.5,"T",570.21624,3.49055610938507e-06,20
"20260303_058",2026-03-03,"LT","TS3",1,"LT_TS3_1",2.5,"L",480.61376,6.02408850374193e-06,20
"20260303_058",2026-03-03,"LT","TS3",1,"LT_TS3_1",2.5,"T",1248.48856,1.46861392214323e-05,20
"20260303_059",2026-03-03,"LT","TS3",3,"LT_TS3_3",2.5,"L",169.36304,2.55331078542216e-06,20
"20260303_059",2026-03-03,"LT","TS3",3,"LT_TS3_3",2.5,"T",1291.54696,1.75986388084749e-05,20
"20260303_060",2026-03-03,"CDLT","TS3",1,"CDLT_TS3_1",2.5,"C",68.27832,1.09978712561083e-06,20
"20260303_060",2026-03-03,"CDLT","TS3",1,"CDLT_TS3_1",2.5,"D",56.59104,9.87821246318463e-07,20
"20260303_060",2026-03-03,"CDLT","TS3",1,"CDLT_TS3_1",2.5,"L",36.9072,2.27296155319434e-07,20
"20260303_060",2026-03-03,"CDLT","TS3",1,"CDLT_TS3_1",2.5,"T",605.07304,3.94123177519945e-06,20
"20260303_061",2026-03-03,"DLP","TS3",1,"DLP_TS3_1",2.5,"D",321.9128,1.69206832004723e-06,20
"20260303_061",2026-03-03,"DLP","TS3",1,"DLP_TS3_1",2.5,"L",389.78104,1.6578622756921e-06,20
"20260303_061",2026-03-03,"DLP","TS3",1,"DLP_TS3_1",2.5,"P",753.72704,6.37452657196531e-05,20
"20260303_062",2026-03-03,"DLP","TS3",2,"DLP_TS3_2",2.5,"D",205.45008,1.12503065422566e-06,20
"20260303_062",2026-03-03,"DLP","TS3",2,"DLP_TS3_2",2.5,"L",78.73536,3.27492873756618e-07,20
"20260303_062",2026-03-03,"DLP","TS3",2,"DLP_TS3_2",2.5,"P",500.09256,4.92773056995975e-05,20
"20260303_063",2026-03-03,"DLP","TS3",3,"DLP_TS3_3",2.5,"D",215.292,1.12132273711985e-06,20
"20260303_063",2026-03-03,"DLP","TS3",3,"DLP_TS3_3",2.5,"L",149.6792,6.83820962924659e-07,20
"20260303_063",2026-03-03,"DLP","TS3",3,"DLP_TS3_3",2.5,"P",401.67336,4.64609791241918e-05,20
"20260303_064",2026-03-03,"DPT","TS3",2,"DPT_TS3_2",2.5,"D",66.22792,2.92930397554655e-07,20
"20260303_064",2026-03-03,"DPT","TS3",2,"DPT_TS3_2",2.5,"P",640.95504,5.97474451703376e-05,20
"20260303_064",2026-03-03,"DPT","TS3",2,"DPT_TS3_2",2.5,"T",694.0604,3.58870214771829e-06,20
"20260303_065",2026-03-03,"CD","TS3",2,"CD_TS3_2",2.5,"C",25.63,2.15310404954206e-08,20
"20260303_065",2026-03-03,"CD","TS3",2,"CD_TS3_2",2.5,"D",1037.70744,7.52759091428039e-06,20
"20260303_066",2026-03-03,"CDLP","TS3",1,"CDLP_TS3_1",2.5,"C",25.63,8.24718453740054e-07,20
"20260303_066",2026-03-03,"CDLP","TS3",1,"CDLP_TS3_1",2.5,"D",156.65056,1.39412461855994e-06,20
"20260303_066",2026-03-03,"CDLP","TS3",1,"CDLP_TS3_1",2.5,"L",85.29664,7.36433677525311e-07,20
"20260303_066",2026-03-03,"CDLP","TS3",1,"CDLP_TS3_1",2.5,"P",348.77304,3.86005729649014e-05,20
"20260303_067",2026-03-03,"CLT","TS3",1,"CLT_TS3_1",2.5,"C",46.2700884955752,7.31562198995353e-07,20
"20260303_067",2026-03-03,"CLT","TS3",1,"CLT_TS3_1",2.5,"L",25.63,5.65521653637333e-07,20
"20260303_067",2026-03-03,"CLT","TS3",1,"CLT_TS3_1",2.5,"T",102.52,8.51312178326593e-07,20
"20260303_068",2026-03-03,"CDLP","TS3",2,"CDLP_TS3_2",2.5,"C",25.63,2.81600241136028e-07,20
"20260303_068",2026-03-03,"CDLP","TS3",2,"CDLP_TS3_2",2.5,"D",162.59672,1.36116977231826e-06,20
"20260303_068",2026-03-03,"CDLP","TS3",2,"CDLP_TS3_2",2.5,"L",239.69176,1.20625402100205e-06,20
"20260303_068",2026-03-03,"CDLP","TS3",2,"CDLP_TS3_2",2.5,"P",529.82336,4.81481526223794e-05,20
"20260303_069",2026-03-03,"PT","TS3",3,"PT_TS3_3",2.5,"P",913.65824,9.35752395194305e-05,20
"20260303_069",2026-03-03,"PT","TS3",3,"PT_TS3_3",2.5,"T",437.14528,2.29931888664407e-06,20
"20260303_070",2026-03-03,"CD","TS3",3,"CD_TS3_3",2.5,"C",82.42608,1.22418181231202e-06,20
"20260303_070",2026-03-03,"CD","TS3",3,"CD_TS3_3",2.5,"D",1037.91248,6.59762529092586e-06,20
"20260303_071",2026-03-03,"CDLT","TS3",3,"CDLT_TS3_3",2.5,"C",65.40776,8.41956848013295e-07,20
"20260303_071",2026-03-03,"CDLT","TS3",3,"CDLT_TS3_3",2.5,"D",181.25536,8.47235781931693e-07,20
"20260303_071",2026-03-03,"CDLT","TS3",3,"CDLT_TS3_3",2.5,"L",143.11792,8.56963539820391e-07,20
"20260303_071",2026-03-03,"CDLT","TS3",3,"CDLT_TS3_3",2.5,"T",557.29872,3.77535174567439e-06,20
"20260303_072",2026-03-03,"DPT","TS3",3,"DPT_TS3_3",2.5,"D",93.49824,3.65379182372356e-07,20
"20260303_072",2026-03-03,"DPT","TS3",3,"DPT_TS3_3",2.5,"P",417.46144,4.65024306285696e-05,20
"20260303_072",2026-03-03,"DPT","TS3",3,"DPT_TS3_3",2.5,"T",430.37896,2.07377240485831e-06,20
"20260303_073",2026-03-03,"CLT","TS3",3,"CLT_TS3_3",2.5,"C",58.4364,3.11515748015703e-06,20
"20260303_073",2026-03-03,"CLT","TS3",3,"CLT_TS3_3",2.5,"L",43.46848,3.98398870970197e-07,20
"20260303_073",2026-03-03,"CLT","TS3",3,"CLT_TS3_3",2.5,"T",163.41688,1.99480138534323e-06,20
"20260303_074",2026-03-03,"CD","TS3",1,"CD_TS3_1",2.5,"C",76.89,9.20336090940508e-07,20
"20260303_074",2026-03-03,"CD","TS3",1,"CD_TS3_1",2.5,"D",1097.78416,6.16834872365892e-06,20
"20260303_075",2026-03-03,"PT","TS3",2,"PT_TS3_2",2.5,"P",629.06272,4.32280740638765e-05,20
"20260303_075",2026-03-03,"PT","TS3",2,"PT_TS3_2",2.5,"T",524.28728,2.50903535364336e-06,20
"20260303_076",2026-03-03,"PT","TS3",1,"PT_TS3_1",2.5,"P",911.81288,7.05375866161473e-05,20
"20260303_076",2026-03-03,"PT","TS3",1,"PT_TS3_1",2.5,"T",320.8876,1.68760081175464e-06,20
"20260303_077",2026-03-03,"CDPT","TS3",3,"CDPT_TS3_3",2.5,"C",70.7388,1.90735421758509e-06,20
"20260303_077",2026-03-03,"CDPT","TS3",3,"CDPT_TS3_3",2.5,"D",65.40776,3.54347155235948e-07,20
"20260303_077",2026-03-03,"CDPT","TS3",3,"CDPT_TS3_3",2.5,"P",479.58856,5.13014818815521e-05,20
"20260303_077",2026-03-03,"CDPT","TS3",3,"CDPT_TS3_3",2.5,"T",615.12,6.61102666052385e-06,20
"20260303_078",2026-03-03,"CDPT","TS3",1,"CDPT_TS3_1",2.5,"C",25.63,2.85288768849476e-07,20
"20260303_078",2026-03-03,"CDPT","TS3",1,"CDPT_TS3_1",2.5,"D",25.63,4.47646938857727e-08,20
"20260303_078",2026-03-03,"CDPT","TS3",1,"CDPT_TS3_1",2.5,"P",318.63216,3.59435886669121e-05,20
"20260303_078",2026-03-03,"CDPT","TS3",1,"CDPT_TS3_1",2.5,"T",605.27808,6.66044713335635e-06,20
"20260303_079",2026-03-03,"DPT","TS3",1,"DPT_TS3_1",2.5,"D",59.25656,2.77665562727509e-07,20
"20260303_079",2026-03-03,"DPT","TS3",1,"DPT_TS3_1",2.5,"P",446.57712,4.95144270154413e-05,20
"20260303_079",2026-03-03,"DPT","TS3",1,"DPT_TS3_1",2.5,"T",632.5484,3.24780820979076e-06,20
"20260303_080",2026-03-03,"CLT","TS3",2,"CLT_TS3_2",2.5,"C",25.63,1.01801158238537e-06,20
"20260303_080",2026-03-03,"CLT","TS3",2,"CLT_TS3_2",2.5,"L",25.63,8.42455204466567e-08,20
"20260303_080",2026-03-03,"CLT","TS3",2,"CLT_TS3_2",2.5,"T",158.906,1.89740150789133e-06,20
"20260303_081",2026-03-03,"LT","TS3",2,"LT_TS3_2",2.5,"L",366.40648,5.97967301539248e-06,20
"20260303_081",2026-03-03,"LT","TS3",2,"LT_TS3_2",2.5,"T",1194.358,1.88983688569833e-05,20
"20260303_082",2026-03-03,"PT","TS4",1,"PT_TS4_1",2.5,"P",560.57936,4.68028711076229e-05,20
"20260303_082",2026-03-03,"PT","TS4",1,"PT_TS4_1",2.5,"T",236.61616,8.7462493535803e-07,20
"20260303_083",2026-03-03,"DPT","TS4",2,"DPT_TS4_2",2.5,"D",38.9026785714286,4.1489220707517e-07,20
"20260303_083",2026-03-03,"DPT","TS4",2,"DPT_TS4_2",2.5,"P",545.20136,5.4740287136093e-05,20
"20260303_083",2026-03-03,"DPT","TS4",2,"DPT_TS4_2",2.5,"T",395.11208,1.92556507879022e-06,20
"20260303_084",2026-03-03,"CDLP","TS4",3,"CDLP_TS4_3",2.5,"C",25.63,3.20014527368159e-07,20
"20260303_084",2026-03-03,"CDLP","TS4",3,"CDLP_TS4_3",2.5,"D",153.36992,1.12290815166422e-06,20
"20260303_084",2026-03-03,"CDLP","TS4",3,"CDLP_TS4_3",2.5,"L",82.42608,7.59712274631619e-07,20
"20260303_084",2026-03-03,"CDLP","TS4",3,"CDLP_TS4_3",2.5,"P",670.27576,6.5872682593086e-05,20
"20260303_085",2026-03-03,"PT","TS4",2,"PT_TS4_2",2.5,"P",582.10856,4.77408653444765e-05,20
"20260303_085",2026-03-03,"PT","TS4",2,"PT_TS4_2",2.5,"T",305.5096,1.59677008145867e-06,20
"20260303_086",2026-03-03,"CDPT","TS4",1,"CDPT_TS4_1",2.5,"C",0,0,20
"20260303_086",2026-03-03,"CDPT","TS4",1,"CDPT_TS4_1",2.5,"D",0,0,20
"20260303_086",2026-03-03,"CDPT","TS4",1,"CDPT_TS4_1",2.5,"P",576.1624,5.21929510619876e-05,20
"20260303_086",2026-03-03,"CDPT","TS4",1,"CDPT_TS4_1",2.5,"T",313.91624,1.93027716549655e-06,20
"20260303_087",2026-03-03,"PT","TS4",3,"PT_TS4_3",2.5,"P",721.7408,6.04085591931527e-05,20
"20260303_087",2026-03-03,"PT","TS4",3,"PT_TS4_3",2.5,"T",242.35728,2.06315914888237e-06,20
"20260303_088",2026-03-03,"DPT","TS4",3,"DPT_TS4_3",2.5,"D",25.63,3.00992376442947e-08,20
"20260303_088",2026-03-03,"DPT","TS4",3,"DPT_TS4_3",2.5,"P",537.40984,5.10979279309489e-05,20
"20260303_088",2026-03-03,"DPT","TS4",3,"DPT_TS4_3",2.5,"T",469.95168,2.39929989584317e-06,20
"20260303_089",2026-03-03,"CDLT","TS4",2,"CDLT_TS4_2",2.5,"C",43.46848,1.42565996173477e-06,20
"20260303_089",2026-03-03,"CDLT","TS4",2,"CDLT_TS4_2",2.5,"D",69.91864,2.82627486570793e-07,20
"20260303_089",2026-03-03,"CDLT","TS4",2,"CDLT_TS4_2",2.5,"L",25.63,2.24650638185812e-07,20
"20260303_089",2026-03-03,"CDLT","TS4",2,"CDLT_TS4_2",2.5,"T",448.42248,3.10181910483526e-06,20
"20260303_090",2026-03-03,"CDPT","TS4",2,"CDPT_TS4_2",2.5,"C",0,0,20
"20260303_090",2026-03-03,"CDPT","TS4",2,"CDPT_TS4_2",2.5,"D",44.90376,4.58802330327934e-07,20
"20260303_090",2026-03-03,"CDPT","TS4",2,"CDPT_TS4_2",2.5,"P",752.29176,6.54144416432236e-05,20
"20260303_090",2026-03-03,"CDPT","TS4",2,"CDPT_TS4_2",2.5,"T",296.48784,1.80498538644494e-06,20
"20260303_091",2026-03-03,"CLT","TS4",1,"CLT_TS4_1",2.5,"C",32.8642741935484,1.36009656048255e-06,20
"20260303_091",2026-03-03,"CLT","TS4",1,"CLT_TS4_1",2.5,"L",0,0,20
"20260303_091",2026-03-03,"CLT","TS4",1,"CLT_TS4_1",2.5,"T",119.33328,7.40129912690345e-07,20
"20260303_092",2026-03-03,"LP","TS4",3,"LP_TS4_3",2.5,"L",64.38256,3.9171466333327e-07,20
"20260303_092",2026-03-03,"LP","TS4",3,"LP_TS4_3",2.5,"P",663.50944,6.43937026735009e-05,20
"20260303_093",2026-03-03,"CLT","TS4",3,"CLT_TS4_3",2.5,"C",51.26,9.41793112356098e-07,20
"20260303_093",2026-03-03,"CLT","TS4",3,"CLT_TS4_3",2.5,"L",0,0,20
"20260303_093",2026-03-03,"CLT","TS4",3,"CLT_TS4_3",2.5,"T",93.70328,4.62833987793879e-07,20
"20260303_094",2026-03-03,"CDLP","TS4",2,"CDLP_TS4_2",2.5,"C",25.63,9.10414340607412e-08,20
"20260303_094",2026-03-03,"CDLP","TS4",2,"CDLP_TS4_2",2.5,"D",84.27144,7.6586722762409e-07,20
"20260303_094",2026-03-03,"CDLP","TS4",2,"CDLP_TS4_2",2.5,"L",60.28176,9.02777964564525e-07,20
"20260303_094",2026-03-03,"CDLP","TS4",2,"CDLP_TS4_2",2.5,"P",578.82792,5.20332517192744e-05,20
"20260303_095",2026-03-03,"LP","TS4",2,"LP_TS4_2",2.5,"L",0,0,20
"20260303_095",2026-03-03,"LP","TS4",2,"LP_TS4_2",2.5,"P",431.40416,4.03355406761461e-05,20
"20260303_096",2026-03-03,"CDLT","TS4",3,"CDLT_TS4_3",2.5,"C",0,0,20
"20260303_096",2026-03-03,"CDLT","TS4",3,"CDLT_TS4_3",2.5,"D",63.5624,6.46363447920955e-07,20
"20260303_096",2026-03-03,"CDLT","TS4",3,"CDLT_TS4_3",2.5,"L",47.1592,7.47636713119447e-07,20
"20260303_096",2026-03-03,"CDLT","TS4",3,"CDLT_TS4_3",2.5,"T",517.31592,2.84615581127358e-06,20
"20260303_097",2026-03-03,"LP","TS4",1,"LP_TS4_1",2.5,"L",39.9828,1.18906031488359e-06,20
"20260303_097",2026-03-03,"LP","TS4",1,"LP_TS4_1",2.5,"P",517.93104,5.22913700412279e-05,20
"20260303_098",2026-03-03,"CDLT","TS4",1,"CDLT_TS4_1",2.5,"C",0,0,20
"20260303_098",2026-03-03,"CDLT","TS4",1,"CDLT_TS4_1",2.5,"D",90.83272,3.93507591474963e-07,20
"20260303_098",2026-03-03,"CDLT","TS4",1,"CDLT_TS4_1",2.5,"L",25.63,6.63497741564761e-08,20
"20260303_098",2026-03-03,"CDLT","TS4",1,"CDLT_TS4_1",2.5,"T",447.60232,3.03642674329633e-06,20
"20260303_099",2026-03-03,"CDLP","TS4",1,"CDLP_TS4_1",2.5,"C",51.26,2.0625146748995e-06,20
"20260303_099",2026-03-03,"CDLP","TS4",1,"CDLP_TS4_1",2.5,"D",55.77088,6.21016419646858e-07,20
"20260303_099",2026-03-03,"CDLP","TS4",1,"CDLP_TS4_1",2.5,"L",44.909203539823,2.4238504172972e-07,20
"20260303_099",2026-03-03,"CDLP","TS4",1,"CDLP_TS4_1",2.5,"P",578.62288,6.32054106286146e-05,20
"20260303_100",2026-03-03,"DPT","TS4",1,"DPT_TS4_1",2.5,"D",25.63,1.12018847465887e-07,20
"20260303_100",2026-03-03,"DPT","TS4",1,"DPT_TS4_1",2.5,"P",675.81184,5.67226211370179e-05,20
"20260303_100",2026-03-03,"DPT","TS4",1,"DPT_TS4_1",2.5,"T",571.0364,3.53011773660869e-06,20
"20260303_101",2026-03-03,"LT","TS4",1,"LT_TS4_1",2.5,"L",152.13968,1.57383404190527e-06,20
"20260303_101",2026-03-03,"LT","TS4",1,"LT_TS4_1",2.5,"T",1174.67416,8.89214166440106e-06,20
"20260303_102",2026-03-03,"CDPT","TS4",3,"CDPT_TS4_3",2.5,"C",25.63,4.25565623785413e-07,20
"20260303_102",2026-03-03,"CDPT","TS4",3,"CDPT_TS4_3",2.5,"D",0,0,20
"20260303_102",2026-03-03,"CDPT","TS4",3,"CDPT_TS4_3",2.5,"P",606.50832,5.29726597492143e-05,20
"20260303_102",2026-03-03,"CDPT","TS4",3,"CDPT_TS4_3",2.5,"T",202.16944,1.76888134705712e-06,20
"20260303_103",2026-03-03,"LPT","TS4",1,"LPT_TS4_1",2.5,"L",25.63,6.03867830932944e-08,20
"20260303_103",2026-03-03,"LPT","TS4",1,"LPT_TS4_1",2.5,"P",516.7008,5.46242990645787e-05,20
"20260303_103",2026-03-03,"LPT","TS4",1,"LPT_TS4_1",2.5,"T",153.78,2.38764643624782e-06,20
"20260303_104",2026-03-03,"LT","TS4",3,"LT_TS4_3",2.5,"L",137.58184,1.34468670080572e-06,20
"20260303_104",2026-03-03,"LT","TS4",3,"LT_TS4_3",2.5,"T",691.80496,6.05004540257933e-06,20
"20260303_105",2026-03-03,"LT","TS4",2,"LT_TS4_2",2.5,"L",229.43976,1.71828249372644e-06,20
"20260303_105",2026-03-03,"LT","TS4",2,"LT_TS4_2",2.5,"T",879.6216,8.41776123506027e-06,20
"20260303_106",2026-03-03,"CLT","TS4",2,"CLT_TS4_2",2.5,"C",25.63,3.80330063833813e-07,20
"20260303_106",2026-03-03,"CLT","TS4",2,"CLT_TS4_2",2.5,"L",25.63,2.29992241128621e-07,20
"20260303_106",2026-03-03,"CLT","TS4",2,"CLT_TS4_2",2.5,"T",259.99072,2.65796636223836e-06,20
"20260303_107",2026-03-03,"LPT","TS4",2,"LPT_TS4_2",2.5,"L",0,0,20
"20260303_107",2026-03-03,"LPT","TS4",2,"LPT_TS4_2",2.5,"P",559.34912,5.70491423764256e-05,20
"20260303_107",2026-03-03,"LPT","TS4",2,"LPT_TS4_2",2.5,"T",25.63,4.26835798449093e-07,20
"20260303_108",2026-03-03,"LPT","TS4",3,"LPT_TS4_3",2.5,"L",0,0,20
"20260303_108",2026-03-03,"LPT","TS4",3,"LPT_TS4_3",2.5,"P",505.83368,5.12257127674836e-05,20
"20260303_108",2026-03-03,"LPT","TS4",3,"LPT_TS4_3",2.5,"T",65.81784,3.37020862194536e-07,20
"20260304_001",2026-03-04,"DLPT","TS1",3,"DLPT_TS1_3",2.5,"D",43.0584,2.41735126555251e-06,21
"20260304_001",2026-03-04,"DLPT","TS1",3,"DLPT_TS1_3",2.5,"L",25.63,3.56328558792768e-06,21
"20260304_001",2026-03-04,"DLPT","TS1",3,"DLPT_TS1_3",2.5,"P",749.01112,5.62108187595148e-05,21
"20260304_001",2026-03-04,"DLPT","TS1",3,"DLPT_TS1_3",2.5,"T",25.63,9.80697773730561e-08,21
"20260304_002",2026-03-04,"LPT","TS1",1,"LPT_TS1_1",2.5,"L",0,0,21
"20260304_002",2026-03-04,"LPT","TS1",1,"LPT_TS1_1",2.5,"P",479.58856,3.66998061844869e-05,21
"20260304_002",2026-03-04,"LPT","TS1",1,"LPT_TS1_1",2.5,"T",43.67352,8.61550637950231e-07,21
"20260304_003",2026-03-04,"DLPT","TS1",2,"DLPT_TS1_2",2.5,"D",25.63,4.26463602274406e-06,21
"20260304_003",2026-03-04,"DLPT","TS1",2,"DLPT_TS1_2",2.5,"L",0,0,21
"20260304_003",2026-03-04,"DLPT","TS1",2,"DLPT_TS1_2",2.5,"P",308.79024,2.78976923710049e-05,21
"20260304_003",2026-03-04,"DLPT","TS1",2,"DLPT_TS1_2",2.5,"T",33.3966666666667,4.66063348020166e-07,21
"20260304_004",2026-03-04,"CD","TS1",3,"CD_TS1_3",2.5,"C",0,0,21
"20260304_004",2026-03-04,"CD","TS1",3,"CD_TS1_3",2.5,"D",46.33904,2.49967416094822e-07,21
"20260304_005",2026-03-04,"CLT","TS1",1,"CLT_TS1_1",2.5,"C",0,0,21
"20260304_005",2026-03-04,"CLT","TS1",1,"CLT_TS1_1",2.5,"L",0,0,21
"20260304_005",2026-03-04,"CLT","TS1",1,"CLT_TS1_1",2.5,"T",25.63,8.4338501797651e-08,21
"20260304_006",2026-03-04,"DPT","TS1",3,"DPT_TS1_3",2.5,"D",50.5277142857143,4.54937994162812e-06,21
"20260304_006",2026-03-04,"DPT","TS1",3,"DPT_TS1_3",2.5,"P",513.21512,4.02105786715515e-05,21
"20260304_006",2026-03-04,"DPT","TS1",3,"DPT_TS1_3",2.5,"T",76.89,5.10923283336101e-06,21
"20260304_007",2026-03-04,"CLT","TS1",2,"CLT_TS1_2",2.5,"C",0,0,21
"20260304_007",2026-03-04,"CLT","TS1",2,"CLT_TS1_2",2.5,"L",0,0,21
"20260304_007",2026-03-04,"CLT","TS1",2,"CLT_TS1_2",2.5,"T",37.11224,2.82428294108614e-07,21
"20260304_008",2026-03-04,"CDLP","TS1",2,"CDLP_TS1_2",2.5,"C",0,0,21
"20260304_008",2026-03-04,"CDLP","TS1",2,"CDLP_TS1_2",2.5,"D",25.63,1.91295144149502e-07,21
"20260304_008",2026-03-04,"CDLP","TS1",2,"CDLP_TS1_2",2.5,"L",0,0,21
"20260304_008",2026-03-04,"CDLP","TS1",2,"CDLP_TS1_2",2.5,"P",498.45224,4.2432881082155e-05,21
"20260304_009",2026-03-04,"PT","TS1",1,"PT_TS1_1",2.5,"P",504.3984,3.89118201290223e-05,21
"20260304_009",2026-03-04,"PT","TS1",1,"PT_TS1_1",2.5,"T",127.53488,2.20237592466771e-06,21
"20260304_010",2026-03-04,"LPT","TS1",2,"LPT_TS1_2",2.5,"L",0,0,21
"20260304_010",2026-03-04,"LPT","TS1",2,"LPT_TS1_2",2.5,"P",460.72488,3.47948681309024e-05,21
"20260304_010",2026-03-04,"LPT","TS1",2,"LPT_TS1_2",2.5,"T",26.1002752293578,5.72969394422292e-07,21
"20260304_011",2026-03-04,"CDLT","TS1",3,"CDLT_TS1_3",2.5,"C",0,0,21
"20260304_011",2026-03-04,"CDLT","TS1",3,"CDLT_TS1_3",2.5,"D",25.63,1.60366067318418e-07,21
"20260304_011",2026-03-04,"CDLT","TS1",3,"CDLT_TS1_3",2.5,"L",0,0,21
"20260304_011",2026-03-04,"CDLT","TS1",3,"CDLT_TS1_3",2.5,"T",89.39744,4.65438905045803e-07,21
"20260304_012",2026-03-04,"DLPT","TS1",1,"DLPT_TS1_1",2.5,"D",0,0,21
"20260304_012",2026-03-04,"DLPT","TS1",1,"DLPT_TS1_1",2.5,"L",0,0,21
"20260304_012",2026-03-04,"DLPT","TS1",1,"DLPT_TS1_1",2.5,"P",431.81424,4.4230208809687e-05,21
"20260304_012",2026-03-04,"DLPT","TS1",1,"DLPT_TS1_1",2.5,"T",44.28864,1.66157711042688e-07,21
"20260304_013",2026-03-04,"LT","TS1",3,"LT_TS1_3",2.5,"L",37.151743119266,1.15825143998429e-07,21
"20260304_013",2026-03-04,"LT","TS1",3,"LT_TS1_3",2.5,"T",454.57368,2.72669749024634e-06,21
"20260304_014",2026-03-04,"CDLT","TS1",2,"CDLT_TS1_2",2.5,"C",0,0,21
"20260304_014",2026-03-04,"CDLT","TS1",2,"CDLT_TS1_2",2.5,"D",0,0,21
"20260304_014",2026-03-04,"CDLT","TS1",2,"CDLT_TS1_2",2.5,"L",0,0,21
"20260304_014",2026-03-04,"CDLT","TS1",2,"CDLT_TS1_2",2.5,"T",107.646,5.45615630320542e-07,21
"20260304_015",2026-03-04,"LT","TS1",2,"LT_TS1_2",2.5,"L",51.05496,2.734327957629e-07,21
"20260304_015",2026-03-04,"LT","TS1",2,"LT_TS1_2",2.5,"T",546.63664,3.84443802586699e-06,21
"20260304_016",2026-03-04,"CDLT","TS1",1,"CDLT_TS1_1",2.5,"C",25.990985915493,4.75125265618083e-08,21
"20260304_016",2026-03-04,"CDLT","TS1",1,"CDLT_TS1_1",2.5,"D",0,0,21
"20260304_016",2026-03-04,"CDLT","TS1",1,"CDLT_TS1_1",2.5,"L",0,0,21
"20260304_016",2026-03-04,"CDLT","TS1",1,"CDLT_TS1_1",2.5,"T",25.63,9.52287801652397e-09,21
"20260304_017",2026-03-04,"DPT","TS1",1,"DPT_TS1_1",2.5,"D",73.60936,3.48814125127318e-06,21
"20260304_017",2026-03-04,"DPT","TS1",1,"DPT_TS1_1",2.5,"P",380.3492,3.34240744337447e-05,21
"20260304_017",2026-03-04,"DPT","TS1",1,"DPT_TS1_1",2.5,"T",0,0,21
"20260304_018",2026-03-04,"DPT","TS1",2,"DPT_TS1_2",2.5,"D",28.5425,1.25293404287393e-06,21
"20260304_018",2026-03-04,"DPT","TS1",2,"DPT_TS1_2",2.5,"P",565.9104,4.36706664745698e-05,21
"20260304_018",2026-03-04,"DPT","TS1",2,"DPT_TS1_2",2.5,"T",25.63,3.72641419669452e-07,21
"20260304_019",2026-03-04,"PT","TS1",3,"PT_TS1_3",2.5,"P",495.99176,3.95414940922363e-05,21
"20260304_019",2026-03-04,"PT","TS1",3,"PT_TS1_3",2.5,"T",130.81552,5.22189312212062e-06,21
"20260304_020",2026-03-04,"CDLP","TS1",1,"CDLP_TS1_1",2.5,"C",0,0,21
"20260304_020",2026-03-04,"CDLP","TS1",1,"CDLP_TS1_1",2.5,"D",25.63,1.12807776673269e-07,21
"20260304_020",2026-03-04,"CDLP","TS1",1,"CDLP_TS1_1",2.5,"L",0,0,21
"20260304_020",2026-03-04,"CDLP","TS1",1,"CDLP_TS1_1",2.5,"P",269.42256,2.25624089325663e-05,21
"20260304_021",2026-03-04,"CDLP","TS1",3,"CDLP_TS1_3",2.5,"C",35.24125,9.6705370673111e-07,21
"20260304_021",2026-03-04,"CDLP","TS1",3,"CDLP_TS1_3",2.5,"D",0,0,21
"20260304_021",2026-03-04,"CDLP","TS1",3,"CDLP_TS1_3",2.5,"L",27.6713274336283,1.38357027959542e-07,21
"20260304_021",2026-03-04,"CDLP","TS1",3,"CDLP_TS1_3",2.5,"P",449.44768,4.33319991969242e-05,21
"20260304_022",2026-03-04,"CD","TS1",1,"CD_TS1_1",2.5,"C",0,0,21
"20260304_022",2026-03-04,"CD","TS1",1,"CD_TS1_1",2.5,"D",137.17176,6.0229616886529e-07,21
"20260304_023",2026-03-04,"LPT","TS1",3,"LPT_TS1_3",2.5,"L",25.63,2.9699283453476e-07,21
"20260304_023",2026-03-04,"LPT","TS1",3,"LPT_TS1_3",2.5,"P",681.96304,5.81777982477889e-05,21
"20260304_023",2026-03-04,"LPT","TS1",3,"LPT_TS1_3",2.5,"T",56.386,7.24778973545228e-07,21
"20260304_024",2026-03-04,"LT","TS1",1,"LT_TS1_1",2.5,"L",27.88544,1.65934736815331e-07,21
"20260304_024",2026-03-04,"LT","TS1",1,"LT_TS1_1",2.5,"T",300.58864,1.93947031251219e-06,21
"20260304_025",2026-03-04,"CLT","TS1",3,"CLT_TS1_3",2.5,"C",0,0,21
"20260304_025",2026-03-04,"CLT","TS1",3,"CLT_TS1_3",2.5,"L",0,0,21
"20260304_025",2026-03-04,"CLT","TS1",3,"CLT_TS1_3",2.5,"T",0,0,21
"20260304_026",2026-03-04,"CD","TS1",2,"CD_TS1_2",2.5,"C",25.63,1.57294579597649e-07,21
"20260304_026",2026-03-04,"CD","TS1",2,"CD_TS1_2",2.5,"D",118.10304,5.666678204253e-07,21
"20260304_027",2026-03-04,"PT","TS1",2,"PT_TS1_2",2.5,"P",446.37208,3.74150967161605e-05,21
"20260304_027",2026-03-04,"PT","TS1",2,"PT_TS1_2",2.5,"T",25.63,2.17474010770508e-08,21
"20260304_028",2026-03-04,"CLT","TS2",1,"CLT_TS2_1",2.5,"C",0,0,21
"20260304_028",2026-03-04,"CLT","TS2",1,"CLT_TS2_1",2.5,"L",0,0,21
"20260304_028",2026-03-04,"CLT","TS2",1,"CLT_TS2_1",2.5,"T",0,0,21
"20260304_029",2026-03-04,"CP","TS2",1,"CP_TS2_1",2.5,"C",102.52,1.62174708502104e-06,21
"20260304_029",2026-03-04,"CP","TS2",1,"CP_TS2_1",2.5,"P",559.34912,4.92062142260777e-05,21
"20260304_030",2026-03-04,"CDPT","TS2",1,"CDPT_TS2_1",2.5,"C",25.63,1.29765431609417e-07,21
"20260304_030",2026-03-04,"CDPT","TS2",1,"CDPT_TS2_1",2.5,"D",0,0,21
"20260304_030",2026-03-04,"CDPT","TS2",1,"CDPT_TS2_1",2.5,"P",919.39936,4.57527108320297e-05,21
"20260304_030",2026-03-04,"CDPT","TS2",1,"CDPT_TS2_1",2.5,"T",172.02856,1.16578067110242e-06,21
"20260304_031",2026-03-04,"CDPT","TS2",3,"CDPT_TS2_3",2.5,"C",70.94384,5.4384591506054e-07,21
"20260304_031",2026-03-04,"CDPT","TS2",3,"CDPT_TS2_3",2.5,"D",25.63,6.93578332379725e-07,21
"20260304_031",2026-03-04,"CDPT","TS2",3,"CDPT_TS2_3",2.5,"P",667.61024,7.22307796995926e-05,21
"20260304_031",2026-03-04,"CDPT","TS2",3,"CDPT_TS2_3",2.5,"T",89.39744,1.02761845628739e-06,21
"20260304_032",2026-03-04,"LT","TS2",3,"LT_TS2_3",2.5,"L",37.6604081632653,4.53824685158027e-07,21
"20260304_032",2026-03-04,"LT","TS2",3,"LT_TS2_3",2.5,"T",492.096,5.32159237734132e-06,21
"20260304_033",2026-03-04,"PT","TS2",3,"PT_TS2_3",2.5,"P",550.94248,4.64747238946503e-05,21
"20260304_033",2026-03-04,"PT","TS2",3,"PT_TS2_3",2.5,"T",98.21416,1.3992881321518e-06,21
"20260304_034",2026-03-04,"DPT","TS2",3,"DPT_TS2_3",2.5,"D",67.25312,3.40517063919642e-06,21
"20260304_034",2026-03-04,"DPT","TS2",3,"DPT_TS2_3",2.5,"P",622.91152,4.99652785683018e-05,21
"20260304_034",2026-03-04,"DPT","TS2",3,"DPT_TS2_3",2.5,"T",101.69984,6.38971821152107e-07,21
"20260304_035",2026-03-04,"PT","TS2",1,"PT_TS2_1",2.5,"P",521.21168,4.75942914618271e-05,21
"20260304_035",2026-03-04,"PT","TS2",1,"PT_TS2_1",2.5,"T",170.79832,5.84237859960119e-06,21
"20260304_036",2026-03-04,"CDLT","TS2",3,"CDLT_TS2_3",2.5,"C",25.63,3.10757911772041e-08,21
"20260304_036",2026-03-04,"CDLT","TS2",3,"CDLT_TS2_3",2.5,"D",25.63,7.16956523063581e-08,21
"20260304_036",2026-03-04,"CDLT","TS2",3,"CDLT_TS2_3",2.5,"L",39.1194736842105,3.57286216417812e-08,21
"20260304_036",2026-03-04,"CDLT","TS2",3,"CDLT_TS2_3",2.5,"T",281.10984,1.44582207100513e-06,21
"20260304_037",2026-03-04,"CDLP","TS2",2,"CDLP_TS2_2",2.5,"C",31.8308064516129,6.66490911415509e-07,21
"20260304_037",2026-03-04,"CDLP","TS2",2,"CDLP_TS2_2",2.5,"D",40.18784,2.82384486704592e-07,21
"20260304_037",2026-03-04,"CDLP","TS2",2,"CDLP_TS2_2",2.5,"L",54.3356,3.95459541268459e-07,21
"20260304_037",2026-03-04,"CDLP","TS2",2,"CDLP_TS2_2",2.5,"P",662.68928,6.5971391876554e-05,21
"20260304_038",2026-03-04,"CDLT","TS2",2,"CDLT_TS2_2",2.5,"C",0,0,21
"20260304_038",2026-03-04,"CDLT","TS2",2,"CDLT_TS2_2",2.5,"D",54.3356,2.68399567554255e-07,21
"20260304_038",2026-03-04,"CDLT","TS2",2,"CDLT_TS2_2",2.5,"L",0,0,21
"20260304_038",2026-03-04,"CDLT","TS2",2,"CDLT_TS2_2",2.5,"T",201.34928,1.37712442301343e-06,21
"20260304_039",2026-03-04,"CDPT","TS2",2,"CDPT_TS2_2",2.5,"C",0,0,21
"20260304_039",2026-03-04,"CDPT","TS2",2,"CDPT_TS2_2",2.5,"D",0,0,21
"20260304_039",2026-03-04,"CDPT","TS2",2,"CDPT_TS2_2",2.5,"P",433.45456,4.2204939408238e-05,21
"20260304_039",2026-03-04,"CDPT","TS2",2,"CDPT_TS2_2",2.5,"T",127.1248,4.89274905267654e-06,21
"20260304_040",2026-03-04,"CLT","TS2",3,"CLT_TS2_3",2.5,"C",102.52,3.66710674083567e-06,21
"20260304_040",2026-03-04,"CLT","TS2",3,"CLT_TS2_3",2.5,"L",0,0,21
"20260304_040",2026-03-04,"CLT","TS2",3,"CLT_TS2_3",2.5,"T",0,0,21
"20260304_041",2026-03-04,"PT","TS2",2,"PT_TS2_2",2.5,"P",709.4384,5.67568021753705e-05,21
"20260304_041",2026-03-04,"PT","TS2",2,"PT_TS2_2",2.5,"T",279.8796,3.4607078807797e-06,21
"20260304_042",2026-03-04,"DLP","TS2",3,"DLP_TS2_3",2.5,"D",100.67464,3.24522801716382e-06,21
"20260304_042",2026-03-04,"DLP","TS2",3,"DLP_TS2_3",2.5,"L",38.34248,2.08823364766686e-07,21
"20260304_042",2026-03-04,"DLP","TS2",3,"DLP_TS2_3",2.5,"P",581.90352,5.56078806067092e-05,21
"20260304_043",2026-03-04,"CDLP","TS2",1,"CDLP_TS2_1",2.5,"C",0,0,21
"20260304_043",2026-03-04,"CDLP","TS2",1,"CDLP_TS2_1",2.5,"D",76.89,5.5874508677269e-07,21
"20260304_043",2026-03-04,"CDLP","TS2",1,"CDLP_TS2_1",2.5,"L",72.17408,8.68545173390883e-07,21
"20260304_043",2026-03-04,"CDLP","TS2",1,"CDLP_TS2_1",2.5,"P",553.608,5.74671477004941e-05,21
"20260304_044",2026-03-04,"LT","TS2",2,"LT_TS2_2",2.5,"L",74.8396,7.0569564301259e-07,21
"20260304_044",2026-03-04,"LT","TS2",2,"LT_TS2_2",2.5,"T",598.7168,5.49708249901383e-06,21
"20260304_045",2026-03-04,"CLT","TS2",2,"CLT_TS2_2",2.5,"C",47.77432,3.4432287000078e-06,21
"20260304_045",2026-03-04,"CLT","TS2",2,"CLT_TS2_2",2.5,"L",0,0,21
"20260304_045",2026-03-04,"CLT","TS2",2,"CLT_TS2_2",2.5,"T",0,0,21
"20260304_046",2026-03-04,"DPT","TS2",1,"DPT_TS2_1",2.5,"D",25.63,6.10351299701973e-08,21
"20260304_046",2026-03-04,"DPT","TS2",1,"DPT_TS2_1",2.5,"P",496.81192,3.57728453817696e-05,21
"20260304_046",2026-03-04,"DPT","TS2",1,"DPT_TS2_1",2.5,"T",153.36992,2.69215199005654e-06,21
"20260304_047",2026-03-04,"DLP","TS2",2,"DLP_TS2_2",2.5,"D",58.4364,1.49729538462532e-06,21
"20260304_047",2026-03-04,"DLP","TS2",2,"DLP_TS2_2",2.5,"L",25.63,7.2013783115844e-08,21
"20260304_047",2026-03-04,"DLP","TS2",2,"DLP_TS2_2",2.5,"P",381.16936,3.57390454880515e-05,21
"20260304_048",2026-03-04,"DPT","TS2",2,"DPT_TS2_2",2.5,"D",30.14088,2.34101768418942e-06,21
"20260304_048",2026-03-04,"DPT","TS2",2,"DPT_TS2_2",2.5,"P",440.01584,3.82442082625266e-05,21
"20260304_048",2026-03-04,"DPT","TS2",2,"DPT_TS2_2",2.5,"T",78.73536,2.12290983753427e-06,21
"20260304_049",2026-03-04,"CP","TS2",3,"CP_TS2_3",2.5,"C",107.03088,3.02563277329926e-06,21
"20260304_049",2026-03-04,"CP","TS2",3,"CP_TS2_3",2.5,"P",541.3056,4.45142758183694e-05,21
"20260304_050",2026-03-04,"CP","TS2",2,"CP_TS2_2",2.5,"C",230.67,4.16461701797179e-06,21
"20260304_050",2026-03-04,"CP","TS2",2,"CP_TS2_2",2.5,"P",525.31248,4.3611513048546e-05,21
"20260304_051",2026-03-04,"CDLT","TS2",1,"CDLT_TS2_1",2.5,"C",0,0,21
"20260304_051",2026-03-04,"CDLT","TS2",1,"CDLT_TS2_1",2.5,"D",0,0,21
"20260304_051",2026-03-04,"CDLT","TS2",1,"CDLT_TS2_1",2.5,"L",0,0,21
"20260304_051",2026-03-04,"CDLT","TS2",1,"CDLT_TS2_1",2.5,"T",307.56,1.68799670940697e-06,21
"20260304_052",2026-03-04,"CDLP","TS2",3,"CDLP_TS2_3",2.5,"C",51.46504,1.34969518496791e-06,21
"20260304_052",2026-03-04,"CDLP","TS2",3,"CDLP_TS2_3",2.5,"D",25.63,9.9198836067151e-08,21
"20260304_052",2026-03-04,"CDLP","TS2",3,"CDLP_TS2_3",2.5,"L",0,0,21
"20260304_052",2026-03-04,"CDLP","TS2",3,"CDLP_TS2_3",2.5,"P",275.7788,2.1052351155283e-05,21
"20260304_053",2026-03-04,"DLP","TS2",1,"DLP_TS2_1",2.5,"D",124.25424,6.50970937440097e-07,21
"20260304_053",2026-03-04,"DLP","TS2",1,"DLP_TS2_1",2.5,"L",25.63,7.04530996781516e-08,21
"20260304_053",2026-03-04,"DLP","TS2",1,"DLP_TS2_1",2.5,"P",334.42024,3.74106488208626e-05,21
"20260304_054",2026-03-04,"LT","TS2",1,"LT_TS2_1",2.5,"L",0,0,21
"20260304_054",2026-03-04,"LT","TS2",1,"LT_TS2_1",2.5,"T",242.15224,2.15856666822884e-06,21
"20260304_055",2026-03-04,"CDLP","TS3",3,"CDLP_TS3_3",2.5,"C",0,0,21
"20260304_055",2026-03-04,"CDLP","TS3",3,"CDLP_TS3_3",2.5,"D",180.02512,7.10782668570495e-06,21
"20260304_055",2026-03-04,"CDLP","TS3",3,"CDLP_TS3_3",2.5,"L",82.83616,4.53005173632897e-07,21
"20260304_055",2026-03-04,"CDLP","TS3",3,"CDLP_TS3_3",2.5,"P",318.42712,3.6870439890061e-05,21
"20260304_056",2026-03-04,"CDPT","TS3",2,"CDPT_TS3_2",2.5,"C",25.63,5.67040953338979e-07,21
"20260304_056",2026-03-04,"CDPT","TS3",2,"CDPT_TS3_2",2.5,"D",47.56928,2.22046856243942e-07,21
"20260304_056",2026-03-04,"CDPT","TS3",2,"CDPT_TS3_2",2.5,"P",566.32048,4.52565506922566e-05,21
"20260304_056",2026-03-04,"CDPT","TS3",2,"CDPT_TS3_2",2.5,"T",214.06176,1.54385798799096e-06,21
"20260304_057",2026-03-04,"CDLT","TS3",2,"CDLT_TS3_2",2.5,"C",25.63,5.86763697970416e-09,21
"20260304_057",2026-03-04,"CDLT","TS3",2,"CDLT_TS3_2",2.5,"D",102.10992,4.53292122605095e-07,21
"20260304_057",2026-03-04,"CDLT","TS3",2,"CDLT_TS3_2",2.5,"L",0,0,21
"20260304_057",2026-03-04,"CDLT","TS3",2,"CDLT_TS3_2",2.5,"T",366.81656,2.74922247039501e-06,21
"20260304_058",2026-03-04,"LT","TS3",1,"LT_TS3_1",2.5,"L",268.6024,3.33242725045026e-06,21
"20260304_058",2026-03-04,"LT","TS3",1,"LT_TS3_1",2.5,"T",1010.02704,1.28661476683482e-05,21
"20260304_059",2026-03-04,"LT","TS3",3,"LT_TS3_3",2.5,"L",367.84176,4.63751555296382e-06,21
"20260304_059",2026-03-04,"LT","TS3",3,"LT_TS3_3",2.5,"T",1061.49208,1.25669486128656e-05,21
"20260304_060",2026-03-04,"CDLT","TS3",1,"CDLT_TS3_1",2.5,"C",0,0,21
"20260304_060",2026-03-04,"CDLT","TS3",1,"CDLT_TS3_1",2.5,"D",102.52,6.12791878886052e-07,21
"20260304_060",2026-03-04,"CDLT","TS3",1,"CDLT_TS3_1",2.5,"L",87.142,3.03603002595133e-07,21
"20260304_060",2026-03-04,"CDLT","TS3",1,"CDLT_TS3_1",2.5,"T",388.75584,2.44452959913203e-06,21
"20260304_061",2026-03-04,"DLP","TS3",1,"DLP_TS3_1",2.5,"D",388.5508,2.57236708432547e-06,21
"20260304_061",2026-03-04,"DLP","TS3",1,"DLP_TS3_1",2.5,"L",92.268,3.94871816173502e-07,21
"20260304_061",2026-03-04,"DLP","TS3",1,"DLP_TS3_1",2.5,"P",444.73176,4.51091859875808e-05,21
"20260304_062",2026-03-04,"DLP","TS3",2,"DLP_TS3_2",2.5,"D",137.78688,6.21756013221956e-07,21
"20260304_062",2026-03-04,"DLP","TS3",2,"DLP_TS3_2",2.5,"L",180.84528,8.40053973629224e-07,21
"20260304_062",2026-03-04,"DLP","TS3",2,"DLP_TS3_2",2.5,"P",538.43504,5.34023032024305e-05,21
"20260304_063",2026-03-04,"DLP","TS3",3,"DLP_TS3_3",2.5,"D",137.78688,7.93523159006887e-07,21
"20260304_063",2026-03-04,"DLP","TS3",3,"DLP_TS3_3",2.5,"L",200.9392,7.92845818883918e-07,21
"20260304_063",2026-03-04,"DLP","TS3",3,"DLP_TS3_3",2.5,"P",475.48776,4.26321981649961e-05,21
"20260304_064",2026-03-04,"DPT","TS3",2,"DPT_TS3_2",2.5,"D",73.19928,3.2378935984905e-07,21
"20260304_064",2026-03-04,"DPT","TS3",2,"DPT_TS3_2",2.5,"P",461.34,4.30195795120548e-05,21
"20260304_064",2026-03-04,"DPT","TS3",2,"DPT_TS3_2",2.5,"T",566.73056,4.42096719512076e-06,21
"20260304_065",2026-03-04,"CD","TS3",2,"CD_TS3_2",2.5,"C",0,0,21
"20260304_065",2026-03-04,"CD","TS3",2,"CD_TS3_2",2.5,"D",1038.93768,6.92673538507723e-06,21
"20260304_066",2026-03-04,"CDLP","TS3",1,"CDLP_TS3_1",2.5,"C",25.63,1.59670383691643e-07,21
"20260304_066",2026-03-04,"CDLP","TS3",1,"CDLP_TS3_1",2.5,"D",102.72504,4.77885257151142e-07,21
"20260304_066",2026-03-04,"CDLP","TS3",1,"CDLP_TS3_1",2.5,"L",160.75136,1.18956787304571e-06,21
"20260304_066",2026-03-04,"CDLP","TS3",1,"CDLP_TS3_1",2.5,"P",392.03648,3.69487428102612e-05,21
"20260304_067",2026-03-04,"CLT","TS3",1,"CLT_TS3_1",2.5,"C",44.90376,1.80243909188162e-06,21
"20260304_067",2026-03-04,"CLT","TS3",1,"CLT_TS3_1",2.5,"L",29.52576,4.23993428628393e-07,21
"20260304_067",2026-03-04,"CLT","TS3",1,"CLT_TS3_1",2.5,"T",53.72048,5.43680271699133e-07,21
"20260304_068",2026-03-04,"CDLP","TS3",2,"CDLP_TS3_2",2.5,"C",28.29552,9.87974110085906e-07,21
"20260304_068",2026-03-04,"CDLP","TS3",2,"CDLP_TS3_2",2.5,"D",183.92088,1.11180619209558e-06,21
"20260304_068",2026-03-04,"CDLP","TS3",2,"CDLP_TS3_2",2.5,"L",98.82928,3.87906555306254e-07,21
"20260304_068",2026-03-04,"CDLP","TS3",2,"CDLP_TS3_2",2.5,"P",718.05008,5.66636547292475e-05,21
"20260304_069",2026-03-04,"PT","TS3",3,"PT_TS3_3",2.5,"P",456.214,4.24872199654662e-05,21
"20260304_069",2026-03-04,"PT","TS3",3,"PT_TS3_3",2.5,"T",281.51992,2.77523995392596e-06,21
"20260304_070",2026-03-04,"CD","TS3",3,"CD_TS3_3",2.5,"C",80.9908,7.3119500170708e-07,21
"20260304_070",2026-03-04,"CD","TS3",3,"CD_TS3_3",2.5,"D",927.60096,5.84788107781371e-06,21
"20260304_071",2026-03-04,"CDLT","TS3",3,"CDLT_TS3_3",2.5,"C",0,0,21
"20260304_071",2026-03-04,"CDLT","TS3",3,"CDLT_TS3_3",2.5,"D",75.45472,3.51738623754343e-07,21
"20260304_071",2026-03-04,"CDLT","TS3",3,"CDLT_TS3_3",2.5,"L",25.63,1.45534521994853e-08,21
"20260304_071",2026-03-04,"CDLT","TS3",3,"CDLT_TS3_3",2.5,"T",535.76952,3.60837809956855e-06,21
"20260304_072",2026-03-04,"DPT","TS3",3,"DPT_TS3_3",2.5,"D",63.76744,3.37701399267538e-07,21
"20260304_072",2026-03-04,"DPT","TS3",3,"DPT_TS3_3",2.5,"P",496.81192,5.51511414725865e-05,21
"20260304_072",2026-03-04,"DPT","TS3",3,"DPT_TS3_3",2.5,"T",417.66648,2.31569920094948e-06,21
"20260304_073",2026-03-04,"CLT","TS3",3,"CLT_TS3_3",2.5,"C",0,0,21
"20260304_073",2026-03-04,"CLT","TS3",3,"CLT_TS3_3",2.5,"L",0,0,21
"20260304_073",2026-03-04,"CLT","TS3",3,"CLT_TS3_3",2.5,"T",168.95296,2.54211947762164e-06,21
"20260304_074",2026-03-04,"CD","TS3",1,"CD_TS3_1",2.5,"C",25.63,3.96800250845595e-07,21
"20260304_074",2026-03-04,"CD","TS3",1,"CD_TS3_1",2.5,"D",742.03976,3.97980605277886e-06,21
"20260304_075",2026-03-04,"PT","TS3",2,"PT_TS3_2",2.5,"P",524.9024,4.36134428070998e-05,21
"20260304_075",2026-03-04,"PT","TS3",2,"PT_TS3_2",2.5,"T",319.45232,1.53709106285822e-06,21
"20260304_076",2026-03-04,"PT","TS3",1,"PT_TS3_1",2.5,"P",922.26992,6.55351421330989e-05,21
"20260304_076",2026-03-04,"PT","TS3",1,"PT_TS3_1",2.5,"T",360.05024,2.34605138099445e-06,21
"20260304_077",2026-03-04,"CDPT","TS3",3,"CDPT_TS3_3",2.5,"C",25.63,2.50764024730904e-06,21
"20260304_077",2026-03-04,"CDPT","TS3",3,"CDPT_TS3_3",2.5,"D",39.1055670103093,1.47066849950794e-07,21
"20260304_077",2026-03-04,"CDPT","TS3",3,"CDPT_TS3_3",2.5,"P",420.74208,4.30045893696148e-05,21
"20260304_077",2026-03-04,"CDPT","TS3",3,"CDPT_TS3_3",2.5,"T",555.04328,6.74994545730262e-06,21
"20260304_078",2026-03-04,"CDPT","TS3",1,"CDPT_TS3_1",2.5,"C",31.37112,6.87901803572735e-07,21
"20260304_078",2026-03-04,"CDPT","TS3",1,"CDPT_TS3_1",2.5,"D",93.2932,1.77015727259052e-06,21
"20260304_078",2026-03-04,"CDPT","TS3",1,"CDPT_TS3_1",2.5,"P",610.19904,4.98653825923865e-05,21
"20260304_078",2026-03-04,"CDPT","TS3",1,"CDPT_TS3_1",2.5,"T",255.47984,2.78604483811148e-06,21
"20260304_079",2026-03-04,"DPT","TS3",1,"DPT_TS3_1",2.5,"D",38.6032098765432,1.01210242482841e-07,21
"20260304_079",2026-03-04,"DPT","TS3",1,"DPT_TS3_1",2.5,"P",539.05016,4.8324736573862e-05,21
"20260304_079",2026-03-04,"DPT","TS3",1,"DPT_TS3_1",2.5,"T",625.16696,3.16973654256573e-06,21
"20260304_080",2026-03-04,"CLT","TS3",2,"CLT_TS3_2",2.5,"C",25.63,3.71964241165097e-08,21
"20260304_080",2026-03-04,"CLT","TS3",2,"CLT_TS3_2",2.5,"L",0,0,21
"20260304_080",2026-03-04,"CLT","TS3",2,"CLT_TS3_2",2.5,"T",128.15,1.44957567304859e-06,21
"20260304_081",2026-03-04,"LT","TS3",2,"LT_TS3_2",2.5,"L",169.97816,2.15432299283727e-06,21
"20260304_081",2026-03-04,"LT","TS3",2,"LT_TS3_2",2.5,"T",1301.59392,1.77541611031059e-05,21
"20260304_082",2026-03-04,"PT","TS4",1,"PT_TS4_1",2.5,"P",668.84048,4.89566721782727e-05,21
"20260304_082",2026-03-04,"PT","TS4",1,"PT_TS4_1",2.5,"T",176.53944,8.60366206070321e-07,21
"20260304_083",2026-03-04,"DPT","TS4",2,"DPT_TS4_2",2.5,"D",0,0,21
"20260304_083",2026-03-04,"DPT","TS4",2,"DPT_TS4_2",2.5,"P",604.04784,5.26667465540041e-05,21
"20260304_083",2026-03-04,"DPT","TS4",2,"DPT_TS4_2",2.5,"T",386.70544,1.89334082148651e-06,21
"20260304_084",2026-03-04,"CDLP","TS4",3,"CDLP_TS4_3",2.5,"C",25.63,3.27029260792676e-07,21
"20260304_084",2026-03-04,"CDLP","TS4",3,"CDLP_TS4_3",2.5,"D",69.50856,1.09226675488598e-06,21
"20260304_084",2026-03-04,"CDLP","TS4",3,"CDLP_TS4_3",2.5,"L",143.32296,1.4297855360137e-06,21
"20260304_084",2026-03-04,"CDLP","TS4",3,"CDLP_TS4_3",2.5,"P",601.38232,3.41395005449355e-05,21
"20260304_085",2026-03-04,"PT","TS4",2,"PT_TS4_2",2.5,"P",1001.00528,7.092925955418e-05,21
"20260304_085",2026-03-04,"PT","TS4",2,"PT_TS4_2",2.5,"T",526.54272,5.21861657997938e-06,21
"20260304_086",2026-03-04,"CDPT","TS4",1,"CDPT_TS4_1",2.5,"C",0,0,21
"20260304_086",2026-03-04,"CDPT","TS4",1,"CDPT_TS4_1",2.5,"D",25.63,1.53496999897291e-07,21
"20260304_086",2026-03-04,"CDPT","TS4",1,"CDPT_TS4_1",2.5,"P",256.91512,2.41242615277531e-05,21
"20260304_086",2026-03-04,"CDPT","TS4",1,"CDPT_TS4_1",2.5,"T",126.71472,2.03839322748835e-06,21
"20260304_087",2026-03-04,"PT","TS4",3,"PT_TS4_3",2.5,"P",727.892,5.85704724788119e-05,21
"20260304_087",2026-03-04,"PT","TS4",3,"PT_TS4_3",2.5,"T",697.95616,5.89167442965943e-06,21
"20260304_088",2026-03-04,"DPT","TS4",3,"DPT_TS4_3",2.5,"D",33.2025,9.8450723453474e-07,21
"20260304_088",2026-03-04,"DPT","TS4",3,"DPT_TS4_3",2.5,"P",652.84736,5.18908524662664e-05,21
"20260304_088",2026-03-04,"DPT","TS4",3,"DPT_TS4_3",2.5,"T",382.3996,1.8204827887017e-06,21
"20260304_089",2026-03-04,"CDLT","TS4",2,"CDLT_TS4_2",2.5,"C",25.63,9.22611528628706e-07,21
"20260304_089",2026-03-04,"CDLT","TS4",2,"CDLT_TS4_2",2.5,"D",0,0,21
"20260304_089",2026-03-04,"CDLT","TS4",2,"CDLT_TS4_2",2.5,"L",0,0,21
"20260304_089",2026-03-04,"CDLT","TS4",2,"CDLT_TS4_2",2.5,"T",376.04336,2.41292250025471e-06,21
"20260304_090",2026-03-04,"CDPT","TS4",2,"CDPT_TS4_2",2.5,"C",27.88544,1.00193576931665e-06,21
"20260304_090",2026-03-04,"CDPT","TS4",2,"CDPT_TS4_2",2.5,"D",25.63,1.44739807725973e-07,21
"20260304_090",2026-03-04,"CDPT","TS4",2,"CDPT_TS4_2",2.5,"P",613.47968,5.33646961913277e-05,21
"20260304_090",2026-03-04,"CDPT","TS4",2,"CDPT_TS4_2",2.5,"T",82.016,5.65413860247548e-07,21
"20260304_091",2026-03-04,"CLT","TS4",1,"CLT_TS4_1",2.5,"C",25.63,5.81115826322653e-08,21
"20260304_091",2026-03-04,"CLT","TS4",1,"CLT_TS4_1",2.5,"L",25.63,1.72311254826736e-08,21
"20260304_091",2026-03-04,"CLT","TS4",1,"CLT_TS4_1",2.5,"T",97.18896,7.33925335512009e-07,21
"20260304_092",2026-03-04,"LP","TS4",3,"LP_TS4_3",2.5,"L",0,0,21
"20260304_092",2026-03-04,"LP","TS4",3,"LP_TS4_3",2.5,"P",383.21976,3.65405259024498e-05,21
"20260304_093",2026-03-04,"CLT","TS4",3,"CLT_TS4_3",2.5,"C",50.64488,5.81155109814579e-07,21
"20260304_093",2026-03-04,"CLT","TS4",3,"CLT_TS4_3",2.5,"L",72.7892,5.23304037173612e-07,21
"20260304_093",2026-03-04,"CLT","TS4",3,"CLT_TS4_3",2.5,"T",120.35848,6.65964464994566e-07,21
"20260304_094",2026-03-04,"CDLP","TS4",2,"CDLP_TS4_2",2.5,"C",50.1693617021277,1.73019738435393e-06,21
"20260304_094",2026-03-04,"CDLP","TS4",2,"CDLP_TS4_2",2.5,"D",145.98848,1.40985674638355e-06,21
"20260304_094",2026-03-04,"CDLP","TS4",2,"CDLP_TS4_2",2.5,"L",36.6738211382114,1.45998138228658e-07,21
"20260304_094",2026-03-04,"CDLP","TS4",2,"CDLP_TS4_2",2.5,"P",824.46584,6.5394399198149e-05,21
"20260304_095",2026-03-04,"LP","TS4",2,"LP_TS4_2",2.5,"L",25.63,6.0054348770502e-08,21
"20260304_095",2026-03-04,"LP","TS4",2,"LP_TS4_2",2.5,"P",449.85776,3.41926500540787e-05,21
"20260304_096",2026-03-04,"CDLT","TS4",3,"CDLT_TS4_3",2.5,"C",0,0,21
"20260304_096",2026-03-04,"CDLT","TS4",3,"CDLT_TS4_3",2.5,"D",76.89,4.49193185802615e-07,21
"20260304_096",2026-03-04,"CDLT","TS4",3,"CDLT_TS4_3",2.5,"L",25.63,1.39818424871643e-07,21
"20260304_096",2026-03-04,"CDLT","TS4",3,"CDLT_TS4_3",2.5,"T",478.56336,2.50127764702019e-06,21
"20260304_097",2026-03-04,"LP","TS4",1,"LP_TS4_1",2.5,"L",25.63,1.62628705314583e-07,21
"20260304_097",2026-03-04,"LP","TS4",1,"LP_TS4_1",2.5,"P",400.23808,3.64170372974086e-05,21
"20260304_098",2026-03-04,"CDLT","TS4",1,"CDLT_TS4_1",2.5,"C",0,0,21
"20260304_098",2026-03-04,"CDLT","TS4",1,"CDLT_TS4_1",2.5,"D",50.84992,3.40880534254285e-07,21
"20260304_098",2026-03-04,"CDLT","TS4",1,"CDLT_TS4_1",2.5,"L",25.63,4.06669270949297e-08,21
"20260304_098",2026-03-04,"CDLT","TS4",1,"CDLT_TS4_1",2.5,"T",465.4408,3.74120862293858e-06,21
"20260304_099",2026-03-04,"CDLP","TS4",1,"CDLP_TS4_1",2.5,"C",75.65976,5.36237909053867e-06,21
"20260304_099",2026-03-04,"CDLP","TS4",1,"CDLP_TS4_1",2.5,"D",61.10192,4.24776268558737e-07,21
"20260304_099",2026-03-04,"CDLP","TS4",1,"CDLP_TS4_1",2.5,"L",25.63,5.58064425525226e-08,21
"20260304_099",2026-03-04,"CDLP","TS4",1,"CDLP_TS4_1",2.5,"P",332.36984,3.07560003048309e-05,21
"20260304_100",2026-03-04,"DPT","TS4",1,"DPT_TS4_1",2.5,"D",32.9212931034483,8.83880073098605e-07,21
"20260304_100",2026-03-04,"DPT","TS4",1,"DPT_TS4_1",2.5,"P",683.39832,5.96629676182264e-05,21
"20260304_100",2026-03-04,"DPT","TS4",1,"DPT_TS4_1",2.5,"T",370.91736,1.89637287407201e-06,21
"20260304_101",2026-03-04,"LT","TS4",1,"LT_TS4_1",2.5,"L",313.7112,3.78543134279296e-06,21
"20260304_101",2026-03-04,"LT","TS4",1,"LT_TS4_1",2.5,"T",790.63424,1.01554955834079e-05,21
"20260304_102",2026-03-04,"CDPT","TS4",3,"CDPT_TS4_3",2.5,"C",25.63,2.01134891343124e-06,21
"20260304_102",2026-03-04,"CDPT","TS4",3,"CDPT_TS4_3",2.5,"D",25.9116483516483,1.13383439738918e-06,21
"20260304_102",2026-03-04,"CDPT","TS4",3,"CDPT_TS4_3",2.5,"P",535.76952,3.63209897514483e-05,21
"20260304_102",2026-03-04,"CDPT","TS4",3,"CDPT_TS4_3",2.5,"T",86.73192,6.374610583098e-07,21
"20260304_103",2026-03-04,"LPT","TS4",1,"LPT_TS4_1",2.5,"L",0,0,21
"20260304_103",2026-03-04,"LPT","TS4",1,"LPT_TS4_1",2.5,"P",467.08112,4.14077142217853e-05,21
"20260304_103",2026-03-04,"LPT","TS4",1,"LPT_TS4_1",2.5,"T",96.98392,1.64560273758164e-06,21
"20260304_104",2026-03-04,"LT","TS4",3,"LT_TS4_3",2.5,"L",158.906,1.98465120597618e-06,21
"20260304_104",2026-03-04,"LT","TS4",3,"LT_TS4_3",2.5,"T",701.85192,7.13315162432914e-06,21
"20260304_105",2026-03-04,"LT","TS4",2,"LT_TS4_2",2.5,"L",297.92312,4.0472787529322e-06,21
"20260304_105",2026-03-04,"LT","TS4",2,"LT_TS4_2",2.5,"T",840.86904,8.35457640503663e-06,21
"20260304_106",2026-03-04,"CLT","TS4",2,"CLT_TS4_2",2.5,"C",38.34248,1.11686722194781e-06,21
"20260304_106",2026-03-04,"CLT","TS4",2,"CLT_TS4_2",2.5,"L",0,0,21
"20260304_106",2026-03-04,"CLT","TS4",2,"CLT_TS4_2",2.5,"T",84.0664,9.92370301854922e-07,21
"20260304_107",2026-03-04,"LPT","TS4",2,"LPT_TS4_2",2.5,"L",0,0,21
"20260304_107",2026-03-04,"LPT","TS4",2,"LPT_TS4_2",2.5,"P",430.584,3.94462633206215e-05,21
"20260304_107",2026-03-04,"LPT","TS4",2,"LPT_TS4_2",2.5,"T",102.52,5.55990675418936e-07,21
"20260304_108",2026-03-04,"LPT","TS4",3,"LPT_TS4_3",2.5,"L",31.2107258064516,2.09768087440194e-07,21
"20260304_108",2026-03-04,"LPT","TS4",3,"LPT_TS4_3",2.5,"P",477.53816,4.5744968252606e-05,21
"20260304_108",2026-03-04,"LPT","TS4",3,"LPT_TS4_3",2.5,"T",25.63,2.06974342874621e-07,21
"20260305_001",2026-03-05,"DLPT","TS1",3,"DLPT_TS1_3",2.5,"D",25.63,5.54058123359062e-07,22
"20260305_001",2026-03-05,"DLPT","TS1",3,"DLPT_TS1_3",2.5,"L",0,0,22
"20260305_001",2026-03-05,"DLPT","TS1",3,"DLPT_TS1_3",2.5,"P",442.8864,4.25639166002317e-05,22
"20260305_001",2026-03-05,"DLPT","TS1",3,"DLPT_TS1_3",2.5,"T",25.63,1.53273117030446e-07,22
"20260305_002",2026-03-05,"LPT","TS1",1,"LPT_TS1_1",2.5,"L",0,0,22
"20260305_002",2026-03-05,"LPT","TS1",1,"LPT_TS1_1",2.5,"P",359.43512,3.65801608268822e-05,22
"20260305_002",2026-03-05,"LPT","TS1",1,"LPT_TS1_1",2.5,"T",73.19928,2.50532913701667e-06,22
"20260305_003",2026-03-05,"DLPT","TS1",2,"DLPT_TS1_2",2.5,"D",29.32072,5.3874744007267e-07,22
"20260305_003",2026-03-05,"DLPT","TS1",2,"DLPT_TS1_2",2.5,"L",0,0,22
"20260305_003",2026-03-05,"DLPT","TS1",2,"DLPT_TS1_2",2.5,"P",534.94936,5.95034519037981e-05,22
"20260305_003",2026-03-05,"DLPT","TS1",2,"DLPT_TS1_2",2.5,"T",0,0,22
"20260305_004",2026-03-05,"CD","TS1",3,"CD_TS1_3",2.5,"C",0,0,22
"20260305_004",2026-03-05,"CD","TS1",3,"CD_TS1_3",2.5,"D",0,0,22
"20260305_005",2026-03-05,"CLT","TS1",1,"CLT_TS1_1",2.5,"C",0,0,22
"20260305_005",2026-03-05,"CLT","TS1",1,"CLT_TS1_1",2.5,"L",0,0,22
"20260305_005",2026-03-05,"CLT","TS1",1,"CLT_TS1_1",2.5,"T",0,0,22
"20260305_006",2026-03-05,"DPT","TS1",3,"DPT_TS1_3",2.5,"D",0,0,22
"20260305_006",2026-03-05,"DPT","TS1",3,"DPT_TS1_3",2.5,"P",451.90816,5.32431399339151e-05,22
"20260305_006",2026-03-05,"DPT","TS1",3,"DPT_TS1_3",2.5,"T",25.63,5.27616647633597e-07,22
"20260305_007",2026-03-05,"CLT","TS1",2,"CLT_TS1_2",2.5,"C",26.8504761904762,4.8686789149426e-08,22
"20260305_007",2026-03-05,"CLT","TS1",2,"CLT_TS1_2",2.5,"L",0,0,22
"20260305_007",2026-03-05,"CLT","TS1",2,"CLT_TS1_2",2.5,"T",25.63,4.13213728144533e-07,22
"20260305_008",2026-03-05,"CDLP","TS1",2,"CDLP_TS1_2",2.5,"C",49.00456,1.45247577343695e-06,22
"20260305_008",2026-03-05,"CDLP","TS1",2,"CDLP_TS1_2",2.5,"D",25.63,1.03911528005406e-07,22
"20260305_008",2026-03-05,"CDLP","TS1",2,"CDLP_TS1_2",2.5,"L",0,0,22
"20260305_008",2026-03-05,"CDLP","TS1",2,"CDLP_TS1_2",2.5,"P",420.332,3.78583342584096e-05,22
"20260305_009",2026-03-05,"PT","TS1",1,"PT_TS1_1",2.5,"P",359.64016,2.62656823082049e-05,22
"20260305_009",2026-03-05,"PT","TS1",1,"PT_TS1_1",2.5,"T",77.30008,2.85084124930113e-06,22
"20260305_010",2026-03-05,"LPT","TS1",2,"LPT_TS1_2",2.5,"L",31.37112,1.71751321317281e-06,22
"20260305_010",2026-03-05,"LPT","TS1",2,"LPT_TS1_2",2.5,"P",488.61032,4.77950121367732e-05,22
"20260305_010",2026-03-05,"LPT","TS1",2,"LPT_TS1_2",2.5,"T",25.63,1.58037175570611e-07,22
"20260305_011",2026-03-05,"CDLT","TS1",3,"CDLT_TS1_3",2.5,"C",25.63,2.42436925669949e-07,22
"20260305_011",2026-03-05,"CDLT","TS1",3,"CDLT_TS1_3",2.5,"D",25.63,1.21466475314623e-07,22
"20260305_011",2026-03-05,"CDLT","TS1",3,"CDLT_TS1_3",2.5,"L",47.97936,3.920888105388e-07,22
"20260305_011",2026-03-05,"CDLT","TS1",3,"CDLT_TS1_3",2.5,"T",0,0,22
"20260305_012",2026-03-05,"DLPT","TS1",1,"DLPT_TS1_1",2.5,"D",0,0,22
"20260305_012",2026-03-05,"DLPT","TS1",1,"DLPT_TS1_1",2.5,"L",0,0,22
"20260305_012",2026-03-05,"DLPT","TS1",1,"DLPT_TS1_1",2.5,"P",584.56904,5.78994286712637e-05,22
"20260305_012",2026-03-05,"DLPT","TS1",1,"DLPT_TS1_1",2.5,"T",31.870347826087,5.89253738395956e-07,22
"20260305_013",2026-03-05,"LT","TS1",3,"LT_TS1_3",2.5,"L",51.26,2.47357237558049e-07,22
"20260305_013",2026-03-05,"LT","TS1",3,"LT_TS1_3",2.5,"T",183.30576,9.05341697749127e-07,22
"20260305_014",2026-03-05,"CDLT","TS1",2,"CDLT_TS1_2",2.5,"C",25.63,4.66200946100881e-08,22
"20260305_014",2026-03-05,"CDLT","TS1",2,"CDLT_TS1_2",2.5,"D",0,0,22
"20260305_014",2026-03-05,"CDLT","TS1",2,"CDLT_TS1_2",2.5,"L",0,0,22
"20260305_014",2026-03-05,"CDLT","TS1",2,"CDLT_TS1_2",2.5,"T",51.26,2.97425521978804e-07,22
"20260305_015",2026-03-05,"LT","TS1",2,"LT_TS1_2",2.5,"L",95.95872,9.33915570282925e-07,22
"20260305_015",2026-03-05,"LT","TS1",2,"LT_TS1_2",2.5,"T",151.52456,7.91884620976686e-07,22
"20260305_016",2026-03-05,"CDLT","TS1",1,"CDLT_TS1_1",2.5,"C",0,0,22
"20260305_016",2026-03-05,"CDLT","TS1",1,"CDLT_TS1_1",2.5,"D",0,0,22
"20260305_016",2026-03-05,"CDLT","TS1",1,"CDLT_TS1_1",2.5,"L",0,0,22
"20260305_016",2026-03-05,"CDLT","TS1",1,"CDLT_TS1_1",2.5,"T",25.63,9.53063286366612e-08,22
"20260305_017",2026-03-05,"DPT","TS1",1,"DPT_TS1_1",2.5,"D",0,0,22
"20260305_017",2026-03-05,"DPT","TS1",1,"DPT_TS1_1",2.5,"P",287.46608,2.27181653805006e-05,22
"20260305_017",2026-03-05,"DPT","TS1",1,"DPT_TS1_1",2.5,"T",25.63,6.25778441579005e-08,22
"20260305_018",2026-03-05,"DPT","TS1",2,"DPT_TS1_2",2.5,"D",26.86024,1.44298242480677e-06,22
"20260305_018",2026-03-05,"DPT","TS1",2,"DPT_TS1_2",2.5,"P",288.28624,3.19083524203757e-05,22
"20260305_018",2026-03-05,"DPT","TS1",2,"DPT_TS1_2",2.5,"T",25.63,3.01750975997678e-06,22
"20260305_019",2026-03-05,"PT","TS1",3,"PT_TS1_3",2.5,"P",207.70552,2.49952438856735e-05,22
"20260305_019",2026-03-05,"PT","TS1",3,"PT_TS1_3",2.5,"T",34.4403125,7.75723869912564e-08,22
"20260305_020",2026-03-05,"CDLP","TS1",1,"CDLP_TS1_1",2.5,"C",51.26,3.48512482941702e-06,22
"20260305_020",2026-03-05,"CDLP","TS1",1,"CDLP_TS1_1",2.5,"D",0,0,22
"20260305_020",2026-03-05,"CDLP","TS1",1,"CDLP_TS1_1",2.5,"L",0,0,22
"20260305_020",2026-03-05,"CDLP","TS1",1,"CDLP_TS1_1",2.5,"P",289.51648,2.48817458920771e-05,22
"20260305_021",2026-03-05,"CDLP","TS1",3,"CDLP_TS1_3",2.5,"C",0,0,22
"20260305_021",2026-03-05,"CDLP","TS1",3,"CDLP_TS1_3",2.5,"D",0,0,22
"20260305_021",2026-03-05,"CDLP","TS1",3,"CDLP_TS1_3",2.5,"L",25.63,1.13346095074557e-07,22
"20260305_021",2026-03-05,"CDLP","TS1",3,"CDLP_TS1_3",2.5,"P",319.45232,2.94635165460795e-05,22
"20260305_022",2026-03-05,"CD","TS1",1,"CD_TS1_1",2.5,"C",0,0,22
"20260305_022",2026-03-05,"CD","TS1",1,"CD_TS1_1",2.5,"D",34.24168,1.73354945747002e-07,22
"20260305_023",2026-03-05,"LPT","TS1",3,"LPT_TS1_3",2.5,"L",0,0,22
"20260305_023",2026-03-05,"LPT","TS1",3,"LPT_TS1_3",2.5,"P",356.7696,4.24655882109266e-05,22
"20260305_023",2026-03-05,"LPT","TS1",3,"LPT_TS1_3",2.5,"T",0,0,22
"20260305_024",2026-03-05,"LT","TS1",1,"LT_TS1_1",2.5,"L",37.72736,2.63011590420856e-07,22
"20260305_024",2026-03-05,"LT","TS1",1,"LT_TS1_1",2.5,"T",300.79368,1.67477271280744e-06,22
"20260305_025",2026-03-05,"CLT","TS1",3,"CLT_TS1_3",2.5,"C",0,0,22
"20260305_025",2026-03-05,"CLT","TS1",3,"CLT_TS1_3",2.5,"L",0,0,22
"20260305_025",2026-03-05,"CLT","TS1",3,"CLT_TS1_3",2.5,"T",0,0,22
"20260305_026",2026-03-05,"CD","TS1",2,"CD_TS1_2",2.5,"C",25.63,1.45338870374674e-07,22
"20260305_026",2026-03-05,"CD","TS1",2,"CD_TS1_2",2.5,"D",25.63,9.77421418192008e-08,22
"20260305_027",2026-03-05,"PT","TS1",2,"PT_TS1_2",2.5,"P",208.32064,1.15892316615985e-05,22
"20260305_027",2026-03-05,"PT","TS1",2,"PT_TS1_2",2.5,"T",69.91864,6.00066027079659e-07,22
"20260305_028",2026-03-05,"CLT","TS2",1,"CLT_TS2_1",2.5,"C",25.63,1.03354282159175e-07,22
"20260305_028",2026-03-05,"CLT","TS2",1,"CLT_TS2_1",2.5,"L",0,0,22
"20260305_028",2026-03-05,"CLT","TS2",1,"CLT_TS2_1",2.5,"T",0,0,22
"20260305_029",2026-03-05,"CP","TS2",1,"CP_TS2_1",2.5,"C",25.63,3.93667621761006e-07,22
"20260305_029",2026-03-05,"CP","TS2",1,"CP_TS2_1",2.5,"P",364.35608,2.46815894959431e-05,22
"20260305_030",2026-03-05,"CDPT","TS2",1,"CDPT_TS2_1",2.5,"C",32.39632,2.11232065242422e-06,22
"20260305_030",2026-03-05,"CDPT","TS2",1,"CDPT_TS2_1",2.5,"D",25.63,1.1226702687858e-06,22
"20260305_030",2026-03-05,"CDPT","TS2",1,"CDPT_TS2_1",2.5,"P",392.85664,3.3769482023113e-05,22
"20260305_030",2026-03-05,"CDPT","TS2",1,"CDPT_TS2_1",2.5,"T",25.63,1.40869168203126e-07,22
"20260305_031",2026-03-05,"CDPT","TS2",3,"CDPT_TS2_3",2.5,"C",0,0,22
"20260305_031",2026-03-05,"CDPT","TS2",3,"CDPT_TS2_3",2.5,"D",0,0,22
"20260305_031",2026-03-05,"CDPT","TS2",3,"CDPT_TS2_3",2.5,"P",399.41792,3.55432826891739e-05,22
"20260305_031",2026-03-05,"CDPT","TS2",3,"CDPT_TS2_3",2.5,"T",0,0,22
"20260305_032",2026-03-05,"LT","TS2",3,"LT_TS2_3",2.5,"L",25.63,3.66761161611765e-08,22
"20260305_032",2026-03-05,"LT","TS2",3,"LT_TS2_3",2.5,"T",379.73408,3.58502076766742e-06,22
"20260305_033",2026-03-05,"PT","TS2",3,"PT_TS2_3",2.5,"P",443.09144,2.89406578118956e-05,22
"20260305_033",2026-03-05,"PT","TS2",3,"PT_TS2_3",2.5,"T",25.63,1.78961136125604e-07,22
"20260305_034",2026-03-05,"DPT","TS2",3,"DPT_TS2_3",2.5,"D",0,0,22
"20260305_034",2026-03-05,"DPT","TS2",3,"DPT_TS2_3",2.5,"P",579.64808,4.42847071927863e-05,22
"20260305_034",2026-03-05,"DPT","TS2",3,"DPT_TS2_3",2.5,"T",25.63,1.12683103397273e-07,22
"20260305_035",2026-03-05,"PT","TS2",1,"PT_TS2_1",2.5,"P",506.65384,3.64408475771302e-05,22
"20260305_035",2026-03-05,"PT","TS2",1,"PT_TS2_1",2.5,"T",0,0,22
"20260305_036",2026-03-05,"CDLT","TS2",3,"CDLT_TS2_3",2.5,"C",0,0,22
"20260305_036",2026-03-05,"CDLT","TS2",3,"CDLT_TS2_3",2.5,"D",0,0,22
"20260305_036",2026-03-05,"CDLT","TS2",3,"CDLT_TS2_3",2.5,"L",0,0,22
"20260305_036",2026-03-05,"CDLT","TS2",3,"CDLT_TS2_3",2.5,"T",129.99536,5.94732643613019e-07,22
"20260305_037",2026-03-05,"CDLP","TS2",2,"CDLP_TS2_2",2.5,"C",0,0,22
"20260305_037",2026-03-05,"CDLP","TS2",2,"CDLP_TS2_2",2.5,"D",0,0,22
"20260305_037",2026-03-05,"CDLP","TS2",2,"CDLP_TS2_2",2.5,"L",0,0,22
"20260305_037",2026-03-05,"CDLP","TS2",2,"CDLP_TS2_2",2.5,"P",369.68712,3.1730175599625e-05,22
"20260305_038",2026-03-05,"CDLT","TS2",2,"CDLT_TS2_2",2.5,"C",50.84992,3.5060952530568e-07,22
"20260305_038",2026-03-05,"CDLT","TS2",2,"CDLT_TS2_2",2.5,"D",25.63,8.13643530299982e-08,22
"20260305_038",2026-03-05,"CDLT","TS2",2,"CDLT_TS2_2",2.5,"L",0,0,22
"20260305_038",2026-03-05,"CDLT","TS2",2,"CDLT_TS2_2",2.5,"T",209.75592,1.02001597144122e-06,22
"20260305_039",2026-03-05,"CDPT","TS2",2,"CDPT_TS2_2",2.5,"C",25.63,7.09624483769078e-07,22
"20260305_039",2026-03-05,"CDPT","TS2",2,"CDPT_TS2_2",2.5,"D",0,0,22
"20260305_039",2026-03-05,"CDPT","TS2",2,"CDPT_TS2_2",2.5,"P",319.65736,2.75855701171746e-05,22
"20260305_039",2026-03-05,"CDPT","TS2",2,"CDPT_TS2_2",2.5,"T",25.63,1.74800129234648e-06,22
"20260305_040",2026-03-05,"CLT","TS2",3,"CLT_TS2_3",2.5,"C",0,0,22
"20260305_040",2026-03-05,"CLT","TS2",3,"CLT_TS2_3",2.5,"L",0,0,22
"20260305_040",2026-03-05,"CLT","TS2",3,"CLT_TS2_3",2.5,"T",0,0,22
"20260305_041",2026-03-05,"PT","TS2",2,"PT_TS2_2",2.5,"P",394.29192,2.03575412869722e-05,22
"20260305_041",2026-03-05,"PT","TS2",2,"PT_TS2_2",2.5,"T",32.39632,2.68758911573923e-07,22
"20260305_042",2026-03-05,"DLP","TS2",3,"DLP_TS2_3",2.5,"D",25.63,1.05237627596405e-07,22
"20260305_042",2026-03-05,"DLP","TS2",3,"DLP_TS2_3",2.5,"L",25.63,1.44982829399946e-07,22
"20260305_042",2026-03-05,"DLP","TS2",3,"DLP_TS2_3",2.5,"P",423.4076,4.27723465583829e-05,22
"20260305_043",2026-03-05,"CDLP","TS2",1,"CDLP_TS2_1",2.5,"C",25.63,1.49282495425387e-08,22
"20260305_043",2026-03-05,"CDLP","TS2",1,"CDLP_TS2_1",2.5,"D",25.63,1.23975744496456e-07,22
"20260305_043",2026-03-05,"CDLP","TS2",1,"CDLP_TS2_1",2.5,"L",25.63,2.64461924975924e-08,22
"20260305_043",2026-03-05,"CDLP","TS2",1,"CDLP_TS2_1",2.5,"P",259.17056,2.64239590186339e-05,22
"20260305_044",2026-03-05,"LT","TS2",2,"LT_TS2_2",2.5,"L",124.45928,9.73599352015633e-07,22
"20260305_044",2026-03-05,"LT","TS2",2,"LT_TS2_2",2.5,"T",237.64136,1.61939936876843e-06,22
"20260305_045",2026-03-05,"CLT","TS2",2,"CLT_TS2_2",2.5,"C",25.63,3.32587233330875e-07,22
"20260305_045",2026-03-05,"CLT","TS2",2,"CLT_TS2_2",2.5,"L",0,0,22
"20260305_045",2026-03-05,"CLT","TS2",2,"CLT_TS2_2",2.5,"T",25.63,4.91622426944002e-07,22
"20260305_046",2026-03-05,"DPT","TS2",1,"DPT_TS2_1",2.5,"D",29.7308,1.80629532280117e-06,22
"20260305_046",2026-03-05,"DPT","TS2",1,"DPT_TS2_1",2.5,"P",361.28048,3.23352956741726e-05,22
"20260305_046",2026-03-05,"DPT","TS2",1,"DPT_TS2_1",2.5,"T",150.90944,8.67337386719699e-07,22
"20260305_047",2026-03-05,"DLP","TS2",2,"DLP_TS2_2",2.5,"D",37.7156910569106,2.56399317140837e-07,22
"20260305_047",2026-03-05,"DLP","TS2",2,"DLP_TS2_2",2.5,"L",25.63,3.04416159994518e-08,22
"20260305_047",2026-03-05,"DLP","TS2",2,"DLP_TS2_2",2.5,"P",240.922,2.60194549893094e-05,22
"20260305_048",2026-03-05,"DPT","TS2",2,"DPT_TS2_2",2.5,"D",28.6968376068376,1.01644839082638e-06,22
"20260305_048",2026-03-05,"DPT","TS2",2,"DPT_TS2_2",2.5,"P",644.03064,5.23862590848256e-05,22
"20260305_048",2026-03-05,"DPT","TS2",2,"DPT_TS2_2",2.5,"T",51.87512,3.96334744900573e-07,22
"20260305_049",2026-03-05,"CP","TS2",3,"CP_TS2_3",2.5,"C",0,0,22
"20260305_049",2026-03-05,"CP","TS2",3,"CP_TS2_3",2.5,"P",401.26328,2.91586791007159e-05,22
"20260305_050",2026-03-05,"CP","TS2",2,"CP_TS2_2",2.5,"C",76.06984,1.37396138903703e-06,22
"20260305_050",2026-03-05,"CP","TS2",2,"CP_TS2_2",2.5,"P",591.74544,4.57839601401778e-05,22
"20260305_051",2026-03-05,"CDLT","TS2",1,"CDLT_TS2_1",2.5,"C",0,0,22
"20260305_051",2026-03-05,"CDLT","TS2",1,"CDLT_TS2_1",2.5,"D",25.63,3.90243237261442e-08,22
"20260305_051",2026-03-05,"CDLT","TS2",1,"CDLT_TS2_1",2.5,"L",0,0,22
"20260305_051",2026-03-05,"CDLT","TS2",1,"CDLT_TS2_1",2.5,"T",107.03088,4.44866506764544e-07,22
"20260305_052",2026-03-05,"CDLP","TS2",3,"CDLP_TS2_3",2.5,"C",25.63,1.5494906946404e-07,22
"20260305_052",2026-03-05,"CDLP","TS2",3,"CDLP_TS2_3",2.5,"D",0,0,22
"20260305_052",2026-03-05,"CDLP","TS2",3,"CDLP_TS2_3",2.5,"L",25.63,2.77690722877999e-08,22
"20260305_052",2026-03-05,"CDLP","TS2",3,"CDLP_TS2_3",2.5,"P",424.63784,3.66412458713536e-05,22
"20260305_053",2026-03-05,"DLP","TS2",1,"DLP_TS2_1",2.5,"D",0,0,22
"20260305_053",2026-03-05,"DLP","TS2",1,"DLP_TS2_1",2.5,"L",50.2348,1.75920336058879e-07,22
"20260305_053",2026-03-05,"DLP","TS2",1,"DLP_TS2_1",2.5,"P",267.37216,2.43375907534228e-05,22
"20260305_054",2026-03-05,"LT","TS2",1,"LT_TS2_1",2.5,"L",34.65176,1.5843035112969e-07,22
"20260305_054",2026-03-05,"LT","TS2",1,"LT_TS2_1",2.5,"T",485.32968,4.81663126561802e-06,22
"20260305_055",2026-03-05,"CDLP","TS3",3,"CDLP_TS3_3",2.5,"C",36.29208,5.20316666395682e-07,22
"20260305_055",2026-03-05,"CDLP","TS3",3,"CDLP_TS3_3",2.5,"D",105.80064,5.73906146463192e-07,22
"20260305_055",2026-03-05,"CDLP","TS3",3,"CDLP_TS3_3",2.5,"L",104.16032,9.12666368190473e-07,22
"20260305_055",2026-03-05,"CDLP","TS3",3,"CDLP_TS3_3",2.5,"P",364.56112,2.14415090499182e-05,22
"20260305_056",2026-03-05,"CDPT","TS3",2,"CDPT_TS3_2",2.5,"C",25.63,5.80657868462499e-07,22
"20260305_056",2026-03-05,"CDPT","TS3",2,"CDPT_TS3_2",2.5,"D",25.63,5.06852664553631e-07,22
"20260305_056",2026-03-05,"CDPT","TS3",2,"CDPT_TS3_2",2.5,"P",334.2152,2.71987086544277e-05,22
"20260305_056",2026-03-05,"CDPT","TS3",2,"CDPT_TS3_2",2.5,"T",569.19104,4.5412822963103e-06,22
"20260305_057",2026-03-05,"CDLT","TS3",2,"CDLT_TS3_2",2.5,"C",0,0,22
"20260305_057",2026-03-05,"CDLT","TS3",2,"CDLT_TS3_2",2.5,"D",100.67464,4.1095686012244e-07,22
"20260305_057",2026-03-05,"CDLT","TS3",2,"CDLT_TS3_2",2.5,"L",0,0,22
"20260305_057",2026-03-05,"CDLT","TS3",2,"CDLT_TS3_2",2.5,"T",618.40064,3.86387181656551e-06,22
"20260305_058",2026-03-05,"LT","TS3",1,"LT_TS3_1",2.5,"L",114.61736,1.31635408427658e-06,22
"20260305_058",2026-03-05,"LT","TS3",1,"LT_TS3_1",2.5,"T",949.54024,1.45166185534036e-05,22
"20260305_059",2026-03-05,"LT","TS3",3,"LT_TS3_3",2.5,"L",45.31384,8.2590717548867e-07,22
"20260305_059",2026-03-05,"LT","TS3",3,"LT_TS3_3",2.5,"T",673.96648,9.95543522171037e-06,22
"20260305_060",2026-03-05,"CDLT","TS3",1,"CDLT_TS3_1",2.5,"C",0,0,22
"20260305_060",2026-03-05,"CDLT","TS3",1,"CDLT_TS3_1",2.5,"D",152.7548,1.34265272752171e-06,22
"20260305_060",2026-03-05,"CDLT","TS3",1,"CDLT_TS3_1",2.5,"L",40.1256557377049,1.46407391007548e-07,22
"20260305_060",2026-03-05,"CDLT","TS3",1,"CDLT_TS3_1",2.5,"T",423.20256,2.32424218875973e-06,22
"20260305_061",2026-03-05,"DLP","TS3",1,"DLP_TS3_1",2.5,"D",282.75016,1.48755899497931e-06,22
"20260305_061",2026-03-05,"DLP","TS3",1,"DLP_TS3_1",2.5,"L",92.06296,4.25730921259947e-07,22
"20260305_061",2026-03-05,"DLP","TS3",1,"DLP_TS3_1",2.5,"P",552.5828,4.39832391750833e-05,22
"20260305_062",2026-03-05,"DLP","TS3",2,"DLP_TS3_2",2.5,"D",198.8888,1.15587819869854e-06,22
"20260305_062",2026-03-05,"DLP","TS3",2,"DLP_TS3_2",2.5,"L",134.91632,5.96371869525857e-07,22
"20260305_062",2026-03-05,"DLP","TS3",2,"DLP_TS3_2",2.5,"P",474.87264,4.56597510337462e-05,22
"20260305_063",2026-03-05,"DLP","TS3",3,"DLP_TS3_3",2.5,"D",167.51768,2.12823872642923e-06,22
"20260305_063",2026-03-05,"DLP","TS3",3,"DLP_TS3_3",2.5,"L",47.5395161290323,5.71713430352901e-07,22
"20260305_063",2026-03-05,"DLP","TS3",3,"DLP_TS3_3",2.5,"P",577.1876,4.59105105877022e-05,22
"20260305_064",2026-03-05,"DPT","TS3",2,"DPT_TS3_2",2.5,"D",79.76056,2.6364414677376e-06,22
"20260305_064",2026-03-05,"DPT","TS3",2,"DPT_TS3_2",2.5,"P",378.70888,3.28575915311543e-05,22
"20260305_064",2026-03-05,"DPT","TS3",2,"DPT_TS3_2",2.5,"T",618.60568,3.15178048777979e-06,22
"20260305_065",2026-03-05,"CD","TS3",2,"CD_TS3_2",2.5,"C",25.63,1.4455887256118e-07,22
"20260305_065",2026-03-05,"CD","TS3",2,"CD_TS3_2",2.5,"D",811.75336,4.82706591132279e-06,22
"20260305_066",2026-03-05,"CDLP","TS3",1,"CDLP_TS3_1",2.5,"C",0,0,22
"20260305_066",2026-03-05,"CDLP","TS3",1,"CDLP_TS3_1",2.5,"D",200.9392,1.50573585102014e-06,22
"20260305_066",2026-03-05,"CDLP","TS3",1,"CDLP_TS3_1",2.5,"L",25.63,1.6069118409905e-08,22
"20260305_066",2026-03-05,"CDLP","TS3",1,"CDLP_TS3_1",2.5,"P",569.80616,5.38737787660603e-05,22
"20260305_067",2026-03-05,"CLT","TS3",1,"CLT_TS3_1",2.5,"C",25.63,6.49852015061922e-07,22
"20260305_067",2026-03-05,"CLT","TS3",1,"CLT_TS3_1",2.5,"L",0,0,22
"20260305_067",2026-03-05,"CLT","TS3",1,"CLT_TS3_1",2.5,"T",67.6632,8.49804048000416e-07,22
"20260305_068",2026-03-05,"CDLP","TS3",2,"CDLP_TS3_2",2.5,"C",25.63,4.86681036912035e-07,22
"20260305_068",2026-03-05,"CDLP","TS3",2,"CDLP_TS3_2",2.5,"D",209.96096,1.82827171428355e-06,22
"20260305_068",2026-03-05,"CDLP","TS3",2,"CDLP_TS3_2",2.5,"L",76.47992,1.28278718761386e-06,22
"20260305_068",2026-03-05,"CDLP","TS3",2,"CDLP_TS3_2",2.5,"P",422.99752,3.74257183097702e-05,22
"20260305_069",2026-03-05,"PT","TS3",3,"PT_TS3_3",2.5,"P",580.05816,4.64676480566254e-05,22
"20260305_069",2026-03-05,"PT","TS3",3,"PT_TS3_3",2.5,"T",100.4696,6.33687280999401e-07,22
"20260305_070",2026-03-05,"CD","TS3",3,"CD_TS3_3",2.5,"C",84.27144,4.72144554377593e-07,22
"20260305_070",2026-03-05,"CD","TS3",3,"CD_TS3_3",2.5,"D",686.47392,4.01028701538478e-06,22
"20260305_071",2026-03-05,"CDLT","TS3",3,"CDLT_TS3_3",2.5,"C",25.63,2.69126390528235e-08,22
"20260305_071",2026-03-05,"CDLT","TS3",3,"CDLT_TS3_3",2.5,"D",70.12368,5.25851115462156e-07,22
"20260305_071",2026-03-05,"CDLT","TS3",3,"CDLT_TS3_3",2.5,"L",0,0,22
"20260305_071",2026-03-05,"CDLT","TS3",3,"CDLT_TS3_3",2.5,"T",418.48664,2.63277456648322e-06,22
"20260305_072",2026-03-05,"DPT","TS3",3,"DPT_TS3_3",2.5,"D",84.88656,1.08086130200573e-06,22
"20260305_072",2026-03-05,"DPT","TS3",3,"DPT_TS3_3",2.5,"P",731.37768,7.1633348478689e-05,22
"20260305_072",2026-03-05,"DPT","TS3",3,"DPT_TS3_3",2.5,"T",469.13152,2.19723106126386e-06,22
"20260305_073",2026-03-05,"CLT","TS3",3,"CLT_TS3_3",2.5,"C",0,0,22
"20260305_073",2026-03-05,"CLT","TS3",3,"CLT_TS3_3",2.5,"L",25.63,1.5132405140422e-08,22
"20260305_073",2026-03-05,"CLT","TS3",3,"CLT_TS3_3",2.5,"T",66.02288,1.09447083571197e-06,22
"20260305_074",2026-03-05,"CD","TS3",1,"CD_TS3_1",2.5,"C",47.97936,2.46425413047772e-07,22
"20260305_074",2026-03-05,"CD","TS3",1,"CD_TS3_1",2.5,"D",537.81992,3.17126886668297e-06,22
"20260305_075",2026-03-05,"PT","TS3",2,"PT_TS3_2",2.5,"P",582.92872,4.9469324603047e-05,22
"20260305_075",2026-03-05,"PT","TS3",2,"PT_TS3_2",2.5,"T",281.93,1.46951712016836e-06,22
"20260305_076",2026-03-05,"PT","TS3",1,"PT_TS3_1",2.5,"P",888.8484,7.54938824498208e-05,22
"20260305_076",2026-03-05,"PT","TS3",1,"PT_TS3_1",2.5,"T",315.96664,5.47437796482424e-06,22
"20260305_077",2026-03-05,"CDPT","TS3",3,"CDPT_TS3_3",2.5,"C",25.63,1.49841091881749e-06,22
"20260305_077",2026-03-05,"CDPT","TS3",3,"CDPT_TS3_3",2.5,"D",25.63,2.96991029355844e-08,22
"20260305_077",2026-03-05,"CDPT","TS3",3,"CDPT_TS3_3",2.5,"P",450.67792,3.70751900062574e-05,22
"20260305_077",2026-03-05,"CDPT","TS3",3,"CDPT_TS3_3",2.5,"T",197.8636,1.63828057470936e-06,22
"20260305_078",2026-03-05,"CDPT","TS3",1,"CDPT_TS3_1",2.5,"C",25.63,2.45194320081701e-07,22
"20260305_078",2026-03-05,"CDPT","TS3",1,"CDPT_TS3_1",2.5,"D",25.63,1.2422279857073e-07,22
"20260305_078",2026-03-05,"CDPT","TS3",1,"CDPT_TS3_1",2.5,"P",580.87832,5.95546411384561e-05,22
"20260305_078",2026-03-05,"CDPT","TS3",1,"CDPT_TS3_1",2.5,"T",247.27824,1.94900677601543e-06,22
"20260305_079",2026-03-05,"DPT","TS3",1,"DPT_TS3_1",2.5,"D",28.29552,1.1641859080616e-07,22
"20260305_079",2026-03-05,"DPT","TS3",1,"DPT_TS3_1",2.5,"P",663.91952,4.52159347815655e-05,22
"20260305_079",2026-03-05,"DPT","TS3",1,"DPT_TS3_1",2.5,"T",375.63328,1.71436888487679e-06,22
"20260305_080",2026-03-05,"CLT","TS3",2,"CLT_TS3_2",2.5,"C",0,0,22
"20260305_080",2026-03-05,"CLT","TS3",2,"CLT_TS3_2",2.5,"L",0,0,22
"20260305_080",2026-03-05,"CLT","TS3",2,"CLT_TS3_2",2.5,"T",205.04,3.31235730512059e-06,22
"20260305_081",2026-03-05,"LT","TS3",2,"LT_TS3_2",2.5,"L",210.98616,2.64184233438475e-06,22
"20260305_081",2026-03-05,"LT","TS3",2,"LT_TS3_2",2.5,"T",1044.26872,1.44362340457035e-05,22
"20260305_082",2026-03-05,"PT","TS4",1,"PT_TS4_1",2.5,"P",531.0536,4.73790893707312e-05,22
"20260305_082",2026-03-05,"PT","TS4",1,"PT_TS4_1",2.5,"T",71.96904,1.26586059767619e-06,22
"20260305_083",2026-03-05,"DPT","TS4",2,"DPT_TS4_2",2.5,"D",0,0,22
"20260305_083",2026-03-05,"DPT","TS4",2,"DPT_TS4_2",2.5,"P",401.46832,3.5919152351628e-05,22
"20260305_083",2026-03-05,"DPT","TS4",2,"DPT_TS4_2",2.5,"T",94.11336,5.18605670809298e-07,22
"20260305_084",2026-03-05,"CDLP","TS4",3,"CDLP_TS4_3",2.5,"C",51.26,1.41293739427494e-06,22
"20260305_084",2026-03-05,"CDLP","TS4",3,"CDLP_TS4_3",2.5,"D",25.63,8.32662373181115e-08,22
"20260305_084",2026-03-05,"CDLP","TS4",3,"CDLP_TS4_3",2.5,"L",92.06296,1.1472964975568e-06,22
"20260305_084",2026-03-05,"CDLP","TS4",3,"CDLP_TS4_3",2.5,"P",423.81768,3.73218271347624e-05,22
"20260305_085",2026-03-05,"PT","TS4",2,"PT_TS4_2",2.5,"P",515.06048,3.20778277905855e-05,22
"20260305_085",2026-03-05,"PT","TS4",2,"PT_TS4_2",2.5,"T",161.57152,3.30396056362516e-06,22
"20260305_086",2026-03-05,"CDPT","TS4",1,"CDPT_TS4_1",2.5,"C",37.4592307692308,6.83346796687988e-07,22
"20260305_086",2026-03-05,"CDPT","TS4",1,"CDPT_TS4_1",2.5,"D",35.6319512195122,1.65566889250746e-07,22
"20260305_086",2026-03-05,"CDPT","TS4",1,"CDPT_TS4_1",2.5,"P",618.81072,5.42544724515492e-05,22
"20260305_086",2026-03-05,"CDPT","TS4",1,"CDPT_TS4_1",2.5,"T",120.76856,1.92979161523892e-06,22
"20260305_087",2026-03-05,"PT","TS4",3,"PT_TS4_3",2.5,"P",518.34112,3.777230981626e-05,22
"20260305_087",2026-03-05,"PT","TS4",3,"PT_TS4_3",2.5,"T",184.94608,1.07107671837444e-06,22
"20260305_088",2026-03-05,"DPT","TS4",3,"DPT_TS4_3",2.5,"D",65.6128,3.87171991734413e-07,22
"20260305_088",2026-03-05,"DPT","TS4",3,"DPT_TS4_3",2.5,"P",719.07528,6.80504908406164e-05,22
"20260305_088",2026-03-05,"DPT","TS4",3,"DPT_TS4_3",2.5,"T",313.30112,2.51577570967998e-06,22
"20260305_089",2026-03-05,"CDLT","TS4",2,"CDLT_TS4_2",2.5,"C",0,0,22
"20260305_089",2026-03-05,"CDLT","TS4",2,"CDLT_TS4_2",2.5,"D",61.92208,2.41287975588708e-07,22
"20260305_089",2026-03-05,"CDLT","TS4",2,"CDLT_TS4_2",2.5,"L",28.29552,1.44883253410143e-07,22
"20260305_089",2026-03-05,"CDLT","TS4",2,"CDLT_TS4_2",2.5,"T",179.61504,1.07551594461305e-06,22
"20260305_090",2026-03-05,"CDPT","TS4",2,"CDPT_TS4_2",2.5,"C",0,0,22
"20260305_090",2026-03-05,"CDPT","TS4",2,"CDPT_TS4_2",2.5,"D",25.63,3.93460740900221e-07,22
"20260305_090",2026-03-05,"CDPT","TS4",2,"CDPT_TS4_2",2.5,"P",399.828,3.63659994336569e-05,22
"20260305_090",2026-03-05,"CDPT","TS4",2,"CDPT_TS4_2",2.5,"T",143.528,6.40037195446965e-07,22
"20260305_091",2026-03-05,"CLT","TS4",1,"CLT_TS4_1",2.5,"C",50.43984,1.40362092210961e-06,22
"20260305_091",2026-03-05,"CLT","TS4",1,"CLT_TS4_1",2.5,"L",0,0,22
"20260305_091",2026-03-05,"CLT","TS4",1,"CLT_TS4_1",2.5,"T",96.16376,8.42565608095997e-07,22
"20260305_092",2026-03-05,"LP","TS4",3,"LP_TS4_3",2.5,"L",41.41808,8.55374505702127e-07,22
"20260305_092",2026-03-05,"LP","TS4",3,"LP_TS4_3",2.5,"P",508.90928,3.76691875124114e-05,22
"20260305_093",2026-03-05,"CLT","TS4",3,"CLT_TS4_3",2.5,"C",25.63,9.52622711719433e-08,22
"20260305_093",2026-03-05,"CLT","TS4",3,"CLT_TS4_3",2.5,"L",25.63,2.0567086423348e-07,22
"20260305_093",2026-03-05,"CLT","TS4",3,"CLT_TS4_3",2.5,"T",25.63,4.4129605442009e-08,22
"20260305_094",2026-03-05,"CDLP","TS4",2,"CDLP_TS4_2",2.5,"C",25.63,2.09311376739311e-06,22
"20260305_094",2026-03-05,"CDLP","TS4",2,"CDLP_TS4_2",2.5,"D",105.5956,8.55675334929918e-07,22
"20260305_094",2026-03-05,"CDLP","TS4",2,"CDLP_TS4_2",2.5,"L",58.64144,4.04021280430524e-07,22
"20260305_094",2026-03-05,"CDLP","TS4",2,"CDLP_TS4_2",2.5,"P",480.8188,5.78985305498672e-05,22
"20260305_095",2026-03-05,"LP","TS4",2,"LP_TS4_2",2.5,"L",0,0,22
"20260305_095",2026-03-05,"LP","TS4",2,"LP_TS4_2",2.5,"P",481.63896,3.39011743650848e-05,22
"20260305_096",2026-03-05,"CDLT","TS4",3,"CDLT_TS4_3",2.5,"C",0,0,22
"20260305_096",2026-03-05,"CDLT","TS4",3,"CDLT_TS4_3",2.5,"D",31.7812,3.25173246880662e-07,22
"20260305_096",2026-03-05,"CDLT","TS4",3,"CDLT_TS4_3",2.5,"L",25.63,3.44647539790893e-08,22
"20260305_096",2026-03-05,"CDLT","TS4",3,"CDLT_TS4_3",2.5,"T",214.2668,1.66368438072816e-06,22
"20260305_097",2026-03-05,"LP","TS4",1,"LP_TS4_1",2.5,"L",0,0,22
"20260305_097",2026-03-05,"LP","TS4",1,"LP_TS4_1",2.5,"P",505.21856,4.63984362074979e-05,22
"20260305_098",2026-03-05,"CDLT","TS4",1,"CDLT_TS4_1",2.5,"C",41.21304,3.77776520627266e-07,22
"20260305_098",2026-03-05,"CDLT","TS4",1,"CDLT_TS4_1",2.5,"D",69.09848,2.88696779610485e-07,22
"20260305_098",2026-03-05,"CDLT","TS4",1,"CDLT_TS4_1",2.5,"L",88.37224,9.04510504922063e-07,22
"20260305_098",2026-03-05,"CDLT","TS4",1,"CDLT_TS4_1",2.5,"T",184.12592,1.17420533568987e-06,22
"20260305_099",2026-03-05,"CDLP","TS4",1,"CDLP_TS4_1",2.5,"C",35.3694,3.98491066428093e-07,22
"20260305_099",2026-03-05,"CDLP","TS4",1,"CDLP_TS4_1",2.5,"D",25.63,4.17245235088652e-06,22
"20260305_099",2026-03-05,"CDLP","TS4",1,"CDLP_TS4_1",2.5,"L",71.55896,4.76476274534121e-07,22
"20260305_099",2026-03-05,"CDLP","TS4",1,"CDLP_TS4_1",2.5,"P",273.7284,2.75628506568456e-05,22
"20260305_100",2026-03-05,"DPT","TS4",1,"DPT_TS4_1",2.5,"D",25.63,2.67853167888611e-08,22
"20260305_100",2026-03-05,"DPT","TS4",1,"DPT_TS4_1",2.5,"P",569.39608,5.17503719329931e-05,22
"20260305_100",2026-03-05,"DPT","TS4",1,"DPT_TS4_1",2.5,"T",185.15112,8.92982550782795e-07,22
"20260305_101",2026-03-05,"LT","TS4",1,"LT_TS4_1",2.5,"L",72.17408,6.28816843802323e-07,22
"20260305_101",2026-03-05,"LT","TS4",1,"LT_TS4_1",2.5,"T",893.15424,1.01612586976708e-05,22
"20260305_102",2026-03-05,"CDPT","TS4",3,"CDPT_TS4_3",2.5,"C",50.43984,1.38967580741774e-06,22
"20260305_102",2026-03-05,"CDPT","TS4",3,"CDPT_TS4_3",2.5,"D",0,0,22
"20260305_102",2026-03-05,"CDPT","TS4",3,"CDPT_TS4_3",2.5,"P",478.35832,3.81951751898748e-05,22
"20260305_102",2026-03-05,"CDPT","TS4",3,"CDPT_TS4_3",2.5,"T",109.49136,5.36989161131856e-07,22
"20260305_103",2026-03-05,"LPT","TS4",1,"LPT_TS4_1",2.5,"L",0,0,22
"20260305_103",2026-03-05,"LPT","TS4",1,"LPT_TS4_1",2.5,"P",512.6,4.222576611833e-05,22
"20260305_103",2026-03-05,"LPT","TS4",1,"LPT_TS4_1",2.5,"T",78.53032,2.30244098074035e-06,22
"20260305_104",2026-03-05,"LT","TS4",3,"LT_TS4_3",2.5,"L",142.29776,1.56214950326598e-06,22
"20260305_104",2026-03-05,"LT","TS4",3,"LT_TS4_3",2.5,"T",865.2688,8.5929160936853e-06,22
"20260305_105",2026-03-05,"LT","TS4",2,"LT_TS4_2",2.5,"L",43.87856,5.36851250299333e-07,22
"20260305_105",2026-03-05,"LT","TS4",2,"LT_TS4_2",2.5,"T",491.0708,4.81726359951619e-06,22
"20260305_106",2026-03-05,"CLT","TS4",2,"CLT_TS4_2",2.5,"C",25.63,9.4055588008922e-07,22
"20260305_106",2026-03-05,"CLT","TS4",2,"CLT_TS4_2",2.5,"L",0,0,22
"20260305_106",2026-03-05,"CLT","TS4",2,"CLT_TS4_2",2.5,"T",76.89,7.42945858119731e-07,22
"20260305_107",2026-03-05,"LPT","TS4",2,"LPT_TS4_2",2.5,"L",25.63,1.53480940950068e-07,22
"20260305_107",2026-03-05,"LPT","TS4",2,"LPT_TS4_2",2.5,"P",487.58512,4.82837022696697e-05,22
"20260305_107",2026-03-05,"LPT","TS4",2,"LPT_TS4_2",2.5,"T",25.63,1.66511051154872e-06,22
"20260305_108",2026-03-05,"LPT","TS4",3,"LPT_TS4_3",2.5,"L",0,0,22
"20260305_108",2026-03-05,"LPT","TS4",3,"LPT_TS4_3",2.5,"P",522.03184,5.70023574555364e-05,22
"20260305_108",2026-03-05,"LPT","TS4",3,"LPT_TS4_3",2.5,"T",65.40776,4.37167972928816e-06,22
"20260306_001",2026-03-06,"DLPT","TS1",3,"DLPT_TS1_3",2.5,"D",25.63,4.12846301722615e-07,23
"20260306_001",2026-03-06,"DLPT","TS1",3,"DLPT_TS1_3",2.5,"L",25.63,2.58177145268908e-07,23
"20260306_001",2026-03-06,"DLPT","TS1",3,"DLPT_TS1_3",2.5,"P",398.39272,4.43072086943416e-05,23
"20260306_001",2026-03-06,"DLPT","TS1",3,"DLPT_TS1_3",2.5,"T",25.63,9.02440639736696e-08,23
"20260306_002",2026-03-06,"LPT","TS1",1,"LPT_TS1_1",2.5,"L",25.63,6.82462879848593e-09,23
"20260306_002",2026-03-06,"LPT","TS1",1,"LPT_TS1_1",2.5,"P",528.59312,6.36416760147153e-05,23
"20260306_002",2026-03-06,"LPT","TS1",1,"LPT_TS1_1",2.5,"T",79.14544,3.92445319123292e-06,23
"20260306_003",2026-03-06,"DLPT","TS1",2,"DLPT_TS1_2",2.5,"D",0,0,23
"20260306_003",2026-03-06,"DLPT","TS1",2,"DLPT_TS1_2",2.5,"L",25.63,2.36464842125769e-08,23
"20260306_003",2026-03-06,"DLPT","TS1",2,"DLPT_TS1_2",2.5,"P",535.76952,5.69249984057992e-05,23
"20260306_003",2026-03-06,"DLPT","TS1",2,"DLPT_TS1_2",2.5,"T",43.0584,2.23220663648319e-07,23
"20260306_004",2026-03-06,"CD","TS1",3,"CD_TS1_3",2.5,"C",0,0,23
"20260306_004",2026-03-06,"CD","TS1",3,"CD_TS1_3",2.5,"D",0,0,23
"20260306_005",2026-03-06,"CLT","TS1",1,"CLT_TS1_1",2.5,"C",329.0892,9.18009199466582e-06,23
"20260306_005",2026-03-06,"CLT","TS1",1,"CLT_TS1_1",2.5,"L",53.3104,2.33065038299939e-07,23
"20260306_005",2026-03-06,"CLT","TS1",1,"CLT_TS1_1",2.5,"T",173.46384,2.92983981038151e-06,23
"20260306_006",2026-03-06,"DPT","TS1",3,"DPT_TS1_3",2.5,"D",0,0,23
"20260306_006",2026-03-06,"DPT","TS1",3,"DPT_TS1_3",2.5,"P",350.00328,5.02336676021647e-05,23
"20260306_006",2026-03-06,"DPT","TS1",3,"DPT_TS1_3",2.5,"T",0,0,23
"20260306_007",2026-03-06,"CLT","TS1",2,"CLT_TS1_2",2.5,"C",0,0,23
"20260306_007",2026-03-06,"CLT","TS1",2,"CLT_TS1_2",2.5,"L",0,0,23
"20260306_007",2026-03-06,"CLT","TS1",2,"CLT_TS1_2",2.5,"T",25.63,3.29582417338194e-07,23
"20260306_008",2026-03-06,"CDLP","TS1",2,"CDLP_TS1_2",2.5,"C",25.63,1.54487303618612e-06,23
"20260306_008",2026-03-06,"CDLP","TS1",2,"CDLP_TS1_2",2.5,"D",0,0,23
"20260306_008",2026-03-06,"CDLP","TS1",2,"CDLP_TS1_2",2.5,"L",0,0,23
"20260306_008",2026-03-06,"CDLP","TS1",2,"CDLP_TS1_2",2.5,"P",478.56336,4.56268724237096e-05,23
"20260306_009",2026-03-06,"PT","TS1",1,"PT_TS1_1",2.5,"P",444.32168,3.49213914340859e-05,23
"20260306_009",2026-03-06,"PT","TS1",1,"PT_TS1_1",2.5,"T",56.18096,4.43522076787039e-07,23
"20260306_010",2026-03-06,"LPT","TS1",2,"LPT_TS1_2",2.5,"L",25.63,6.15629575966238e-07,23
"20260306_010",2026-03-06,"LPT","TS1",2,"LPT_TS1_2",2.5,"P",355.12928,3.92816379078972e-05,23
"20260306_010",2026-03-06,"LPT","TS1",2,"LPT_TS1_2",2.5,"T",45.72392,3.77282060593871e-06,23
"20260306_011",2026-03-06,"CDLT","TS1",3,"CDLT_TS1_3",2.5,"C",0,0,23
"20260306_011",2026-03-06,"CDLT","TS1",3,"CDLT_TS1_3",2.5,"D",0,0,23
"20260306_011",2026-03-06,"CDLT","TS1",3,"CDLT_TS1_3",2.5,"L",31.57616,3.59626208163793e-07,23
"20260306_011",2026-03-06,"CDLT","TS1",3,"CDLT_TS1_3",2.5,"T",36.9917525773196,2.67212873340189e-07,23
"20260306_012",2026-03-06,"DLPT","TS1",1,"DLPT_TS1_1",2.5,"D",0,0,23
"20260306_012",2026-03-06,"DLPT","TS1",1,"DLPT_TS1_1",2.5,"L",0,0,23
"20260306_012",2026-03-06,"DLPT","TS1",1,"DLPT_TS1_1",2.5,"P",428.12352,5.13477591544165e-05,23
"20260306_012",2026-03-06,"DLPT","TS1",1,"DLPT_TS1_1",2.5,"T",82.42608,8.05483588057535e-07,23
"20260306_013",2026-03-06,"LT","TS1",3,"LT_TS1_3",2.5,"L",25.63,1.07674438005644e-07,23
"20260306_013",2026-03-06,"LT","TS1",3,"LT_TS1_3",2.5,"T",61.10192,2.9941544815602e-07,23
"20260306_014",2026-03-06,"CDLT","TS1",2,"CDLT_TS1_2",2.5,"C",0,0,23
"20260306_014",2026-03-06,"CDLT","TS1",2,"CDLT_TS1_2",2.5,"D",0,0,23
"20260306_014",2026-03-06,"CDLT","TS1",2,"CDLT_TS1_2",2.5,"L",0,0,23
"20260306_014",2026-03-06,"CDLT","TS1",2,"CDLT_TS1_2",2.5,"T",25.63,1.93102695398482e-07,23
"20260306_015",2026-03-06,"LT","TS1",2,"LT_TS1_2",2.5,"L",0,0,23
"20260306_015",2026-03-06,"LT","TS1",2,"LT_TS1_2",2.5,"T",197.45352,9.81305951651733e-07,23
"20260306_016",2026-03-06,"CDLT","TS1",1,"CDLT_TS1_1",2.5,"C",0,0,23
"20260306_016",2026-03-06,"CDLT","TS1",1,"CDLT_TS1_1",2.5,"D",0,0,23
"20260306_016",2026-03-06,"CDLT","TS1",1,"CDLT_TS1_1",2.5,"L",0,0,23
"20260306_016",2026-03-06,"CDLT","TS1",1,"CDLT_TS1_1",2.5,"T",0,0,23
"20260306_017",2026-03-06,"DPT","TS1",1,"DPT_TS1_1",2.5,"D",0,0,23
"20260306_017",2026-03-06,"DPT","TS1",1,"DPT_TS1_1",2.5,"P",320.68256,2.93638280864963e-05,23
"20260306_017",2026-03-06,"DPT","TS1",1,"DPT_TS1_1",2.5,"T",0,0,23
"20260306_018",2026-03-06,"DPT","TS1",2,"DPT_TS1_2",2.5,"D",0,0,23
"20260306_018",2026-03-06,"DPT","TS1",2,"DPT_TS1_2",2.5,"P",396.7524,4.09559903192964e-05,23
"20260306_018",2026-03-06,"DPT","TS1",2,"DPT_TS1_2",2.5,"T",25.63,1.93129475845107e-07,23
"20260306_019",2026-03-06,"PT","TS1",3,"PT_TS1_3",2.5,"P",222.4684,2.47766054578178e-05,23
"20260306_019",2026-03-06,"PT","TS1",3,"PT_TS1_3",2.5,"T",0,0,23
"20260306_020",2026-03-06,"CDLP","TS1",1,"CDLP_TS1_1",2.5,"C",42.44328,3.75126714236905e-06,23
"20260306_020",2026-03-06,"CDLP","TS1",1,"CDLP_TS1_1",2.5,"D",25.63,2.99601869731433e-07,23
"20260306_020",2026-03-06,"CDLP","TS1",1,"CDLP_TS1_1",2.5,"L",0,0,23
"20260306_020",2026-03-06,"CDLP","TS1",1,"CDLP_TS1_1",2.5,"P",344.87728,2.75686132152417e-05,23
"20260306_021",2026-03-06,"CDLP","TS1",3,"CDLP_TS1_3",2.5,"C",0,0,23
"20260306_021",2026-03-06,"CDLP","TS1",3,"CDLP_TS1_3",2.5,"D",0,0,23
"20260306_021",2026-03-06,"CDLP","TS1",3,"CDLP_TS1_3",2.5,"L",0,0,23
"20260306_021",2026-03-06,"CDLP","TS1",3,"CDLP_TS1_3",2.5,"P",414.59088,3.92062490400277e-05,23
"20260306_022",2026-03-06,"CD","TS1",1,"CD_TS1_1",2.5,"C",0,0,23
"20260306_022",2026-03-06,"CD","TS1",1,"CD_TS1_1",2.5,"D",0,0,23
"20260306_023",2026-03-06,"LPT","TS1",3,"LPT_TS1_3",2.5,"L",0,0,23
"20260306_023",2026-03-06,"LPT","TS1",3,"LPT_TS1_3",2.5,"P",532.28384,3.96185302925151e-05,23
"20260306_023",2026-03-06,"LPT","TS1",3,"LPT_TS1_3",2.5,"T",25.63,9.30744381804204e-08,23
"20260306_024",2026-03-06,"LT","TS1",1,"LT_TS1_1",2.5,"L",25.63,9.04524518432762e-08,23
"20260306_024",2026-03-06,"LT","TS1",1,"LT_TS1_1",2.5,"T",132.66088,1.21337994083273e-06,23
"20260306_025",2026-03-06,"CLT","TS1",3,"CLT_TS1_3",2.5,"C",0,0,23
"20260306_025",2026-03-06,"CLT","TS1",3,"CLT_TS1_3",2.5,"L",25.63,2.92934001152707e-07,23
"20260306_025",2026-03-06,"CLT","TS1",3,"CLT_TS1_3",2.5,"T",25.63,1.35515833222261e-07,23
"20260306_026",2026-03-06,"CD","TS1",2,"CD_TS1_2",2.5,"C",0,0,23
"20260306_026",2026-03-06,"CD","TS1",2,"CD_TS1_2",2.5,"D",25.63,8.79105373501674e-08,23
"20260306_027",2026-03-06,"PT","TS1",2,"PT_TS1_2",2.5,"P",390.19112,3.86700877316617e-05,23
"20260306_027",2026-03-06,"PT","TS1",2,"PT_TS1_2",2.5,"T",62.33216,5.41622977788108e-07,23
"20260306_028",2026-03-06,"CLT","TS2",1,"CLT_TS2_1",2.5,"C",25.63,2.2430453957045e-07,23
"20260306_028",2026-03-06,"CLT","TS2",1,"CLT_TS2_1",2.5,"L",51.26,9.2315909415513e-07,23
"20260306_028",2026-03-06,"CLT","TS2",1,"CLT_TS2_1",2.5,"T",0,0,23
"20260306_029",2026-03-06,"CP","TS2",1,"CP_TS2_1",2.5,"C",25.63,1.2437989306567e-06,23
"20260306_029",2026-03-06,"CP","TS2",1,"CP_TS2_1",2.5,"P",206.47528,2.21418857011325e-05,23
"20260306_030",2026-03-06,"CDPT","TS2",1,"CDPT_TS2_1",2.5,"C",25.63,1.86371103221677e-06,23
"20260306_030",2026-03-06,"CDPT","TS2",1,"CDPT_TS2_1",2.5,"D",0,0,23
"20260306_030",2026-03-06,"CDPT","TS2",1,"CDPT_TS2_1",2.5,"P",371.94256,2.90404246554565e-05,23
"20260306_030",2026-03-06,"CDPT","TS2",1,"CDPT_TS2_1",2.5,"T",0,0,23
"20260306_031",2026-03-06,"CDPT","TS2",3,"CDPT_TS2_3",2.5,"C",25.63,3.90114181418677e-07,23
"20260306_031",2026-03-06,"CDPT","TS2",3,"CDPT_TS2_3",2.5,"D",0,0,23
"20260306_031",2026-03-06,"CDPT","TS2",3,"CDPT_TS2_3",2.5,"P",499.47744,3.77344194117123e-05,23
"20260306_031",2026-03-06,"CDPT","TS2",3,"CDPT_TS2_3",2.5,"T",0,0,23
"20260306_032",2026-03-06,"LT","TS2",3,"LT_TS2_3",2.5,"L",50.43984,9.26023065313505e-07,23
"20260306_032",2026-03-06,"LT","TS2",3,"LT_TS2_3",2.5,"T",265.93688,3.37521985615705e-06,23
"20260306_033",2026-03-06,"PT","TS2",3,"PT_TS2_3",2.5,"P",355.7444,2.00875543168298e-05,23
"20260306_033",2026-03-06,"PT","TS2",3,"PT_TS2_3",2.5,"T",31.39675,8.42091246848768e-08,23
"20260306_034",2026-03-06,"DPT","TS2",3,"DPT_TS2_3",2.5,"D",0,0,23
"20260306_034",2026-03-06,"DPT","TS2",3,"DPT_TS2_3",2.5,"P",272.08808,3.05037538196681e-05,23
"20260306_034",2026-03-06,"DPT","TS2",3,"DPT_TS2_3",2.5,"T",66.43296,5.99522375509226e-07,23
"20260306_035",2026-03-06,"PT","TS2",1,"PT_TS2_1",2.5,"P",422.17736,3.3011871562855e-05,23
"20260306_035",2026-03-06,"PT","TS2",1,"PT_TS2_1",2.5,"T",31.7812,2.32863157242418e-06,23
"20260306_036",2026-03-06,"CDLT","TS2",3,"CDLT_TS2_3",2.5,"C",25.63,3.34305216759156e-07,23
"20260306_036",2026-03-06,"CDLT","TS2",3,"CDLT_TS2_3",2.5,"D",0,0,23
"20260306_036",2026-03-06,"CDLT","TS2",3,"CDLT_TS2_3",2.5,"L",0,0,23
"20260306_036",2026-03-06,"CDLT","TS2",3,"CDLT_TS2_3",2.5,"T",43.87856,5.84860625480952e-07,23
"20260306_037",2026-03-06,"CDLP","TS2",2,"CDLP_TS2_2",2.5,"C",0,0,23
"20260306_037",2026-03-06,"CDLP","TS2",2,"CDLP_TS2_2",2.5,"D",50.64488,1.6936987850501e-06,23
"20260306_037",2026-03-06,"CDLP","TS2",2,"CDLP_TS2_2",2.5,"L",0,0,23
"20260306_037",2026-03-06,"CDLP","TS2",2,"CDLP_TS2_2",2.5,"P",305.71464,2.63610326359754e-05,23
"20260306_038",2026-03-06,"CDLT","TS2",2,"CDLT_TS2_2",2.5,"C",50.64488,4.71557648850033e-07,23
"20260306_038",2026-03-06,"CDLT","TS2",2,"CDLT_TS2_2",2.5,"D",0,0,23
"20260306_038",2026-03-06,"CDLT","TS2",2,"CDLT_TS2_2",2.5,"L",25.63,2.07386458299322e-07,23
"20260306_038",2026-03-06,"CDLT","TS2",2,"CDLT_TS2_2",2.5,"T",164.64712,8.76851137878527e-07,23
"20260306_039",2026-03-06,"CDPT","TS2",2,"CDPT_TS2_2",2.5,"C",25.63,6.07990478626087e-07,23
"20260306_039",2026-03-06,"CDPT","TS2",2,"CDPT_TS2_2",2.5,"D",0,0,23
"20260306_039",2026-03-06,"CDPT","TS2",2,"CDPT_TS2_2",2.5,"P",362.71576,3.04753434050933e-05,23
"20260306_039",2026-03-06,"CDPT","TS2",2,"CDPT_TS2_2",2.5,"T",41.41808,5.4364961773018e-07,23
"20260306_040",2026-03-06,"CLT","TS2",3,"CLT_TS2_3",2.5,"C",0,0,23
"20260306_040",2026-03-06,"CLT","TS2",3,"CLT_TS2_3",2.5,"L",0,0,23
"20260306_040",2026-03-06,"CLT","TS2",3,"CLT_TS2_3",2.5,"T",0,0,23
"20260306_041",2026-03-06,"PT","TS2",2,"PT_TS2_2",2.5,"P",488.81536,4.60511700404374e-05,23
"20260306_041",2026-03-06,"PT","TS2",2,"PT_TS2_2",2.5,"T",26.5240697674419,8.17180930425776e-07,23
"20260306_042",2026-03-06,"DLP","TS2",3,"DLP_TS2_3",2.5,"D",25.63,3.63202196396664e-08,23
"20260306_042",2026-03-06,"DLP","TS2",3,"DLP_TS2_3",2.5,"L",0,0,23
"20260306_042",2026-03-06,"DLP","TS2",3,"DLP_TS2_3",2.5,"P",501.93792,6.32940366998346e-05,23
"20260306_043",2026-03-06,"CDLP","TS2",1,"CDLP_TS2_1",2.5,"C",0,0,23
"20260306_043",2026-03-06,"CDLP","TS2",1,"CDLP_TS2_1",2.5,"D",0,0,23
"20260306_043",2026-03-06,"CDLP","TS2",1,"CDLP_TS2_1",2.5,"L",25.63,4.92246607994208e-08,23
"20260306_043",2026-03-06,"CDLP","TS2",1,"CDLP_TS2_1",2.5,"P",187.20152,1.815584116301e-05,23
"20260306_044",2026-03-06,"LT","TS2",2,"LT_TS2_2",2.5,"L",43.0584,1.85620876272205e-07,23
"20260306_044",2026-03-06,"LT","TS2",2,"LT_TS2_2",2.5,"T",478.7684,6.29904618143379e-06,23
"20260306_045",2026-03-06,"CLT","TS2",2,"CLT_TS2_2",2.5,"C",410.08,9.91269009890329e-06,23
"20260306_045",2026-03-06,"CLT","TS2",2,"CLT_TS2_2",2.5,"L",47.1592,6.55003593907047e-07,23
"20260306_045",2026-03-06,"CLT","TS2",2,"CLT_TS2_2",2.5,"T",394.702,5.45428812987555e-06,23
"20260306_046",2026-03-06,"DPT","TS2",1,"DPT_TS2_1",2.5,"D",73.19928,2.90634430286127e-06,23
"20260306_046",2026-03-06,"DPT","TS2",1,"DPT_TS2_1",2.5,"P",387.11552,3.97857308844243e-05,23
"20260306_046",2026-03-06,"DPT","TS2",1,"DPT_TS2_1",2.5,"T",58.4364,3.49842804842056e-06,23
"20260306_047",2026-03-06,"DLP","TS2",2,"DLP_TS2_2",2.5,"D",25.63,5.81496815639909e-07,23
"20260306_047",2026-03-06,"DLP","TS2",2,"DLP_TS2_2",2.5,"L",0,0,23
"20260306_047",2026-03-06,"DLP","TS2",2,"DLP_TS2_2",2.5,"P",320.06744,3.64959525022838e-05,23
"20260306_048",2026-03-06,"DPT","TS2",2,"DPT_TS2_2",2.5,"D",0,0,23
"20260306_048",2026-03-06,"DPT","TS2",2,"DPT_TS2_2",2.5,"P",289.92656,2.555786688055e-05,23
"20260306_048",2026-03-06,"DPT","TS2",2,"DPT_TS2_2",2.5,"T",51.26,1.00496019870653e-06,23
"20260306_049",2026-03-06,"CP","TS2",3,"CP_TS2_3",2.5,"C",0,0,23
"20260306_049",2026-03-06,"CP","TS2",3,"CP_TS2_3",2.5,"P",427.91848,3.39939697741333e-05,23
"20260306_050",2026-03-06,"CP","TS2",2,"CP_TS2_2",2.5,"C",86.52688,6.81925432231169e-06,23
"20260306_050",2026-03-06,"CP","TS2",2,"CP_TS2_2",2.5,"P",492.096,3.58365315833346e-05,23
"20260306_051",2026-03-06,"CDLT","TS2",1,"CDLT_TS2_1",2.5,"C",25.63,5.56056927074519e-07,23
"20260306_051",2026-03-06,"CDLT","TS2",1,"CDLT_TS2_1",2.5,"D",0,0,23
"20260306_051",2026-03-06,"CDLT","TS2",1,"CDLT_TS2_1",2.5,"L",87.142,8.21178022559371e-07,23
"20260306_051",2026-03-06,"CDLT","TS2",1,"CDLT_TS2_1",2.5,"T",174.69408,1.42034363719637e-06,23
"20260306_052",2026-03-06,"CDLP","TS2",3,"CDLP_TS2_3",2.5,"C",31.57616,4.38126355701867e-06,23
"20260306_052",2026-03-06,"CDLP","TS2",3,"CDLP_TS2_3",2.5,"D",0,0,23
"20260306_052",2026-03-06,"CDLP","TS2",3,"CDLP_TS2_3",2.5,"L",51.26,1.0774144555766e-06,23
"20260306_052",2026-03-06,"CDLP","TS2",3,"CDLP_TS2_3",2.5,"P",237.23128,2.46064284711276e-05,23
"20260306_053",2026-03-06,"DLP","TS2",1,"DLP_TS2_1",2.5,"D",69.91864,5.06013569956168e-07,23
"20260306_053",2026-03-06,"DLP","TS2",1,"DLP_TS2_1",2.5,"L",81.40088,7.25123812558183e-07,23
"20260306_053",2026-03-06,"DLP","TS2",1,"DLP_TS2_1",2.5,"P",307.14992,3.85710438506994e-05,23
"20260306_054",2026-03-06,"LT","TS2",1,"LT_TS2_1",2.5,"L",25.63,1.36796354673905e-07,23
"20260306_054",2026-03-06,"LT","TS2",1,"LT_TS2_1",2.5,"T",256.50504,2.6773275808118e-06,23
"20260306_055",2026-03-06,"CDLP","TS3",3,"CDLP_TS3_3",2.5,"C",25.63,3.61702783247552e-07,23
"20260306_055",2026-03-06,"CDLP","TS3",3,"CDLP_TS3_3",2.5,"D",119.9484,4.95535540908173e-06,23
"20260306_055",2026-03-06,"CDLP","TS3",3,"CDLP_TS3_3",2.5,"L",25.63,1.06650537884362e-08,23
"20260306_055",2026-03-06,"CDLP","TS3",3,"CDLP_TS3_3",2.5,"P",473.02728,4.29698854392381e-05,23
"20260306_056",2026-03-06,"CDPT","TS3",2,"CDPT_TS3_2",2.5,"C",33.42152,1.82019515774897e-06,23
"20260306_056",2026-03-06,"CDPT","TS3",2,"CDPT_TS3_2",2.5,"D",0,0,23
"20260306_056",2026-03-06,"CDPT","TS3",2,"CDPT_TS3_2",2.5,"P",364.15104,4.46471513908798e-05,23
"20260306_056",2026-03-06,"CDPT","TS3",2,"CDPT_TS3_2",2.5,"T",100.05952,7.44667478418082e-07,23
"20260306_057",2026-03-06,"CDLT","TS3",2,"CDLT_TS3_2",2.5,"C",0,0,23
"20260306_057",2026-03-06,"CDLT","TS3",2,"CDLT_TS3_2",2.5,"D",25.63,7.61177984958031e-08,23
"20260306_057",2026-03-06,"CDLT","TS3",2,"CDLT_TS3_2",2.5,"L",25.63,6.09098454813176e-09,23
"20260306_057",2026-03-06,"CDLT","TS3",2,"CDLT_TS3_2",2.5,"T",224.72384,1.28092255536644e-06,23
"20260306_058",2026-03-06,"LT","TS3",1,"LT_TS3_1",2.5,"L",55.97592,5.36575547257387e-07,23
"20260306_058",2026-03-06,"LT","TS3",1,"LT_TS3_1",2.5,"T",817.0844,1.31587035952129e-05,23
"20260306_059",2026-03-06,"LT","TS3",3,"LT_TS3_3",2.5,"L",34.03664,3.10398857748018e-07,23
"20260306_059",2026-03-06,"LT","TS3",3,"LT_TS3_3",2.5,"T",654.89776,8.30560479507038e-06,23
"20260306_060",2026-03-06,"CDLT","TS3",1,"CDLT_TS3_1",2.5,"C",0,0,23
"20260306_060",2026-03-06,"CDLT","TS3",1,"CDLT_TS3_1",2.5,"D",25.63,1.92266165968135e-07,23
"20260306_060",2026-03-06,"CDLT","TS3",1,"CDLT_TS3_1",2.5,"L",66.02288,6.2051878251001e-07,23
"20260306_060",2026-03-06,"CDLT","TS3",1,"CDLT_TS3_1",2.5,"T",436.53016,2.51033670904632e-06,23
"20260306_061",2026-03-06,"DLP","TS3",1,"DLP_TS3_1",2.5,"D",60.4868,6.17532034302998e-07,23
"20260306_061",2026-03-06,"DLP","TS3",1,"DLP_TS3_1",2.5,"L",67.04808,2.9277726544001e-07,23
"20260306_061",2026-03-06,"DLP","TS3",1,"DLP_TS3_1",2.5,"P",628.85768,4.77301785906753e-05,23
"20260306_062",2026-03-06,"DLP","TS3",2,"DLP_TS3_2",2.5,"D",224.5188,2.77340176209479e-06,23
"20260306_062",2026-03-06,"DLP","TS3",2,"DLP_TS3_2",2.5,"L",25.63,1.32515902107295e-08,23
"20260306_062",2026-03-06,"DLP","TS3",2,"DLP_TS3_2",2.5,"P",631.31816,5.72231940062627e-05,23
"20260306_063",2026-03-06,"DLP","TS3",3,"DLP_TS3_3",2.5,"D",76.47992,5.33586261620358e-07,23
"20260306_063",2026-03-06,"DLP","TS3",3,"DLP_TS3_3",2.5,"L",35.0726315789474,1.17491119659601e-07,23
"20260306_063",2026-03-06,"DLP","TS3",3,"DLP_TS3_3",2.5,"P",393.06168,3.42573104239374e-05,23
"20260306_064",2026-03-06,"DPT","TS3",2,"DPT_TS3_2",2.5,"D",25.63,1.95231485690569e-08,23
"20260306_064",2026-03-06,"DPT","TS3",2,"DPT_TS3_2",2.5,"P",707.79808,7.23903178543721e-05,23
"20260306_064",2026-03-06,"DPT","TS3",2,"DPT_TS3_2",2.5,"T",396.54736,2.58984751524797e-06,23
"20260306_065",2026-03-06,"CD","TS3",2,"CD_TS3_2",2.5,"C",100.26456,1.42116930003255e-06,23
"20260306_065",2026-03-06,"CD","TS3",2,"CD_TS3_2",2.5,"D",442.8864,2.32002981732153e-06,23
"20260306_066",2026-03-06,"CDLP","TS3",1,"CDLP_TS3_1",2.5,"C",0,0,23
"20260306_066",2026-03-06,"CDLP","TS3",1,"CDLP_TS3_1",2.5,"D",95.13856,6.66432291560288e-07,23
"20260306_066",2026-03-06,"CDLP","TS3",1,"CDLP_TS3_1",2.5,"L",94.72848,1.46173886742625e-06,23
"20260306_066",2026-03-06,"CDLP","TS3",1,"CDLP_TS3_1",2.5,"P",506.4488,4.22726556964082e-05,23
"20260306_067",2026-03-06,"CLT","TS3",1,"CLT_TS3_1",2.5,"C",25.63,4.99563094610889e-07,23
"20260306_067",2026-03-06,"CLT","TS3",1,"CLT_TS3_1",2.5,"L",25.63,5.04843772813116e-08,23
"20260306_067",2026-03-06,"CLT","TS3",1,"CLT_TS3_1",2.5,"T",25.63,1.44257137630081e-07,23
"20260306_068",2026-03-06,"CDLP","TS3",2,"CDLP_TS3_2",2.5,"C",34.44672,1.9533117037044e-06,23
"20260306_068",2026-03-06,"CDLP","TS3",2,"CDLP_TS3_2",2.5,"D",88.37224,1.45773704498535e-06,23
"20260306_068",2026-03-06,"CDLP","TS3",2,"CDLP_TS3_2",2.5,"L",77.71016,4.03696814869232e-06,23
"20260306_068",2026-03-06,"CDLP","TS3",2,"CDLP_TS3_2",2.5,"P",424.84288,3.43232492134239e-05,23
"20260306_069",2026-03-06,"PT","TS3",3,"PT_TS3_3",2.5,"P",573.70192,3.78570616167438e-05,23
"20260306_069",2026-03-06,"PT","TS3",3,"PT_TS3_3",2.5,"T",135.12136,2.40870231221834e-06,23
"20260306_070",2026-03-06,"CD","TS3",3,"CD_TS3_3",2.5,"C",56.386,1.37242380123599e-06,23
"20260306_070",2026-03-06,"CD","TS3",3,"CD_TS3_3",2.5,"D",755.98248,4.16687786258088e-06,23
"20260306_071",2026-03-06,"CDLT","TS3",3,"CDLT_TS3_3",2.5,"C",25.63,2.20236358858658e-07,23
"20260306_071",2026-03-06,"CDLT","TS3",3,"CDLT_TS3_3",2.5,"D",29.11568,2.09074589372702e-07,23
"20260306_071",2026-03-06,"CDLT","TS3",3,"CDLT_TS3_3",2.5,"L",34.873606557377,1.85396426436383e-07,23
"20260306_071",2026-03-06,"CDLT","TS3",3,"CDLT_TS3_3",2.5,"T",344.26216,2.29179241253629e-06,23
"20260306_072",2026-03-06,"DPT","TS3",3,"DPT_TS3_3",2.5,"D",104.16032,4.03996768957115e-06,23
"20260306_072",2026-03-06,"DPT","TS3",3,"DPT_TS3_3",2.5,"P",435.50496,4.85029976353258e-05,23
"20260306_072",2026-03-06,"DPT","TS3",3,"DPT_TS3_3",2.5,"T",312.48096,1.64955594052498e-06,23
"20260306_073",2026-03-06,"CLT","TS3",3,"CLT_TS3_3",2.5,"C",25.63,1.84868445008025e-07,23
"20260306_073",2026-03-06,"CLT","TS3",3,"CLT_TS3_3",2.5,"L",25.63,6.91686507067234e-07,23
"20260306_073",2026-03-06,"CLT","TS3",3,"CLT_TS3_3",2.5,"T",59.25656,8.90747163812699e-07,23
"20260306_074",2026-03-06,"CD","TS3",1,"CD_TS3_1",2.5,"C",82.016,3.8123832477985e-07,23
"20260306_074",2026-03-06,"CD","TS3",1,"CD_TS3_1",2.5,"D",248.91856,1.79093464042169e-06,23
"20260306_075",2026-03-06,"PT","TS3",2,"PT_TS3_2",2.5,"P",662.07416,4.91038832791151e-05,23
"20260306_075",2026-03-06,"PT","TS3",2,"PT_TS3_2",2.5,"T",229.23472,1.67134923812238e-06,23
"20260306_076",2026-03-06,"PT","TS3",1,"PT_TS3_1",2.5,"P",780.58728,6.04103253170278e-05,23
"20260306_076",2026-03-06,"PT","TS3",1,"PT_TS3_1",2.5,"T",271.47296,3.29740147709156e-06,23
"20260306_077",2026-03-06,"CDPT","TS3",3,"CDPT_TS3_3",2.5,"C",0,0,23
"20260306_077",2026-03-06,"CDPT","TS3",3,"CDPT_TS3_3",2.5,"D",27.27032,1.88370962705353e-07,23
"20260306_077",2026-03-06,"CDPT","TS3",3,"CDPT_TS3_3",2.5,"P",543.56104,3.9596916839285e-05,23
"20260306_077",2026-03-06,"CDPT","TS3",3,"CDPT_TS3_3",2.5,"T",25.63,5.77623099256565e-08,23
"20260306_078",2026-03-06,"CDPT","TS3",1,"CDPT_TS3_1",2.5,"C",25.63,6.49200068487145e-07,23
"20260306_078",2026-03-06,"CDPT","TS3",1,"CDPT_TS3_1",2.5,"D",0,0,23
"20260306_078",2026-03-06,"CDPT","TS3",1,"CDPT_TS3_1",2.5,"P",355.7444,4.70379820563929e-05,23
"20260306_078",2026-03-06,"CDPT","TS3",1,"CDPT_TS3_1",2.5,"T",291.1568,3.04189367280813e-06,23
"20260306_079",2026-03-06,"DPT","TS3",1,"DPT_TS3_1",2.5,"D",25.63,5.70680239621469e-07,23
"20260306_079",2026-03-06,"DPT","TS3",1,"DPT_TS3_1",2.5,"P",570.83136,4.31130552521382e-05,23
"20260306_079",2026-03-06,"DPT","TS3",1,"DPT_TS3_1",2.5,"T",190.89224,7.93112694495461e-07,23
"20260306_080",2026-03-06,"CLT","TS3",2,"CLT_TS3_2",2.5,"C",0,0,23
"20260306_080",2026-03-06,"CLT","TS3",2,"CLT_TS3_2",2.5,"L",25.63,1.48012822369611e-07,23
"20260306_080",2026-03-06,"CLT","TS3",2,"CLT_TS3_2",2.5,"T",74.8396,3.24906901422618e-07,23
"20260306_081",2026-03-06,"LT","TS3",2,"LT_TS3_2",2.5,"L",243.79256,4.19910091705823e-06,23
"20260306_081",2026-03-06,"LT","TS3",2,"LT_TS3_2",2.5,"T",744.50024,9.56183695028973e-06,23
"20260306_082",2026-03-06,"PT","TS4",1,"PT_TS4_1",2.5,"P",601.38232,3.70943629803313e-05,23
"20260306_082",2026-03-06,"PT","TS4",1,"PT_TS4_1",2.5,"T",25.63,9.69693177822518e-08,23
"20260306_083",2026-03-06,"DPT","TS4",2,"DPT_TS4_2",2.5,"D",0,0,23
"20260306_083",2026-03-06,"DPT","TS4",2,"DPT_TS4_2",2.5,"P",332.77992,2.85011741565305e-05,23
"20260306_083",2026-03-06,"DPT","TS4",2,"DPT_TS4_2",2.5,"T",90.62768,4.13922072401354e-07,23
"20260306_084",2026-03-06,"CDLP","TS4",3,"CDLP_TS4_3",2.5,"C",25.63,1.58659732176317e-07,23
"20260306_084",2026-03-06,"CDLP","TS4",3,"CDLP_TS4_3",2.5,"D",0,0,23
"20260306_084",2026-03-06,"CDLP","TS4",3,"CDLP_TS4_3",2.5,"L",25.63,3.88976827794873e-07,23
"20260306_084",2026-03-06,"CDLP","TS4",3,"CDLP_TS4_3",2.5,"P",409.87496,3.30302544260167e-05,23
"20260306_085",2026-03-06,"PT","TS4",2,"PT_TS4_2",2.5,"P",355.12928,2.53812168521568e-05,23
"20260306_085",2026-03-06,"PT","TS4",2,"PT_TS4_2",2.5,"T",144.75824,3.11214329442471e-06,23
"20260306_086",2026-03-06,"CDPT","TS4",1,"CDPT_TS4_1",2.5,"C",41.62312,6.76860379976343e-06,23
"20260306_086",2026-03-06,"CDPT","TS4",1,"CDPT_TS4_1",2.5,"D",38.0788571428571,1.66571203127787e-06,23
"20260306_086",2026-03-06,"CDPT","TS4",1,"CDPT_TS4_1",2.5,"P",428.94368,3.56485309694283e-05,23
"20260306_086",2026-03-06,"CDPT","TS4",1,"CDPT_TS4_1",2.5,"T",197.04344,3.27182578844701e-06,23
"20260306_087",2026-03-06,"PT","TS4",3,"PT_TS4_3",2.5,"P",594.82104,5.09561906829064e-05,23
"20260306_087",2026-03-06,"PT","TS4",3,"PT_TS4_3",2.5,"T",233.54056,3.27502497971729e-06,23
"20260306_088",2026-03-06,"DPT","TS4",3,"DPT_TS4_3",2.5,"D",25.63,2.06858769627219e-06,23
"20260306_088",2026-03-06,"DPT","TS4",3,"DPT_TS4_3",2.5,"P",636.03408,4.94312616846156e-05,23
"20260306_088",2026-03-06,"DPT","TS4",3,"DPT_TS4_3",2.5,"T",169.97816,2.38431508950037e-06,23
"20260306_089",2026-03-06,"CDLT","TS4",2,"CDLT_TS4_2",2.5,"C",28.5472357723577,3.49900697879933e-07,23
"20260306_089",2026-03-06,"CDLT","TS4",2,"CDLT_TS4_2",2.5,"D",0,0,23
"20260306_089",2026-03-06,"CDLT","TS4",2,"CDLT_TS4_2",2.5,"L",25.63,1.95457651555273e-08,23
"20260306_089",2026-03-06,"CDLT","TS4",2,"CDLT_TS4_2",2.5,"T",48.59448,1.91129012064608e-07,23
"20260306_090",2026-03-06,"CDPT","TS4",2,"CDPT_TS4_2",2.5,"C",0,0,23
"20260306_090",2026-03-06,"CDPT","TS4",2,"CDPT_TS4_2",2.5,"D",0,0,23
"20260306_090",2026-03-06,"CDPT","TS4",2,"CDPT_TS4_2",2.5,"P",411.92536,4.15481275017369e-05,23
"20260306_090",2026-03-06,"CDPT","TS4",2,"CDPT_TS4_2",2.5,"T",90.42264,6.35908434520399e-07,23
"20260306_091",2026-03-06,"CLT","TS4",1,"CLT_TS4_1",2.5,"C",70.12368,3.93081486168678e-06,23
"20260306_091",2026-03-06,"CLT","TS4",1,"CLT_TS4_1",2.5,"L",43.46848,6.41612610682085e-07,23
"20260306_091",2026-03-06,"CLT","TS4",1,"CLT_TS4_1",2.5,"T",129.99536,2.13457265838938e-06,23
"20260306_092",2026-03-06,"LP","TS4",3,"LP_TS4_3",2.5,"L",76.27488,2.88763265131062e-06,23
"20260306_092",2026-03-06,"LP","TS4",3,"LP_TS4_3",2.5,"P",288.49128,2.902429894898e-05,23
"20260306_093",2026-03-06,"CLT","TS4",3,"CLT_TS4_3",2.5,"C",0,0,23
"20260306_093",2026-03-06,"CLT","TS4",3,"CLT_TS4_3",2.5,"L",47.1592,4.26273383154412e-07,23
"20260306_093",2026-03-06,"CLT","TS4",3,"CLT_TS4_3",2.5,"T",102.31496,2.30903799189861e-06,23
"20260306_094",2026-03-06,"CDLP","TS4",2,"CDLP_TS4_2",2.5,"C",49.61968,5.23838415068923e-07,23
"20260306_094",2026-03-06,"CDLP","TS4",2,"CDLP_TS4_2",2.5,"D",43.87856,1.70640477686889e-07,23
"20260306_094",2026-03-06,"CDLP","TS4",2,"CDLP_TS4_2",2.5,"L",92.67808,8.24285908376617e-07,23
"20260306_094",2026-03-06,"CDLP","TS4",2,"CDLP_TS4_2",2.5,"P",503.16816,4.32772628010464e-05,23
"20260306_095",2026-03-06,"LP","TS4",2,"LP_TS4_2",2.5,"L",38.0316129032258,3.63977058224894e-07,23
"20260306_095",2026-03-06,"LP","TS4",2,"LP_TS4_2",2.5,"P",383.62984,2.8357658875583e-05,23
"20260306_096",2026-03-06,"CDLT","TS4",3,"CDLT_TS4_3",2.5,"C",129.79032,5.88185972969435e-06,23
"20260306_096",2026-03-06,"CDLT","TS4",3,"CDLT_TS4_3",2.5,"D",25.63,3.24577588670646e-07,23
"20260306_096",2026-03-06,"CDLT","TS4",3,"CDLT_TS4_3",2.5,"L",70.12368,8.02673809006047e-07,23
"20260306_096",2026-03-06,"CDLT","TS4",3,"CDLT_TS4_3",2.5,"T",306.32976,1.69059263630201e-06,23
"20260306_097",2026-03-06,"LP","TS4",1,"LP_TS4_1",2.5,"L",25.63,2.95255731645462e-08,23
"20260306_097",2026-03-06,"LP","TS4",1,"LP_TS4_1",2.5,"P",478.56336,3.72383681082766e-05,23
"20260306_098",2026-03-06,"CDLT","TS4",1,"CDLT_TS4_1",2.5,"C",0,0,23
"20260306_098",2026-03-06,"CDLT","TS4",1,"CDLT_TS4_1",2.5,"D",28.91064,2.03226513478613e-07,23
"20260306_098",2026-03-06,"CDLT","TS4",1,"CDLT_TS4_1",2.5,"L",0,0,23
"20260306_098",2026-03-06,"CDLT","TS4",1,"CDLT_TS4_1",2.5,"T",188.84184,1.65306322443788e-06,23
"20260306_099",2026-03-06,"CDLP","TS4",1,"CDLP_TS4_1",2.5,"C",25.63,2.33906165163218e-07,23
"20260306_099",2026-03-06,"CDLP","TS4",1,"CDLP_TS4_1",2.5,"D",25.63,1.87144356122973e-07,23
"20260306_099",2026-03-06,"CDLP","TS4",1,"CDLP_TS4_1",2.5,"L",0,0,23
"20260306_099",2026-03-06,"CDLP","TS4",1,"CDLP_TS4_1",2.5,"P",284.80056,2.28159052630629e-05,23
"20260306_100",2026-03-06,"DPT","TS4",1,"DPT_TS4_1",2.5,"D",25.63,3.61185851446395e-07,23
"20260306_100",2026-03-06,"DPT","TS4",1,"DPT_TS4_1",2.5,"P",508.08912,3.20998321577807e-05,23
"20260306_100",2026-03-06,"DPT","TS4",1,"DPT_TS4_1",2.5,"T",116.05264,8.98853179059424e-07,23
"20260306_101",2026-03-06,"LT","TS4",1,"LT_TS4_1",2.5,"L",64.17752,1.28617798914627e-06,23
"20260306_101",2026-03-06,"LT","TS4",1,"LT_TS4_1",2.5,"T",604.66296,8.71819077913411e-06,23
"20260306_102",2026-03-06,"CDPT","TS4",3,"CDPT_TS4_3",2.5,"C",25.63,1.56128345170138e-07,23
"20260306_102",2026-03-06,"CDPT","TS4",3,"CDPT_TS4_3",2.5,"D",25.63,1.88682635036664e-07,23
"20260306_102",2026-03-06,"CDPT","TS4",3,"CDPT_TS4_3",2.5,"P",255.06976,2.57968218892426e-05,23
"20260306_102",2026-03-06,"CDPT","TS4",3,"CDPT_TS4_3",2.5,"T",125.48448,3.69785652870108e-06,23
"20260306_103",2026-03-06,"LPT","TS4",1,"LPT_TS4_1",2.5,"L",25.63,5.0277138409156e-07,23
"20260306_103",2026-03-06,"LPT","TS4",1,"LPT_TS4_1",2.5,"P",413.36064,3.895115303062e-05,23
"20260306_103",2026-03-06,"LPT","TS4",1,"LPT_TS4_1",2.5,"T",73.8144,5.43391955729013e-07,23
"20260306_104",2026-03-06,"LT","TS4",3,"LT_TS4_3",2.5,"L",39.57272,5.22145874981158e-07,23
"20260306_104",2026-03-06,"LT","TS4",3,"LT_TS4_3",2.5,"T",411.51528,5.52513621816851e-06,23
"20260306_105",2026-03-06,"LT","TS4",2,"LT_TS4_2",2.5,"L",65.40776,6.38119987308447e-07,23
"20260306_105",2026-03-06,"LT","TS4",2,"LT_TS4_2",2.5,"T",790.4292,1.1824227436018e-05,23
"20260306_106",2026-03-06,"CLT","TS4",2,"CLT_TS4_2",2.5,"C",84.68152,3.96225428410871e-06,23
"20260306_106",2026-03-06,"CLT","TS4",2,"CLT_TS4_2",2.5,"L",0,0,23
"20260306_106",2026-03-06,"CLT","TS4",2,"CLT_TS4_2",2.5,"T",51.26,6.68013207739665e-07,23
"20260306_107",2026-03-06,"LPT","TS4",2,"LPT_TS4_2",2.5,"L",0,0,23
"20260306_107",2026-03-06,"LPT","TS4",2,"LPT_TS4_2",2.5,"P",417.87152,2.76589118616126e-05,23
"20260306_107",2026-03-06,"LPT","TS4",2,"LPT_TS4_2",2.5,"T",158.49592,1.09453113966218e-06,23
"20260306_108",2026-03-06,"LPT","TS4",3,"LPT_TS4_3",2.5,"L",0,0,23
"20260306_108",2026-03-06,"LPT","TS4",3,"LPT_TS4_3",2.5,"P",450.67792,3.75298103234343e-05,23
"20260306_108",2026-03-06,"LPT","TS4",3,"LPT_TS4_3",2.5,"T",95.13856,8.19289165911423e-07,23
"20260309_001",2026-03-09,"DLPT","TS1",3,"DLPT_TS1_3",2.5,"D",0,0,26
"20260309_001",2026-03-09,"DLPT","TS1",3,"DLPT_TS1_3",2.5,"L",0,0,26
"20260309_001",2026-03-09,"DLPT","TS1",3,"DLPT_TS1_3",2.5,"P",280.49472,2.70524336738305e-05,26
"20260309_001",2026-03-09,"DLPT","TS1",3,"DLPT_TS1_3",2.5,"T",25.63,1.15423399070555e-07,26
"20260309_002",2026-03-09,"LPT","TS1",1,"LPT_TS1_1",2.5,"L",0,0,26
"20260309_002",2026-03-09,"LPT","TS1",1,"LPT_TS1_1",2.5,"P",438.7856,4.37699225369645e-05,26
"20260309_002",2026-03-09,"LPT","TS1",1,"LPT_TS1_1",2.5,"T",51.05496,3.21846104842201e-06,26
"20260309_003",2026-03-09,"DLPT","TS1",2,"DLPT_TS1_2",2.5,"D",0,0,26
"20260309_003",2026-03-09,"DLPT","TS1",2,"DLPT_TS1_2",2.5,"L",25.63,1.1864813056573e-07,26
"20260309_003",2026-03-09,"DLPT","TS1",2,"DLPT_TS1_2",2.5,"P",308.5852,2.7131002239555e-05,26
"20260309_003",2026-03-09,"DLPT","TS1",2,"DLPT_TS1_2",2.5,"T",25.63,1.13057758071292e-07,26
"20260309_004",2026-03-09,"CD","TS1",3,"CD_TS1_3",2.5,"C",0,0,26
"20260309_004",2026-03-09,"CD","TS1",3,"CD_TS1_3",2.5,"D",0,0,26
"20260309_005",2026-03-09,"CLT","TS1",1,"CLT_TS1_1",2.5,"C",25.63,6.07740877038825e-07,26
"20260309_005",2026-03-09,"CLT","TS1",1,"CLT_TS1_1",2.5,"L",0,0,26
"20260309_005",2026-03-09,"CLT","TS1",1,"CLT_TS1_1",2.5,"T",0,0,26
"20260309_006",2026-03-09,"DPT","TS1",3,"DPT_TS1_3",2.5,"D",0,0,26
"20260309_006",2026-03-09,"DPT","TS1",3,"DPT_TS1_3",2.5,"P",241.9472,2.53326497479616e-05,26
"20260309_006",2026-03-09,"DPT","TS1",3,"DPT_TS1_3",2.5,"T",25.63,1.56517281719418e-06,26
"20260309_007",2026-03-09,"CLT","TS1",2,"CLT_TS1_2",2.5,"C",0,0,26
"20260309_007",2026-03-09,"CLT","TS1",2,"CLT_TS1_2",2.5,"L",0,0,26
"20260309_007",2026-03-09,"CLT","TS1",2,"CLT_TS1_2",2.5,"T",0,0,26
"20260309_008",2026-03-09,"CDLP","TS1",2,"CDLP_TS1_2",2.5,"C",0,0,26
"20260309_008",2026-03-09,"CDLP","TS1",2,"CDLP_TS1_2",2.5,"D",0,0,26
"20260309_008",2026-03-09,"CDLP","TS1",2,"CDLP_TS1_2",2.5,"L",25.63,3.50427190220653e-07,26
"20260309_008",2026-03-09,"CDLP","TS1",2,"CDLP_TS1_2",2.5,"P",174.69408,2.25446476835717e-05,26
"20260309_009",2026-03-09,"PT","TS1",1,"PT_TS1_1",2.5,"P",241.12704,2.45268704808087e-05,26
"20260309_009",2026-03-09,"PT","TS1",1,"PT_TS1_1",2.5,"T",25.63,1.59701986147393e-06,26
"20260309_010",2026-03-09,"LPT","TS1",2,"LPT_TS1_2",2.5,"L",0,0,26
"20260309_010",2026-03-09,"LPT","TS1",2,"LPT_TS1_2",2.5,"P",348.77304,3.17309861639476e-05,26
"20260309_010",2026-03-09,"LPT","TS1",2,"LPT_TS1_2",2.5,"T",28.09048,1.94684298592857e-06,26
"20260309_011",2026-03-09,"CDLT","TS1",3,"CDLT_TS1_3",2.5,"C",49.41464,2.64676126714248e-07,26
"20260309_011",2026-03-09,"CDLT","TS1",3,"CDLT_TS1_3",2.5,"D",0,0,26
"20260309_011",2026-03-09,"CDLT","TS1",3,"CDLT_TS1_3",2.5,"L",25.63,1.36149294341731e-07,26
"20260309_011",2026-03-09,"CDLT","TS1",3,"CDLT_TS1_3",2.5,"T",25.63,1.92849313463952e-07,26
"20260309_012",2026-03-09,"DLPT","TS1",1,"DLPT_TS1_1",2.5,"D",0,0,26
"20260309_012",2026-03-09,"DLPT","TS1",1,"DLPT_TS1_1",2.5,"L",0,0,26
"20260309_012",2026-03-09,"DLPT","TS1",1,"DLPT_TS1_1",2.5,"P",311.25072,3.38838054070616e-05,26
"20260309_012",2026-03-09,"DLPT","TS1",1,"DLPT_TS1_1",2.5,"T",55.15576,2.15996524724345e-06,26
"20260309_013",2026-03-09,"LT","TS1",3,"LT_TS1_3",2.5,"L",115.8476,1.25105218108959e-06,26
"20260309_013",2026-03-09,"LT","TS1",3,"LT_TS1_3",2.5,"T",25.63,3.82394228610081e-07,26
"20260309_014",2026-03-09,"CDLT","TS1",2,"CDLT_TS1_2",2.5,"C",0,0,26
"20260309_014",2026-03-09,"CDLT","TS1",2,"CDLT_TS1_2",2.5,"D",0,0,26
"20260309_014",2026-03-09,"CDLT","TS1",2,"CDLT_TS1_2",2.5,"L",0,0,26
"20260309_014",2026-03-09,"CDLT","TS1",2,"CDLT_TS1_2",2.5,"T",0,0,26
"20260309_015",2026-03-09,"LT","TS1",2,"LT_TS1_2",2.5,"L",0,0,26
"20260309_015",2026-03-09,"LT","TS1",2,"LT_TS1_2",2.5,"T",115.64256,1.74720737968969e-06,26
"20260309_016",2026-03-09,"CDLT","TS1",1,"CDLT_TS1_1",2.5,"C",0,0,26
"20260309_016",2026-03-09,"CDLT","TS1",1,"CDLT_TS1_1",2.5,"D",0,0,26
"20260309_016",2026-03-09,"CDLT","TS1",1,"CDLT_TS1_1",2.5,"L",0,0,26
"20260309_016",2026-03-09,"CDLT","TS1",1,"CDLT_TS1_1",2.5,"T",25.63,2.39067967938136e-07,26
"20260309_017",2026-03-09,"DPT","TS1",1,"DPT_TS1_1",2.5,"D",0,0,26
"20260309_017",2026-03-09,"DPT","TS1",1,"DPT_TS1_1",2.5,"P",328.26904,3.60229735900333e-05,26
"20260309_017",2026-03-09,"DPT","TS1",1,"DPT_TS1_1",2.5,"T",51.46504,5.40782928754411e-07,26
"20260309_018",2026-03-09,"DPT","TS1",2,"DPT_TS1_2",2.5,"D",0,0,26
"20260309_018",2026-03-09,"DPT","TS1",2,"DPT_TS1_2",2.5,"P",271.88304,2.97861119872005e-05,26
"20260309_018",2026-03-09,"DPT","TS1",2,"DPT_TS1_2",2.5,"T",0,0,26
"20260309_019",2026-03-09,"PT","TS1",3,"PT_TS1_3",2.5,"P",305.71464,3.20690604534405e-05,26
"20260309_019",2026-03-09,"PT","TS1",3,"PT_TS1_3",2.5,"T",52.08016,6.50478098244658e-07,26
"20260309_020",2026-03-09,"CDLP","TS1",1,"CDLP_TS1_1",2.5,"C",0,0,26
"20260309_020",2026-03-09,"CDLP","TS1",1,"CDLP_TS1_1",2.5,"D",0,0,26
"20260309_020",2026-03-09,"CDLP","TS1",1,"CDLP_TS1_1",2.5,"L",0,0,26
"20260309_020",2026-03-09,"CDLP","TS1",1,"CDLP_TS1_1",2.5,"P",102.52,9.35828917879182e-06,26
"20260309_021",2026-03-09,"CDLP","TS1",3,"CDLP_TS1_3",2.5,"C",27.06528,1.68029317222279e-06,26
"20260309_021",2026-03-09,"CDLP","TS1",3,"CDLP_TS1_3",2.5,"D",0,0,26
"20260309_021",2026-03-09,"CDLP","TS1",3,"CDLP_TS1_3",2.5,"L",0,0,26
"20260309_021",2026-03-09,"CDLP","TS1",3,"CDLP_TS1_3",2.5,"P",274.95864,1.7814463476808e-05,26
"20260309_022",2026-03-09,"CD","TS1",1,"CD_TS1_1",2.5,"C",0,0,26
"20260309_022",2026-03-09,"CD","TS1",1,"CD_TS1_1",2.5,"D",0,0,26
"20260309_023",2026-03-09,"LPT","TS1",3,"LPT_TS1_3",2.5,"L",0,0,26
"20260309_023",2026-03-09,"LPT","TS1",3,"LPT_TS1_3",2.5,"P",379.73408,2.76329906956729e-05,26
"20260309_023",2026-03-09,"LPT","TS1",3,"LPT_TS1_3",2.5,"T",25.63,1.59720272741362e-06,26
"20260309_024",2026-03-09,"LT","TS1",1,"LT_TS1_1",2.5,"L",25.63,4.90969021923736e-07,26
"20260309_024",2026-03-09,"LT","TS1",1,"LT_TS1_1",2.5,"T",84.68152,8.4618209552668e-07,26
"20260309_025",2026-03-09,"CLT","TS1",3,"CLT_TS1_3",2.5,"C",25.63,1.87443086306891e-07,26
"20260309_025",2026-03-09,"CLT","TS1",3,"CLT_TS1_3",2.5,"L",25.63,1.21538147925041e-07,26
"20260309_025",2026-03-09,"CLT","TS1",3,"CLT_TS1_3",2.5,"T",25.63,3.17829201932611e-07,26
"20260309_026",2026-03-09,"CD","TS1",2,"CD_TS1_2",2.5,"C",0,0,26
"20260309_026",2026-03-09,"CD","TS1",2,"CD_TS1_2",2.5,"D",51.26,8.26749469770391e-07,26
"20260309_027",2026-03-09,"PT","TS1",2,"PT_TS1_2",2.5,"P",342.62184,3.27219283229542e-05,26
"20260309_027",2026-03-09,"PT","TS1",2,"PT_TS1_2",2.5,"T",51.46504,4.9386895299976e-06,26
"20260309_028",2026-03-09,"CLT","TS2",1,"CLT_TS2_1",2.5,"C",0,0,26
"20260309_028",2026-03-09,"CLT","TS2",1,"CLT_TS2_1",2.5,"L",0,0,26
"20260309_028",2026-03-09,"CLT","TS2",1,"CLT_TS2_1",2.5,"T",0,0,26
"20260309_029",2026-03-09,"CP","TS2",1,"CP_TS2_1",2.5,"C",25.63,4.96840307770454e-07,26
"20260309_029",2026-03-09,"CP","TS2",1,"CP_TS2_1",2.5,"P",226.97928,1.92440358881577e-05,26
"20260309_030",2026-03-09,"CDPT","TS2",1,"CDPT_TS2_1",2.5,"C",25.63,1.72580492213045e-06,26
"20260309_030",2026-03-09,"CDPT","TS2",1,"CDPT_TS2_1",2.5,"D",0,0,26
"20260309_030",2026-03-09,"CDPT","TS2",1,"CDPT_TS2_1",2.5,"P",197.24848,1.79914714199328e-05,26
"20260309_030",2026-03-09,"CDPT","TS2",1,"CDPT_TS2_1",2.5,"T",72.17408,6.42661051245015e-07,26
"20260309_031",2026-03-09,"CDPT","TS2",3,"CDPT_TS2_3",2.5,"C",0,0,26
"20260309_031",2026-03-09,"CDPT","TS2",3,"CDPT_TS2_3",2.5,"D",0,0,26
"20260309_031",2026-03-09,"CDPT","TS2",3,"CDPT_TS2_3",2.5,"P",275.36872,2.63612740831055e-05,26
"20260309_031",2026-03-09,"CDPT","TS2",3,"CDPT_TS2_3",2.5,"T",25.63,7.18269449680722e-07,26
"20260309_032",2026-03-09,"LT","TS2",3,"LT_TS2_3",2.5,"L",108.46616,2.55904127469985e-06,26
"20260309_032",2026-03-09,"LT","TS2",3,"LT_TS2_3",2.5,"T",248.0984,3.86405529370431e-06,26
"20260309_033",2026-03-09,"PT","TS2",3,"PT_TS2_3",2.5,"P",286.44088,2.23269221729016e-05,26
"20260309_033",2026-03-09,"PT","TS2",3,"PT_TS2_3",2.5,"T",30.14088,6.01352085895473e-07,26
"20260309_034",2026-03-09,"DPT","TS2",3,"DPT_TS2_3",2.5,"D",0,0,26
"20260309_034",2026-03-09,"DPT","TS2",3,"DPT_TS2_3",2.5,"P",209.96096,1.868654401609e-05,26
"20260309_034",2026-03-09,"DPT","TS2",3,"DPT_TS2_3",2.5,"T",0,0,26
"20260309_035",2026-03-09,"PT","TS2",1,"PT_TS2_1",2.5,"P",359.43512,2.88005341770832e-05,26
"20260309_035",2026-03-09,"PT","TS2",1,"PT_TS2_1",2.5,"T",25.63,1.79116266310858e-07,26
"20260309_036",2026-03-09,"CDLT","TS2",3,"CDLT_TS2_3",2.5,"C",25.63,1.28454315017971e-06,26
"20260309_036",2026-03-09,"CDLT","TS2",3,"CDLT_TS2_3",2.5,"D",0,0,26
"20260309_036",2026-03-09,"CDLT","TS2",3,"CDLT_TS2_3",2.5,"L",25.63,1.0095906642037e-07,26
"20260309_036",2026-03-09,"CDLT","TS2",3,"CDLT_TS2_3",2.5,"T",0,0,26
"20260309_037",2026-03-09,"CDLP","TS2",2,"CDLP_TS2_2",2.5,"C",25.63,3.62107849886871e-07,26
"20260309_037",2026-03-09,"CDLP","TS2",2,"CDLP_TS2_2",2.5,"D",0,0,26
"20260309_037",2026-03-09,"CDLP","TS2",2,"CDLP_TS2_2",2.5,"L",25.63,1.28867698644137e-06,26
"20260309_037",2026-03-09,"CDLP","TS2",2,"CDLP_TS2_2",2.5,"P",293.82232,1.8451287607142e-05,26
"20260309_038",2026-03-09,"CDLT","TS2",2,"CDLT_TS2_2",2.5,"C",25.63,8.03298062353214e-09,26
"20260309_038",2026-03-09,"CDLT","TS2",2,"CDLT_TS2_2",2.5,"D",0,0,26
"20260309_038",2026-03-09,"CDLT","TS2",2,"CDLT_TS2_2",2.5,"L",0,0,26
"20260309_038",2026-03-09,"CDLT","TS2",2,"CDLT_TS2_2",2.5,"T",58.64144,6.23373876608476e-07,26
"20260309_039",2026-03-09,"CDPT","TS2",2,"CDPT_TS2_2",2.5,"C",51.26,3.30721166222651e-06,26
"20260309_039",2026-03-09,"CDPT","TS2",2,"CDPT_TS2_2",2.5,"D",0,0,26
"20260309_039",2026-03-09,"CDPT","TS2",2,"CDPT_TS2_2",2.5,"P",457.03416,3.35799975201144e-05,26
"20260309_039",2026-03-09,"CDPT","TS2",2,"CDPT_TS2_2",2.5,"T",50.84992,2.63458016053207e-07,26
"20260309_040",2026-03-09,"CLT","TS2",3,"CLT_TS2_3",2.5,"C",66.02288,3.65537436073709e-06,26
"20260309_040",2026-03-09,"CLT","TS2",3,"CLT_TS2_3",2.5,"L",0,0,26
"20260309_040",2026-03-09,"CLT","TS2",3,"CLT_TS2_3",2.5,"T",51.26,4.25937650046177e-07,26
"20260309_041",2026-03-09,"PT","TS2",2,"PT_TS2_2",2.5,"P",290.74672,2.13534874360336e-05,26
"20260309_041",2026-03-09,"PT","TS2",2,"PT_TS2_2",2.5,"T",0,0,26
"20260309_042",2026-03-09,"DLP","TS2",3,"DLP_TS2_3",2.5,"D",0,0,26
"20260309_042",2026-03-09,"DLP","TS2",3,"DLP_TS2_3",2.5,"L",25.63,1.28265438416492e-07,26
"20260309_042",2026-03-09,"DLP","TS2",3,"DLP_TS2_3",2.5,"P",469.5416,4.89849711034574e-05,26
"20260309_043",2026-03-09,"CDLP","TS2",1,"CDLP_TS2_1",2.5,"C",25.63,4.37108418808302e-07,26
"20260309_043",2026-03-09,"CDLP","TS2",1,"CDLP_TS2_1",2.5,"D",25.63,2.51050649683383e-07,26
"20260309_043",2026-03-09,"CDLP","TS2",1,"CDLP_TS2_1",2.5,"L",0,0,26
"20260309_043",2026-03-09,"CDLP","TS2",1,"CDLP_TS2_1",2.5,"P",347.5428,2.57032658574505e-05,26
"20260309_044",2026-03-09,"LT","TS2",2,"LT_TS2_2",2.5,"L",109.49136,1.63344213779782e-06,26
"20260309_044",2026-03-09,"LT","TS2",2,"LT_TS2_2",2.5,"T",234.56576,4.20311039923076e-06,26
"20260309_045",2026-03-09,"CLT","TS2",2,"CLT_TS2_2",2.5,"C",0,0,26
"20260309_045",2026-03-09,"CLT","TS2",2,"CLT_TS2_2",2.5,"L",0,0,26
"20260309_045",2026-03-09,"CLT","TS2",2,"CLT_TS2_2",2.5,"T",25.63,1.06578764254866e-06,26
"20260309_046",2026-03-09,"DPT","TS2",1,"DPT_TS2_1",2.5,"D",25.63,2.09819258179613e-07,26
"20260309_046",2026-03-09,"DPT","TS2",1,"DPT_TS2_1",2.5,"P",178.58984,1.30616909956764e-05,26
"20260309_046",2026-03-09,"DPT","TS2",1,"DPT_TS2_1",2.5,"T",51.26,3.91634892645182e-07,26
"20260309_047",2026-03-09,"DLP","TS2",2,"DLP_TS2_2",2.5,"D",25.63,1.57378824239198e-07,26
"20260309_047",2026-03-09,"DLP","TS2",2,"DLP_TS2_2",2.5,"L",75.04464,8.39094447374944e-07,26
"20260309_047",2026-03-09,"DLP","TS2",2,"DLP_TS2_2",2.5,"P",355.53936,3.72665306606434e-05,26
"20260309_048",2026-03-09,"DPT","TS2",2,"DPT_TS2_2",2.5,"D",0,0,26
"20260309_048",2026-03-09,"DPT","TS2",2,"DPT_TS2_2",2.5,"P",165.67232,2.01103181698698e-05,26
"20260309_048",2026-03-09,"DPT","TS2",2,"DPT_TS2_2",2.5,"T",25.63,1.33167426987062e-06,26
"20260309_049",2026-03-09,"CP","TS2",3,"CP_TS2_3",2.5,"C",68.89344,4.45511678055256e-06,26
"20260309_049",2026-03-09,"CP","TS2",3,"CP_TS2_3",2.5,"P",203.80976,9.74554637259998e-06,26
"20260309_050",2026-03-09,"CP","TS2",2,"CP_TS2_2",2.5,"C",209.75592,7.36884580782372e-06,26
"20260309_050",2026-03-09,"CP","TS2",2,"CP_TS2_2",2.5,"P",374.81312,2.76044143034688e-05,26
"20260309_051",2026-03-09,"CDLT","TS2",1,"CDLT_TS2_1",2.5,"C",38.9576,1.64331596285311e-06,26
"20260309_051",2026-03-09,"CDLT","TS2",1,"CDLT_TS2_1",2.5,"D",0,0,26
"20260309_051",2026-03-09,"CDLT","TS2",1,"CDLT_TS2_1",2.5,"L",51.26,4.95628004059363e-07,26
"20260309_051",2026-03-09,"CDLT","TS2",1,"CDLT_TS2_1",2.5,"T",0,0,26
"20260309_052",2026-03-09,"CDLP","TS2",3,"CDLP_TS2_3",2.5,"C",25.63,1.06455999297012e-07,26
"20260309_052",2026-03-09,"CDLP","TS2",3,"CDLP_TS2_3",2.5,"D",0,0,26
"20260309_052",2026-03-09,"CDLP","TS2",3,"CDLP_TS2_3",2.5,"L",0,0,26
"20260309_052",2026-03-09,"CDLP","TS2",3,"CDLP_TS2_3",2.5,"P",182.69064,1.42655755262819e-05,26
"20260309_053",2026-03-09,"DLP","TS2",1,"DLP_TS2_1",2.5,"D",25.63,1.4353845358663e-08,26
"20260309_053",2026-03-09,"DLP","TS2",1,"DLP_TS2_1",2.5,"L",25.63,5.04611375164532e-08,26
"20260309_053",2026-03-09,"DLP","TS2",1,"DLP_TS2_1",2.5,"P",349.5932,3.14296741786965e-05,26
"20260309_054",2026-03-09,"LT","TS2",1,"LT_TS2_1",2.5,"L",37.11224,9.46471509462826e-07,26
"20260309_054",2026-03-09,"LT","TS2",1,"LT_TS2_1",2.5,"T",476.51296,9.89317558837463e-06,26
"20260309_055",2026-03-09,"CDLP","TS3",3,"CDLP_TS3_3",2.5,"C",0,0,26
"20260309_055",2026-03-09,"CDLP","TS3",3,"CDLP_TS3_3",2.5,"D",25.63,5.10911804789524e-07,26
"20260309_055",2026-03-09,"CDLP","TS3",3,"CDLP_TS3_3",2.5,"L",25.63,1.24806753852455e-07,26
"20260309_055",2026-03-09,"CDLP","TS3",3,"CDLP_TS3_3",2.5,"P",299.15336,2.05439190059767e-05,26
"20260309_056",2026-03-09,"CDPT","TS3",2,"CDPT_TS3_2",2.5,"C",44.49368,2.73249106882999e-06,26
"20260309_056",2026-03-09,"CDPT","TS3",2,"CDPT_TS3_2",2.5,"D",0,0,26
"20260309_056",2026-03-09,"CDPT","TS3",2,"CDPT_TS3_2",2.5,"P",339.13616,2.6488389929749e-05,26
"20260309_056",2026-03-09,"CDPT","TS3",2,"CDPT_TS3_2",2.5,"T",25.63,3.40748496159154e-07,26
"20260309_057",2026-03-09,"CDLT","TS3",2,"CDLT_TS3_2",2.5,"C",0,0,26
"20260309_057",2026-03-09,"CDLT","TS3",2,"CDLT_TS3_2",2.5,"D",0,0,26
"20260309_057",2026-03-09,"CDLT","TS3",2,"CDLT_TS3_2",2.5,"L",25.63,1.04822915722637e-07,26
"20260309_057",2026-03-09,"CDLT","TS3",2,"CDLT_TS3_2",2.5,"T",86.73192,4.86823918380419e-07,26
"20260309_058",2026-03-09,"LT","TS3",1,"LT_TS3_1",2.5,"L",41.008,1.88534297719354e-07,26
"20260309_058",2026-03-09,"LT","TS3",1,"LT_TS3_1",2.5,"T",998.33976,9.46746896793181e-06,26
"20260309_059",2026-03-09,"LT","TS3",3,"LT_TS3_3",2.5,"L",25.63,2.25512775472898e-08,26
"20260309_059",2026-03-09,"LT","TS3",3,"LT_TS3_3",2.5,"T",810.31808,8.22636305385816e-06,26
"20260309_060",2026-03-09,"CDLT","TS3",1,"CDLT_TS3_1",2.5,"C",0,0,26
"20260309_060",2026-03-09,"CDLT","TS3",1,"CDLT_TS3_1",2.5,"D",25.63,9.25086376155473e-07,26
"20260309_060",2026-03-09,"CDLT","TS3",1,"CDLT_TS3_1",2.5,"L",0,0,26
"20260309_060",2026-03-09,"CDLT","TS3",1,"CDLT_TS3_1",2.5,"T",135.73648,1.89412835116064e-06,26
"20260309_061",2026-03-09,"DLP","TS3",1,"DLP_TS3_1",2.5,"D",55.3608,1.48684762546141e-06,26
"20260309_061",2026-03-09,"DLP","TS3",1,"DLP_TS3_1",2.5,"L",43.97875,2.91591304332126e-07,26
"20260309_061",2026-03-09,"DLP","TS3",1,"DLP_TS3_1",2.5,"P",218.3676,1.56216650349101e-05,26
"20260309_062",2026-03-09,"DLP","TS3",2,"DLP_TS3_2",2.5,"D",35.882,1.48911819873525e-07,26
"20260309_062",2026-03-09,"DLP","TS3",2,"DLP_TS3_2",2.5,"L",25.63,3.79935196393909e-08,26
"20260309_062",2026-03-09,"DLP","TS3",2,"DLP_TS3_2",2.5,"P",498.45224,4.20206916427754e-05,26
"20260309_063",2026-03-09,"DLP","TS3",3,"DLP_TS3_3",2.5,"D",27.5053658536585,2.00416480003123e-07,26
"20260309_063",2026-03-09,"DLP","TS3",3,"DLP_TS3_3",2.5,"L",25.63,8.80990785781187e-08,26
"20260309_063",2026-03-09,"DLP","TS3",3,"DLP_TS3_3",2.5,"P",695.0856,6.1985150659948e-05,26
"20260309_064",2026-03-09,"DPT","TS3",2,"DPT_TS3_2",2.5,"D",26.4703278688525,2.3590579940316e-06,26
"20260309_064",2026-03-09,"DPT","TS3",2,"DPT_TS3_2",2.5,"P",488.20024,4.3561450532094e-05,26
"20260309_064",2026-03-09,"DPT","TS3",2,"DPT_TS3_2",2.5,"T",95.54864,2.08223185187025e-06,26
"20260309_065",2026-03-09,"CD","TS3",2,"CD_TS3_2",2.5,"C",127.53488,1.81438242011583e-06,26
"20260309_065",2026-03-09,"CD","TS3",2,"CD_TS3_2",2.5,"D",25.63,6.97222121444711e-08,26
"20260309_066",2026-03-09,"CDLP","TS3",1,"CDLP_TS3_1",2.5,"C",44.28864,1.38249021695789e-06,26
"20260309_066",2026-03-09,"CDLP","TS3",1,"CDLP_TS3_1",2.5,"D",25.63,5.21903530361094e-07,26
"20260309_066",2026-03-09,"CDLP","TS3",1,"CDLP_TS3_1",2.5,"L",25.63,8.32845944775729e-08,26
"20260309_066",2026-03-09,"CDLP","TS3",1,"CDLP_TS3_1",2.5,"P",356.15448,3.53732609043385e-05,26
"20260309_067",2026-03-09,"CLT","TS3",1,"CLT_TS3_1",2.5,"C",0,0,26
"20260309_067",2026-03-09,"CLT","TS3",1,"CLT_TS3_1",2.5,"L",0,0,26
"20260309_067",2026-03-09,"CLT","TS3",1,"CLT_TS3_1",2.5,"T",72.99424,4.17739009399906e-07,26
"20260309_068",2026-03-09,"CDLP","TS3",2,"CDLP_TS3_2",2.5,"C",51.26,4.85744165784126e-06,26
"20260309_068",2026-03-09,"CDLP","TS3",2,"CDLP_TS3_2",2.5,"D",25.63,1.05392136796132e-07,26
"20260309_068",2026-03-09,"CDLP","TS3",2,"CDLP_TS3_2",2.5,"L",0,0,26
"20260309_068",2026-03-09,"CDLP","TS3",2,"CDLP_TS3_2",2.5,"P",328.47408,2.72226834324438e-05,26
"20260309_069",2026-03-09,"PT","TS3",3,"PT_TS3_3",2.5,"P",336.67568,2.76770886271382e-05,26
"20260309_069",2026-03-09,"PT","TS3",3,"PT_TS3_3",2.5,"T",48.1844,2.20499529498913e-07,26
"20260309_070",2026-03-09,"CD","TS3",3,"CD_TS3_3",2.5,"C",36.49712,1.43454627180359e-06,26
"20260309_070",2026-03-09,"CD","TS3",3,"CD_TS3_3",2.5,"D",40.80296,2.42251765935532e-07,26
"20260309_071",2026-03-09,"CDLT","TS3",3,"CDLT_TS3_3",2.5,"C",25.63,1.44804013921718e-06,26
"20260309_071",2026-03-09,"CDLT","TS3",3,"CDLT_TS3_3",2.5,"D",0,0,26
"20260309_071",2026-03-09,"CDLT","TS3",3,"CDLT_TS3_3",2.5,"L",25.63,1.43517821719388e-06,26
"20260309_071",2026-03-09,"CDLT","TS3",3,"CDLT_TS3_3",2.5,"T",51.26,2.397058399849e-07,26
"20260309_072",2026-03-09,"DPT","TS3",3,"DPT_TS3_3",2.5,"D",25.63,3.05191715143733e-07,26
"20260309_072",2026-03-09,"DPT","TS3",3,"DPT_TS3_3",2.5,"P",378.70888,3.49194293608455e-05,26
"20260309_072",2026-03-09,"DPT","TS3",3,"DPT_TS3_3",2.5,"T",51.26,3.66413515773739e-07,26
"20260309_073",2026-03-09,"CLT","TS3",3,"CLT_TS3_3",2.5,"C",0,0,26
"20260309_073",2026-03-09,"CLT","TS3",3,"CLT_TS3_3",2.5,"L",0,0,26
"20260309_073",2026-03-09,"CLT","TS3",3,"CLT_TS3_3",2.5,"T",76.89,1.09200623296281e-06,26
"20260309_074",2026-03-09,"CD","TS3",1,"CD_TS3_1",2.5,"C",25.63,4.38235702205333e-08,26
"20260309_074",2026-03-09,"CD","TS3",1,"CD_TS3_1",2.5,"D",25.63,1.6584596609372e-07,26
"20260309_075",2026-03-09,"PT","TS3",2,"PT_TS3_2",2.5,"P",330.72952,2.26282432177873e-05,26
"20260309_075",2026-03-09,"PT","TS3",2,"PT_TS3_2",2.5,"T",56.59104,6.29362430776531e-07,26
"20260309_076",2026-03-09,"PT","TS3",1,"PT_TS3_1",2.5,"P",385.27016,3.99893735079221e-05,26
"20260309_076",2026-03-09,"PT","TS3",1,"PT_TS3_1",2.5,"T",31.6605882352941,6.64391643401942e-07,26
"20260309_077",2026-03-09,"CDPT","TS3",3,"CDPT_TS3_3",2.5,"C",25.63,1.38370635960467e-06,26
"20260309_077",2026-03-09,"CDPT","TS3",3,"CDPT_TS3_3",2.5,"D",0,0,26
"20260309_077",2026-03-09,"CDPT","TS3",3,"CDPT_TS3_3",2.5,"P",187.40656,1.16646327575846e-05,26
"20260309_077",2026-03-09,"CDPT","TS3",3,"CDPT_TS3_3",2.5,"T",97.59904,8.2219301549345e-07,26
"20260309_078",2026-03-09,"CDPT","TS3",1,"CDPT_TS3_1",2.5,"C",25.63,1.68997958301705e-06,26
"20260309_078",2026-03-09,"CDPT","TS3",1,"CDPT_TS3_1",2.5,"D",25.63,3.51358216310537e-07,26
"20260309_078",2026-03-09,"CDPT","TS3",1,"CDPT_TS3_1",2.5,"P",252.60928,1.82483512235704e-05,26
"20260309_078",2026-03-09,"CDPT","TS3",1,"CDPT_TS3_1",2.5,"T",45.51888,1.50868545184645e-07,26
"20260309_079",2026-03-09,"DPT","TS3",1,"DPT_TS3_1",2.5,"D",0,0,26
"20260309_079",2026-03-09,"DPT","TS3",1,"DPT_TS3_1",2.5,"P",384.24496,2.66849950745367e-05,26
"20260309_079",2026-03-09,"DPT","TS3",1,"DPT_TS3_1",2.5,"T",0,0,26
"20260309_080",2026-03-09,"CLT","TS3",2,"CLT_TS3_2",2.5,"C",0,0,26
"20260309_080",2026-03-09,"CLT","TS3",2,"CLT_TS3_2",2.5,"L",0,0,26
"20260309_080",2026-03-09,"CLT","TS3",2,"CLT_TS3_2",2.5,"T",76.89,1.11626611274369e-06,26
"20260309_081",2026-03-09,"LT","TS3",2,"LT_TS3_2",2.5,"L",118.30808,1.05535999046329e-06,26
"20260309_081",2026-03-09,"LT","TS3",2,"LT_TS3_2",2.5,"T",878.80144,1.03588021164915e-05,26
"20260309_082",2026-03-09,"PT","TS4",1,"PT_TS4_1",2.5,"P",216.93232,1.44563529895816e-05,26
"20260309_082",2026-03-09,"PT","TS4",1,"PT_TS4_1",2.5,"T",25.63,1.65042007722455e-07,26
"20260309_083",2026-03-09,"DPT","TS4",2,"DPT_TS4_2",2.5,"D",25.63,9.80773630496692e-08,26
"20260309_083",2026-03-09,"DPT","TS4",2,"DPT_TS4_2",2.5,"P",511.77984,3.73418812062988e-05,26
"20260309_083",2026-03-09,"DPT","TS4",2,"DPT_TS4_2",2.5,"T",0,0,26
"20260309_084",2026-03-09,"CDLP","TS4",3,"CDLP_TS4_3",2.5,"C",75.45472,9.71885959977617e-06,26
"20260309_084",2026-03-09,"CDLP","TS4",3,"CDLP_TS4_3",2.5,"D",0,0,26
"20260309_084",2026-03-09,"CDLP","TS4",3,"CDLP_TS4_3",2.5,"L",25.63,3.63079909870647e-08,26
"20260309_084",2026-03-09,"CDLP","TS4",3,"CDLP_TS4_3",2.5,"P",236.61616,1.61433701946775e-05,26
"20260309_085",2026-03-09,"PT","TS4",2,"PT_TS4_2",2.5,"P",346.92768,2.27811770909937e-05,26
"20260309_085",2026-03-09,"PT","TS4",2,"PT_TS4_2",2.5,"T",38.13744,2.78239309090131e-07,26
"20260309_086",2026-03-09,"CDPT","TS4",1,"CDPT_TS4_1",2.5,"C",0,0,26
"20260309_086",2026-03-09,"CDPT","TS4",1,"CDPT_TS4_1",2.5,"D",0,0,26
"20260309_086",2026-03-09,"CDPT","TS4",1,"CDPT_TS4_1",2.5,"P",171.61848,1.33075812453278e-05,26
"20260309_086",2026-03-09,"CDPT","TS4",1,"CDPT_TS4_1",2.5,"T",51.26,2.88445310269776e-06,26
"20260309_087",2026-03-09,"PT","TS4",3,"PT_TS4_3",2.5,"P",348.36296,3.46083272874483e-05,26
"20260309_087",2026-03-09,"PT","TS4",3,"PT_TS4_3",2.5,"T",38.7680672268908,2.29402607775259e-06,26
"20260309_088",2026-03-09,"DPT","TS4",3,"DPT_TS4_3",2.5,"D",25.63,1.62252912448131e-06,26
"20260309_088",2026-03-09,"DPT","TS4",3,"DPT_TS4_3",2.5,"P",285.62072,2.4451089609255e-05,26
"20260309_088",2026-03-09,"DPT","TS4",3,"DPT_TS4_3",2.5,"T",62.5372,1.36765031107664e-06,26
"20260309_089",2026-03-09,"CDLT","TS4",2,"CDLT_TS4_2",2.5,"C",0,0,26
"20260309_089",2026-03-09,"CDLT","TS4",2,"CDLT_TS4_2",2.5,"D",0,0,26
"20260309_089",2026-03-09,"CDLT","TS4",2,"CDLT_TS4_2",2.5,"L",25.63,2.56876775330449e-07,26
"20260309_089",2026-03-09,"CDLT","TS4",2,"CDLT_TS4_2",2.5,"T",25.63,1.27201048247121e-07,26
"20260309_090",2026-03-09,"CDPT","TS4",2,"CDPT_TS4_2",2.5,"C",25.63,3.55977421055724e-07,26
"20260309_090",2026-03-09,"CDPT","TS4",2,"CDPT_TS4_2",2.5,"D",25.63,5.04459993300904e-07,26
"20260309_090",2026-03-09,"CDPT","TS4",2,"CDPT_TS4_2",2.5,"P",258.76048,2.22418182239244e-05,26
"20260309_090",2026-03-09,"CDPT","TS4",2,"CDPT_TS4_2",2.5,"T",76.89,1.04827161588077e-06,26
"20260309_091",2026-03-09,"CLT","TS4",1,"CLT_TS4_1",2.5,"C",0,0,26
"20260309_091",2026-03-09,"CLT","TS4",1,"CLT_TS4_1",2.5,"L",0,0,26
"20260309_091",2026-03-09,"CLT","TS4",1,"CLT_TS4_1",2.5,"T",51.26,9.76343535402147e-07,26
"20260309_092",2026-03-09,"LP","TS4",3,"LP_TS4_3",2.5,"L",0,0,26
"20260309_092",2026-03-09,"LP","TS4",3,"LP_TS4_3",2.5,"P",293.82232,2.06971570589404e-05,26
"20260309_093",2026-03-09,"CLT","TS4",3,"CLT_TS4_3",2.5,"C",25.63,1.67112694836105e-07,26
"20260309_093",2026-03-09,"CLT","TS4",3,"CLT_TS4_3",2.5,"L",0,0,26
"20260309_093",2026-03-09,"CLT","TS4",3,"CLT_TS4_3",2.5,"T",51.26,4.06550350156395e-07,26
"20260309_094",2026-03-09,"CDLP","TS4",2,"CDLP_TS4_2",2.5,"C",25.63,2.43650712128984e-06,26
"20260309_094",2026-03-09,"CDLP","TS4",2,"CDLP_TS4_2",2.5,"D",0,0,26
"20260309_094",2026-03-09,"CDLP","TS4",2,"CDLP_TS4_2",2.5,"L",0,0,26
"20260309_094",2026-03-09,"CDLP","TS4",2,"CDLP_TS4_2",2.5,"P",392.24152,2.98850620100855e-05,26
"20260309_095",2026-03-09,"LP","TS4",2,"LP_TS4_2",2.5,"L",29.1437903225806,6.39505643230854e-07,26
"20260309_095",2026-03-09,"LP","TS4",2,"LP_TS4_2",2.5,"P",372.55768,2.71959230324335e-05,26
"20260309_096",2026-03-09,"CDLT","TS4",3,"CDLT_TS4_3",2.5,"C",0,0,26
"20260309_096",2026-03-09,"CDLT","TS4",3,"CDLT_TS4_3",2.5,"D",0,0,26
"20260309_096",2026-03-09,"CDLT","TS4",3,"CDLT_TS4_3",2.5,"L",25.63,8.40965936685766e-09,26
"20260309_096",2026-03-09,"CDLT","TS4",3,"CDLT_TS4_3",2.5,"T",25.63,9.16722889122348e-07,26
"20260309_097",2026-03-09,"LP","TS4",1,"LP_TS4_1",2.5,"L",50.43984,3.52910034228351e-07,26
"20260309_097",2026-03-09,"LP","TS4",1,"LP_TS4_1",2.5,"P",281.93,1.53249745256101e-05,26
"20260309_098",2026-03-09,"CDLT","TS4",1,"CDLT_TS4_1",2.5,"C",0,0,26
"20260309_098",2026-03-09,"CDLT","TS4",1,"CDLT_TS4_1",2.5,"D",0,0,26
"20260309_098",2026-03-09,"CDLT","TS4",1,"CDLT_TS4_1",2.5,"L",0,0,26
"20260309_098",2026-03-09,"CDLT","TS4",1,"CDLT_TS4_1",2.5,"T",25.63,1.25732862515893e-07,26
"20260309_099",2026-03-09,"CDLP","TS4",1,"CDLP_TS4_1",2.5,"C",25.63,9.28693404344109e-07,26
"20260309_099",2026-03-09,"CDLP","TS4",1,"CDLP_TS4_1",2.5,"D",25.63,7.58475736814719e-07,26
"20260309_099",2026-03-09,"CDLP","TS4",1,"CDLP_TS4_1",2.5,"L",46.134,3.07744171162525e-07,26
"20260309_099",2026-03-09,"CDLP","TS4",1,"CDLP_TS4_1",2.5,"P",287.26104,2.72030173788373e-05,26
"20260309_100",2026-03-09,"DPT","TS4",1,"DPT_TS4_1",2.5,"D",0,0,26
"20260309_100",2026-03-09,"DPT","TS4",1,"DPT_TS4_1",2.5,"P",461.34,3.35514281823948e-05,26
"20260309_100",2026-03-09,"DPT","TS4",1,"DPT_TS4_1",2.5,"T",0,0,26
"20260309_101",2026-03-09,"LT","TS4",1,"LT_TS4_1",2.5,"L",61.71704,6.85947568515059e-07,26
"20260309_101",2026-03-09,"LT","TS4",1,"LT_TS4_1",2.5,"T",461.75008,4.91516842234565e-06,26
"20260309_102",2026-03-09,"CDPT","TS4",3,"CDPT_TS4_3",2.5,"C",46.33904,3.15041192114749e-06,26
"20260309_102",2026-03-09,"CDPT","TS4",3,"CDPT_TS4_3",2.5,"D",0,0,26
"20260309_102",2026-03-09,"CDPT","TS4",3,"CDPT_TS4_3",2.5,"P",461.54504,3.30467108599494e-05,26
"20260309_102",2026-03-09,"CDPT","TS4",3,"CDPT_TS4_3",2.5,"T",51.26,8.53629827862235e-07,26
"20260309_103",2026-03-09,"LPT","TS4",1,"LPT_TS4_1",2.5,"L",0,0,26
"20260309_103",2026-03-09,"LPT","TS4",1,"LPT_TS4_1",2.5,"P",190.6872,1.21955789939873e-05,26
"20260309_103",2026-03-09,"LPT","TS4",1,"LPT_TS4_1",2.5,"T",35.67696,3.5540088674811e-06,26
"20260309_104",2026-03-09,"LT","TS4",3,"LT_TS4_3",2.5,"L",31.2107258064516,3.66966522498677e-07,26
"20260309_104",2026-03-09,"LT","TS4",3,"LT_TS4_3",2.5,"T",361.69056,4.87846919168517e-06,26
"20260309_105",2026-03-09,"LT","TS4",2,"LT_TS4_2",2.5,"L",100.05952,1.01906983561819e-06,26
"20260309_105",2026-03-09,"LT","TS4",2,"LT_TS4_2",2.5,"T",372.1476,3.59935974045679e-06,26
"20260309_106",2026-03-09,"CLT","TS4",2,"CLT_TS4_2",2.5,"C",0,0,26
"20260309_106",2026-03-09,"CLT","TS4",2,"CLT_TS4_2",2.5,"L",0,0,26
"20260309_106",2026-03-09,"CLT","TS4",2,"CLT_TS4_2",2.5,"T",0,0,26
"20260309_107",2026-03-09,"LPT","TS4",2,"LPT_TS4_2",2.5,"L",51.26,5.94881367545513e-07,26
"20260309_107",2026-03-09,"LPT","TS4",2,"LPT_TS4_2",2.5,"P",501.52784,3.85760244211879e-05,26
"20260309_107",2026-03-09,"LPT","TS4",2,"LPT_TS4_2",2.5,"T",25.63,9.75564465574332e-08,26
"20260309_108",2026-03-09,"LPT","TS4",3,"LPT_TS4_3",2.5,"L",0,0,26
"20260309_108",2026-03-09,"LPT","TS4",3,"LPT_TS4_3",2.5,"P",318.63216,2.65923191705492e-05,26
"20260309_108",2026-03-09,"LPT","TS4",3,"LPT_TS4_3",2.5,"T",25.63,8.64339823493457e-08,26
"20260310_001",2026-03-10,"DLPT","TS1",3,"DLPT_TS1_3",2.5,"D",0,0,27
"20260310_001",2026-03-10,"DLPT","TS1",3,"DLPT_TS1_3",2.5,"L",0,0,27
"20260310_001",2026-03-10,"DLPT","TS1",3,"DLPT_TS1_3",2.5,"P",86.32184,9.54973145058e-06,27
"20260310_001",2026-03-10,"DLPT","TS1",3,"DLPT_TS1_3",2.5,"T",25.63,4.38919891919319e-08,27
"20260310_002",2026-03-10,"LPT","TS1",1,"LPT_TS1_1",2.5,"L",25.63,9.21359689783621e-08,27
"20260310_002",2026-03-10,"LPT","TS1",1,"LPT_TS1_1",2.5,"P",139.83728,1.73585515246036e-05,27
"20260310_002",2026-03-10,"LPT","TS1",1,"LPT_TS1_1",2.5,"T",50.64488,2.25159922980557e-06,27
"20260310_003",2026-03-10,"DLPT","TS1",2,"DLPT_TS1_2",2.5,"D",0,0,27
"20260310_003",2026-03-10,"DLPT","TS1",2,"DLPT_TS1_2",2.5,"L",0,0,27
"20260310_003",2026-03-10,"DLPT","TS1",2,"DLPT_TS1_2",2.5,"P",224.92888,1.44615435777623e-05,27
"20260310_003",2026-03-10,"DLPT","TS1",2,"DLPT_TS1_2",2.5,"T",0,0,27
"20260310_004",2026-03-10,"CD","TS1",3,"CD_TS1_3",2.5,"C",0,0,27
"20260310_004",2026-03-10,"CD","TS1",3,"CD_TS1_3",2.5,"D",25.63,2.98813347619904e-07,27
"20260310_005",2026-03-10,"CLT","TS1",1,"CLT_TS1_1",2.5,"C",0,0,27
"20260310_005",2026-03-10,"CLT","TS1",1,"CLT_TS1_1",2.5,"L",0,0,27
"20260310_005",2026-03-10,"CLT","TS1",1,"CLT_TS1_1",2.5,"T",25.63,1.49014615029843e-07,27
"20260310_006",2026-03-10,"DPT","TS1",3,"DPT_TS1_3",2.5,"D",0,0,27
"20260310_006",2026-03-10,"DPT","TS1",3,"DPT_TS1_3",2.5,"P",121.79376,1.92907252272483e-05,27
"20260310_006",2026-03-10,"DPT","TS1",3,"DPT_TS1_3",2.5,"T",25.63,2.08699336085401e-07,27
"20260310_007",2026-03-10,"CLT","TS1",2,"CLT_TS1_2",2.5,"C",25.63,3.31536975923717e-06,27
"20260310_007",2026-03-10,"CLT","TS1",2,"CLT_TS1_2",2.5,"L",0,0,27
"20260310_007",2026-03-10,"CLT","TS1",2,"CLT_TS1_2",2.5,"T",0,0,27
"20260310_008",2026-03-10,"CDLP","TS1",2,"CDLP_TS1_2",2.5,"C",0,0,27
"20260310_008",2026-03-10,"CDLP","TS1",2,"CDLP_TS1_2",2.5,"D",0,0,27
"20260310_008",2026-03-10,"CDLP","TS1",2,"CDLP_TS1_2",2.5,"L",0,0,27
"20260310_008",2026-03-10,"CDLP","TS1",2,"CDLP_TS1_2",2.5,"P",105.39056,1.07820107309901e-05,27
"20260310_009",2026-03-10,"PT","TS1",1,"PT_TS1_1",2.5,"P",206.88536,1.62406198340868e-05,27
"20260310_009",2026-03-10,"PT","TS1",1,"PT_TS1_1",2.5,"T",25.63,2.52195797744083e-07,27
"20260310_010",2026-03-10,"LPT","TS1",2,"LPT_TS1_2",2.5,"L",25.63,6.34648907595487e-08,27
"20260310_010",2026-03-10,"LPT","TS1",2,"LPT_TS1_2",2.5,"P",51.26,7.82761537588318e-06,27
"20260310_010",2026-03-10,"LPT","TS1",2,"LPT_TS1_2",2.5,"T",25.63,1.34110345993863e-07,27
"20260310_011",2026-03-10,"CDLT","TS1",3,"CDLT_TS1_3",2.5,"C",0,0,27
"20260310_011",2026-03-10,"CDLT","TS1",3,"CDLT_TS1_3",2.5,"D",0,0,27
"20260310_011",2026-03-10,"CDLT","TS1",3,"CDLT_TS1_3",2.5,"L",0,0,27
"20260310_011",2026-03-10,"CDLT","TS1",3,"CDLT_TS1_3",2.5,"T",25.63,4.70595868982618e-07,27
"20260310_012",2026-03-10,"DLPT","TS1",1,"DLPT_TS1_1",2.5,"D",25.63,2.37825513368171e-07,27
"20260310_012",2026-03-10,"DLPT","TS1",1,"DLPT_TS1_1",2.5,"L",0,0,27
"20260310_012",2026-03-10,"DLPT","TS1",1,"DLPT_TS1_1",2.5,"P",264.5016,3.21111652527541e-05,27
"20260310_012",2026-03-10,"DLPT","TS1",1,"DLPT_TS1_1",2.5,"T",51.26,6.86401623556867e-07,27
"20260310_013",2026-03-10,"LT","TS1",3,"LT_TS1_3",2.5,"L",25.63,1.36709436414341e-07,27
"20260310_013",2026-03-10,"LT","TS1",3,"LT_TS1_3",2.5,"T",41.21304,4.17078316200866e-07,27
"20260310_014",2026-03-10,"CDLT","TS1",2,"CDLT_TS1_2",2.5,"C",0,0,27
"20260310_014",2026-03-10,"CDLT","TS1",2,"CDLT_TS1_2",2.5,"D",0,0,27
"20260310_014",2026-03-10,"CDLT","TS1",2,"CDLT_TS1_2",2.5,"L",0,0,27
"20260310_014",2026-03-10,"CDLT","TS1",2,"CDLT_TS1_2",2.5,"T",25.63,1.60734544546024e-07,27
"20260310_015",2026-03-10,"LT","TS1",2,"LT_TS1_2",2.5,"L",51.05496,1.17117430296257e-06,27
"20260310_015",2026-03-10,"LT","TS1",2,"LT_TS1_2",2.5,"T",76.89,1.99483486566503e-06,27
"20260310_016",2026-03-10,"CDLT","TS1",1,"CDLT_TS1_1",2.5,"C",38.13744,6.07524154519623e-06,27
"20260310_016",2026-03-10,"CDLT","TS1",1,"CDLT_TS1_1",2.5,"D",25.63,1.52679172638349e-06,27
"20260310_016",2026-03-10,"CDLT","TS1",1,"CDLT_TS1_1",2.5,"L",0,0,27
"20260310_016",2026-03-10,"CDLT","TS1",1,"CDLT_TS1_1",2.5,"T",0,0,27
"20260310_017",2026-03-10,"DPT","TS1",1,"DPT_TS1_1",2.5,"D",0,0,27
"20260310_017",2026-03-10,"DPT","TS1",1,"DPT_TS1_1",2.5,"P",355.53936,4.04390911833542e-05,27
"20260310_017",2026-03-10,"DPT","TS1",1,"DPT_TS1_1",2.5,"T",66.43296,6.25792946923511e-07,27
"20260310_018",2026-03-10,"DPT","TS1",2,"DPT_TS1_2",2.5,"D",0,0,27
"20260310_018",2026-03-10,"DPT","TS1",2,"DPT_TS1_2",2.5,"P",355.12928,5.25731152173627e-05,27
"20260310_018",2026-03-10,"DPT","TS1",2,"DPT_TS1_2",2.5,"T",25.63,3.32977857961154e-07,27
"20260310_019",2026-03-10,"PT","TS1",3,"PT_TS1_3",2.5,"P",281.93,2.96966288405561e-05,27
"20260310_019",2026-03-10,"PT","TS1",3,"PT_TS1_3",2.5,"T",0,0,27
"20260310_020",2026-03-10,"CDLP","TS1",1,"CDLP_TS1_1",2.5,"C",0,0,27
"20260310_020",2026-03-10,"CDLP","TS1",1,"CDLP_TS1_1",2.5,"D",0,0,27
"20260310_020",2026-03-10,"CDLP","TS1",1,"CDLP_TS1_1",2.5,"L",0,0,27
"20260310_020",2026-03-10,"CDLP","TS1",1,"CDLP_TS1_1",2.5,"P",31.98624,4.82552407328251e-06,27
"20260310_021",2026-03-10,"CDLP","TS1",3,"CDLP_TS1_3",2.5,"C",0,0,27
"20260310_021",2026-03-10,"CDLP","TS1",3,"CDLP_TS1_3",2.5,"D",0,0,27
"20260310_021",2026-03-10,"CDLP","TS1",3,"CDLP_TS1_3",2.5,"L",25.63,1.65918966850239e-07,27
"20260310_021",2026-03-10,"CDLP","TS1",3,"CDLP_TS1_3",2.5,"P",232.92544,2.76689218951374e-05,27
"20260310_022",2026-03-10,"CD","TS1",1,"CD_TS1_1",2.5,"C",0,0,27
"20260310_022",2026-03-10,"CD","TS1",1,"CD_TS1_1",2.5,"D",25.63,3.31356580290598e-07,27
"20260310_023",2026-03-10,"LPT","TS1",3,"LPT_TS1_3",2.5,"L",25.63,9.09401470264627e-08,27
"20260310_023",2026-03-10,"LPT","TS1",3,"LPT_TS1_3",2.5,"P",281.72496,2.2844204720893e-05,27
"20260310_023",2026-03-10,"LPT","TS1",3,"LPT_TS1_3",2.5,"T",0,0,27
"20260310_024",2026-03-10,"LT","TS1",1,"LT_TS1_1",2.5,"L",61.92208,7.91897229504018e-07,27
"20260310_024",2026-03-10,"LT","TS1",1,"LT_TS1_1",2.5,"T",109.08128,3.61956991504669e-06,27
"20260310_025",2026-03-10,"CLT","TS1",3,"CLT_TS1_3",2.5,"C",41.21304,1.91113100250898e-06,27
"20260310_025",2026-03-10,"CLT","TS1",3,"CLT_TS1_3",2.5,"L",0,0,27
"20260310_025",2026-03-10,"CLT","TS1",3,"CLT_TS1_3",2.5,"T",0,0,27
"20260310_026",2026-03-10,"CD","TS1",2,"CD_TS1_2",2.5,"C",0,0,27
"20260310_026",2026-03-10,"CD","TS1",2,"CD_TS1_2",2.5,"D",25.63,4.63974599937945e-07,27
"20260310_027",2026-03-10,"PT","TS1",2,"PT_TS1_2",2.5,"P",77.30008,6.89403255659098e-06,27
"20260310_027",2026-03-10,"PT","TS1",2,"PT_TS1_2",2.5,"T",51.26,3.1389204572937e-07,27
"20260310_028",2026-03-10,"CLT","TS2",1,"CLT_TS2_1",2.5,"C",0,0,27
"20260310_028",2026-03-10,"CLT","TS2",1,"CLT_TS2_1",2.5,"L",0,0,27
"20260310_028",2026-03-10,"CLT","TS2",1,"CLT_TS2_1",2.5,"T",25.63,1.88835718893915e-07,27
"20260310_029",2026-03-10,"CP","TS2",1,"CP_TS2_1",2.5,"C",0,0,27
"20260310_029",2026-03-10,"CP","TS2",1,"CP_TS2_1",2.5,"P",195.8132,2.11486985831186e-05,27
"20260310_030",2026-03-10,"CDPT","TS2",1,"CDPT_TS2_1",2.5,"C",31.98624,2.93818748693681e-06,27
"20260310_030",2026-03-10,"CDPT","TS2",1,"CDPT_TS2_1",2.5,"D",0,0,27
"20260310_030",2026-03-10,"CDPT","TS2",1,"CDPT_TS2_1",2.5,"P",217.3424,2.22610826652512e-05,27
"20260310_030",2026-03-10,"CDPT","TS2",1,"CDPT_TS2_1",2.5,"T",0,0,27
"20260310_031",2026-03-10,"CDPT","TS2",3,"CDPT_TS2_3",2.5,"C",0,0,27
"20260310_031",2026-03-10,"CDPT","TS2",3,"CDPT_TS2_3",2.5,"D",0,0,27
"20260310_031",2026-03-10,"CDPT","TS2",3,"CDPT_TS2_3",2.5,"P",140.86248,9.21756996547069e-06,27
"20260310_031",2026-03-10,"CDPT","TS2",3,"CDPT_TS2_3",2.5,"T",25.63,1.81046078399035e-07,27
"20260310_032",2026-03-10,"LT","TS2",3,"LT_TS2_3",2.5,"L",169.97816,2.65578219214107e-06,27
"20260310_032",2026-03-10,"LT","TS2",3,"LT_TS2_3",2.5,"T",405.56912,7.05160601018539e-06,27
"20260310_033",2026-03-10,"PT","TS2",3,"PT_TS2_3",2.5,"P",516.7008,5.45704924047178e-05,27
"20260310_033",2026-03-10,"PT","TS2",3,"PT_TS2_3",2.5,"T",27.9409016393443,1.89411946719924e-06,27
"20260310_034",2026-03-10,"DPT","TS2",3,"DPT_TS2_3",2.5,"D",49.2096,4.94740867375902e-06,27
"20260310_034",2026-03-10,"DPT","TS2",3,"DPT_TS2_3",2.5,"P",286.44088,3.78973280368108e-05,27
"20260310_034",2026-03-10,"DPT","TS2",3,"DPT_TS2_3",2.5,"T",33.21648,3.52539831092865e-07,27
"20260310_035",2026-03-10,"PT","TS2",1,"PT_TS2_1",2.5,"P",416.84632,3.74592821758933e-05,27
"20260310_035",2026-03-10,"PT","TS2",1,"PT_TS2_1",2.5,"T",37.9324,2.10061892104925e-07,27
"20260310_036",2026-03-10,"CDLT","TS2",3,"CDLT_TS2_3",2.5,"C",25.63,1.63953365243352e-06,27
"20260310_036",2026-03-10,"CDLT","TS2",3,"CDLT_TS2_3",2.5,"D",25.63,1.6410631123217e-07,27
"20260310_036",2026-03-10,"CDLT","TS2",3,"CDLT_TS2_3",2.5,"L",25.63,3.21366942849233e-08,27
"20260310_036",2026-03-10,"CDLT","TS2",3,"CDLT_TS2_3",2.5,"T",0,0,27
"20260310_037",2026-03-10,"CDLP","TS2",2,"CDLP_TS2_2",2.5,"C",42.44328,2.35385213743748e-06,27
"20260310_037",2026-03-10,"CDLP","TS2",2,"CDLP_TS2_2",2.5,"D",51.26,6.9212369139969e-06,27
"20260310_037",2026-03-10,"CDLP","TS2",2,"CDLP_TS2_2",2.5,"L",25.63,3.05179843209367e-07,27
"20260310_037",2026-03-10,"CDLP","TS2",2,"CDLP_TS2_2",2.5,"P",370.91736,3.12967452476916e-05,27
"20260310_038",2026-03-10,"CDLT","TS2",2,"CDLT_TS2_2",2.5,"C",0,0,27
"20260310_038",2026-03-10,"CDLT","TS2",2,"CDLT_TS2_2",2.5,"D",0,0,27
"20260310_038",2026-03-10,"CDLT","TS2",2,"CDLT_TS2_2",2.5,"L",0,0,27
"20260310_038",2026-03-10,"CDLT","TS2",2,"CDLT_TS2_2",2.5,"T",25.63,2.0453597545663e-07,27
"20260310_039",2026-03-10,"CDPT","TS2",2,"CDPT_TS2_2",2.5,"C",25.63,6.43540239443168e-08,27
"20260310_039",2026-03-10,"CDPT","TS2",2,"CDPT_TS2_2",2.5,"D",0,0,27
"20260310_039",2026-03-10,"CDPT","TS2",2,"CDPT_TS2_2",2.5,"P",403.72376,3.78401519980648e-05,27
"20260310_039",2026-03-10,"CDPT","TS2",2,"CDPT_TS2_2",2.5,"T",25.63,3.10052108378606e-07,27
"20260310_040",2026-03-10,"CLT","TS2",3,"CLT_TS2_3",2.5,"C",0,0,27
"20260310_040",2026-03-10,"CLT","TS2",3,"CLT_TS2_3",2.5,"L",25.63,2.13322954798898e-07,27
"20260310_040",2026-03-10,"CLT","TS2",3,"CLT_TS2_3",2.5,"T",0,0,27
"20260310_041",2026-03-10,"PT","TS2",2,"PT_TS2_2",2.5,"P",231.08008,2.38261985766797e-05,27
"20260310_041",2026-03-10,"PT","TS2",2,"PT_TS2_2",2.5,"T",25.63,1.47249385193509e-07,27
"20260310_042",2026-03-10,"DLP","TS2",3,"DLP_TS2_3",2.5,"D",25.63,2.53918530294423e-07,27
"20260310_042",2026-03-10,"DLP","TS2",3,"DLP_TS2_3",2.5,"L",0,0,27
"20260310_042",2026-03-10,"DLP","TS2",3,"DLP_TS2_3",2.5,"P",141.88768,1.90524147465186e-05,27
"20260310_043",2026-03-10,"CDLP","TS2",1,"CDLP_TS2_1",2.5,"C",25.63,1.70373464779643e-07,27
"20260310_043",2026-03-10,"CDLP","TS2",1,"CDLP_TS2_1",2.5,"D",25.63,1.51040520068287e-07,27
"20260310_043",2026-03-10,"CDLP","TS2",1,"CDLP_TS2_1",2.5,"L",0,0,27
"20260310_043",2026-03-10,"CDLP","TS2",1,"CDLP_TS2_1",2.5,"P",256.50504,2.86279193581268e-05,27
"20260310_044",2026-03-10,"LT","TS2",2,"LT_TS2_2",2.5,"L",0,0,27
"20260310_044",2026-03-10,"LT","TS2",2,"LT_TS2_2",2.5,"T",228.00448,2.39109316383825e-06,27
"20260310_045",2026-03-10,"CLT","TS2",2,"CLT_TS2_2",2.5,"C",34.03664,2.832074656778e-07,27
"20260310_045",2026-03-10,"CLT","TS2",2,"CLT_TS2_2",2.5,"L",0,0,27
"20260310_045",2026-03-10,"CLT","TS2",2,"CLT_TS2_2",2.5,"T",51.26,6.08517344635055e-07,27
"20260310_046",2026-03-10,"DPT","TS2",1,"DPT_TS2_1",2.5,"D",0,0,27
"20260310_046",2026-03-10,"DPT","TS2",1,"DPT_TS2_1",2.5,"P",128.56008,1.24055889528246e-05,27
"20260310_046",2026-03-10,"DPT","TS2",1,"DPT_TS2_1",2.5,"T",25.63,1.54736327614927e-07,27
"20260310_047",2026-03-10,"DLP","TS2",2,"DLP_TS2_2",2.5,"D",51.26,3.93343159825486e-06,27
"20260310_047",2026-03-10,"DLP","TS2",2,"DLP_TS2_2",2.5,"L",25.63,9.39206588063189e-07,27
"20260310_047",2026-03-10,"DLP","TS2",2,"DLP_TS2_2",2.5,"P",480.40872,5.20851287579556e-05,27
"20260310_048",2026-03-10,"DPT","TS2",2,"DPT_TS2_2",2.5,"D",0,0,27
"20260310_048",2026-03-10,"DPT","TS2",2,"DPT_TS2_2",2.5,"P",266.96208,4.08180561676442e-05,27
"20260310_048",2026-03-10,"DPT","TS2",2,"DPT_TS2_2",2.5,"T",25.63,3.58307951540089e-07,27
"20260310_049",2026-03-10,"CP","TS2",3,"CP_TS2_3",2.5,"C",0,0,27
"20260310_049",2026-03-10,"CP","TS2",3,"CP_TS2_3",2.5,"P",144.5532,1.82070601186263e-05,27
"20260310_050",2026-03-10,"CP","TS2",2,"CP_TS2_2",2.5,"C",25.63,1.35098020998436e-07,27
"20260310_050",2026-03-10,"CP","TS2",2,"CP_TS2_2",2.5,"P",107.44096,1.00536503615567e-05,27
"20260310_051",2026-03-10,"CDLT","TS2",1,"CDLT_TS2_1",2.5,"C",0,0,27
"20260310_051",2026-03-10,"CDLT","TS2",1,"CDLT_TS2_1",2.5,"D",0,0,27
"20260310_051",2026-03-10,"CDLT","TS2",1,"CDLT_TS2_1",2.5,"L",25.63,3.25176685910876e-07,27
"20260310_051",2026-03-10,"CDLT","TS2",1,"CDLT_TS2_1",2.5,"T",0,0,27
"20260310_052",2026-03-10,"CDLP","TS2",3,"CDLP_TS2_3",2.5,"C",0,0,27
"20260310_052",2026-03-10,"CDLP","TS2",3,"CDLP_TS2_3",2.5,"D",25.63,4.94295601319176e-07,27
"20260310_052",2026-03-10,"CDLP","TS2",3,"CDLP_TS2_3",2.5,"L",70.12368,2.98717612445274e-06,27
"20260310_052",2026-03-10,"CDLP","TS2",3,"CDLP_TS2_3",2.5,"P",110.31152,1.45325474393882e-05,27
"20260310_053",2026-03-10,"DLP","TS2",1,"DLP_TS2_1",2.5,"D",0,0,27
"20260310_053",2026-03-10,"DLP","TS2",1,"DLP_TS2_1",2.5,"L",0,0,27
"20260310_053",2026-03-10,"DLP","TS2",1,"DLP_TS2_1",2.5,"P",234.56576,2.99280425559782e-05,27
"20260310_054",2026-03-10,"LT","TS2",1,"LT_TS2_1",2.5,"L",142.5028,2.01090856162266e-06,27
"20260310_054",2026-03-10,"LT","TS2",1,"LT_TS2_1",2.5,"T",355.12928,6.19175259039095e-06,27
"20260310_055",2026-03-10,"CDLP","TS3",3,"CDLP_TS3_3",2.5,"C",51.26,2.57353334576452e-06,27
"20260310_055",2026-03-10,"CDLP","TS3",3,"CDLP_TS3_3",2.5,"D",0,0,27
"20260310_055",2026-03-10,"CDLP","TS3",3,"CDLP_TS3_3",2.5,"L",0,0,27
"20260310_055",2026-03-10,"CDLP","TS3",3,"CDLP_TS3_3",2.5,"P",139.63224,1.1244934237486e-05,27
"20260310_056",2026-03-10,"CDPT","TS3",2,"CDPT_TS3_2",2.5,"C",25.63,7.93340182534326e-07,27
"20260310_056",2026-03-10,"CDPT","TS3",2,"CDPT_TS3_2",2.5,"D",25.63,8.86275231529333e-07,27
"20260310_056",2026-03-10,"CDPT","TS3",2,"CDPT_TS3_2",2.5,"P",241.74216,2.66154610825973e-05,27
"20260310_056",2026-03-10,"CDPT","TS3",2,"CDPT_TS3_2",2.5,"T",51.26,7.27913386269437e-07,27
"20260310_057",2026-03-10,"CDLT","TS3",2,"CDLT_TS3_2",2.5,"C",37.72736,2.54749904231314e-06,27
"20260310_057",2026-03-10,"CDLT","TS3",2,"CDLT_TS3_2",2.5,"D",0,0,27
"20260310_057",2026-03-10,"CDLT","TS3",2,"CDLT_TS3_2",2.5,"L",0,0,27
"20260310_057",2026-03-10,"CDLT","TS3",2,"CDLT_TS3_2",2.5,"T",63.97248,5.49104717141342e-07,27
"20260310_058",2026-03-10,"LT","TS3",1,"LT_TS3_1",2.5,"L",0,0,27
"20260310_058",2026-03-10,"LT","TS3",1,"LT_TS3_1",2.5,"T",643.00544,5.76385081473916e-06,27
"20260310_059",2026-03-10,"LT","TS3",3,"LT_TS3_3",2.5,"L",70.7388,4.22050806086585e-07,27
"20260310_059",2026-03-10,"LT","TS3",3,"LT_TS3_3",2.5,"T",364.15104,3.63415371067725e-06,27
"20260310_060",2026-03-10,"CDLT","TS3",1,"CDLT_TS3_1",2.5,"C",25.63,1.25854124602866e-06,27
"20260310_060",2026-03-10,"CDLT","TS3",1,"CDLT_TS3_1",2.5,"D",25.63,8.88103257029135e-08,27
"20260310_060",2026-03-10,"CDLT","TS3",1,"CDLT_TS3_1",2.5,"L",0,0,27
"20260310_060",2026-03-10,"CDLT","TS3",1,"CDLT_TS3_1",2.5,"T",51.26,2.43735216383096e-07,27
"20260310_061",2026-03-10,"DLP","TS3",1,"DLP_TS3_1",2.5,"D",50.64488,1.77510083244673e-06,27
"20260310_061",2026-03-10,"DLP","TS3",1,"DLP_TS3_1",2.5,"L",25.63,1.27002269284692e-07,27
"20260310_061",2026-03-10,"DLP","TS3",1,"DLP_TS3_1",2.5,"P",445.14184,4.50316955496521e-05,27
"20260310_062",2026-03-10,"DLP","TS3",2,"DLP_TS3_2",2.5,"D",53.3104,7.75873696752673e-07,27
"20260310_062",2026-03-10,"DLP","TS3",2,"DLP_TS3_2",2.5,"L",39.6851612903226,3.5749218761057e-07,27
"20260310_062",2026-03-10,"DLP","TS3",2,"DLP_TS3_2",2.5,"P",411.1052,2.99717865432596e-05,27
"20260310_063",2026-03-10,"DLP","TS3",3,"DLP_TS3_3",2.5,"D",0,0,27
"20260310_063",2026-03-10,"DLP","TS3",3,"DLP_TS3_3",2.5,"L",0,0,27
"20260310_063",2026-03-10,"DLP","TS3",3,"DLP_TS3_3",2.5,"P",487.17504,5.19659458808687e-05,27
"20260310_064",2026-03-10,"DPT","TS3",2,"DPT_TS3_2",2.5,"D",25.63,1.83464005317539e-06,27
"20260310_064",2026-03-10,"DPT","TS3",2,"DPT_TS3_2",2.5,"P",431.6092,5.5684536145458e-05,27
"20260310_064",2026-03-10,"DPT","TS3",2,"DPT_TS3_2",2.5,"T",79.76056,3.79931722404987e-06,27
"20260310_065",2026-03-10,"CD","TS3",2,"CD_TS3_2",2.5,"C",73.8144,6.33536288184798e-07,27
"20260310_065",2026-03-10,"CD","TS3",2,"CD_TS3_2",2.5,"D",56.386,4.21330565633517e-07,27
"20260310_066",2026-03-10,"CDLP","TS3",1,"CDLP_TS3_1",2.5,"C",25.63,4.63254849502833e-07,27
"20260310_066",2026-03-10,"CDLP","TS3",1,"CDLP_TS3_1",2.5,"D",38.9576,1.47961406731157e-06,27
"20260310_066",2026-03-10,"CDLP","TS3",1,"CDLP_TS3_1",2.5,"L",51.26,4.16632121778833e-07,27
"20260310_066",2026-03-10,"CDLP","TS3",1,"CDLP_TS3_1",2.5,"P",260.4008,2.49245913579561e-05,27
"20260310_067",2026-03-10,"CLT","TS3",1,"CLT_TS3_1",2.5,"C",25.63,8.07831635838851e-07,27
"20260310_067",2026-03-10,"CLT","TS3",1,"CLT_TS3_1",2.5,"L",25.63,2.66357380666261e-07,27
"20260310_067",2026-03-10,"CLT","TS3",1,"CLT_TS3_1",2.5,"T",25.63,2.38957293163816e-07,27
"20260310_068",2026-03-10,"CDLP","TS3",2,"CDLP_TS3_2",2.5,"C",25.63,2.00133006510477e-07,27
"20260310_068",2026-03-10,"CDLP","TS3",2,"CDLP_TS3_2",2.5,"D",58.23136,1.54546127111161e-06,27
"20260310_068",2026-03-10,"CDLP","TS3",2,"CDLP_TS3_2",2.5,"L",0,0,27
"20260310_068",2026-03-10,"CDLP","TS3",2,"CDLP_TS3_2",2.5,"P",263.88648,2.69275976502849e-05,27
"20260310_069",2026-03-10,"PT","TS3",3,"PT_TS3_3",2.5,"P",257.73528,2.02351253304357e-05,27
"20260310_069",2026-03-10,"PT","TS3",3,"PT_TS3_3",2.5,"T",25.63,1.11863168683805e-07,27
"20260310_070",2026-03-10,"CD","TS3",3,"CD_TS3_3",2.5,"C",0,0,27
"20260310_070",2026-03-10,"CD","TS3",3,"CD_TS3_3",2.5,"D",65.6128,8.59625880400144e-07,27
"20260310_071",2026-03-10,"CDLT","TS3",3,"CDLT_TS3_3",2.5,"C",25.63,1.38507497767077e-06,27
"20260310_071",2026-03-10,"CDLT","TS3",3,"CDLT_TS3_3",2.5,"D",0,0,27
"20260310_071",2026-03-10,"CDLT","TS3",3,"CDLT_TS3_3",2.5,"L",0,0,27
"20260310_071",2026-03-10,"CDLT","TS3",3,"CDLT_TS3_3",2.5,"T",51.26,2.66173537467977e-07,27
"20260310_072",2026-03-10,"DPT","TS3",3,"DPT_TS3_3",2.5,"D",0,0,27
"20260310_072",2026-03-10,"DPT","TS3",3,"DPT_TS3_3",2.5,"P",301.61384,2.82633537690654e-05,27
"20260310_072",2026-03-10,"DPT","TS3",3,"DPT_TS3_3",2.5,"T",51.26,3.12631053364423e-07,27
"20260310_073",2026-03-10,"CLT","TS3",3,"CLT_TS3_3",2.5,"C",0,0,27
"20260310_073",2026-03-10,"CLT","TS3",3,"CLT_TS3_3",2.5,"L",0,0,27
"20260310_073",2026-03-10,"CLT","TS3",3,"CLT_TS3_3",2.5,"T",25.63,3.54608832357719e-07,27
"20260310_074",2026-03-10,"CD","TS3",1,"CD_TS3_1",2.5,"C",0,0,27
"20260310_074",2026-03-10,"CD","TS3",1,"CD_TS3_1",2.5,"D",29.1897222222222,2.70758087748297e-07,27
"20260310_075",2026-03-10,"PT","TS3",2,"PT_TS3_2",2.5,"P",352.46376,2.82225212743499e-05,27
"20260310_075",2026-03-10,"PT","TS3",2,"PT_TS3_2",2.5,"T",96.77888,4.36333563512014e-07,27
"20260310_076",2026-03-10,"PT","TS3",1,"PT_TS3_1",2.5,"P",242.76736,2.73522563299511e-05,27
"20260310_076",2026-03-10,"PT","TS3",1,"PT_TS3_1",2.5,"T",51.26,2.96741160787693e-07,27
"20260310_077",2026-03-10,"CDPT","TS3",3,"CDPT_TS3_3",2.5,"C",122.40888,1.81898385578699e-06,27
"20260310_077",2026-03-10,"CDPT","TS3",3,"CDPT_TS3_3",2.5,"D",25.63,5.53916037757069e-07,27
"20260310_077",2026-03-10,"CDPT","TS3",3,"CDPT_TS3_3",2.5,"P",251.58408,2.45996668938072e-05,27
"20260310_077",2026-03-10,"CDPT","TS3",3,"CDPT_TS3_3",2.5,"T",25.63,1.67710787463814e-08,27
"20260310_078",2026-03-10,"CDPT","TS3",1,"CDPT_TS3_1",2.5,"C",0,0,27
"20260310_078",2026-03-10,"CDPT","TS3",1,"CDPT_TS3_1",2.5,"D",0,0,27
"20260310_078",2026-03-10,"CDPT","TS3",1,"CDPT_TS3_1",2.5,"P",243.17744,2.47850445473102e-05,27
"20260310_078",2026-03-10,"CDPT","TS3",1,"CDPT_TS3_1",2.5,"T",42.0332,5.6250190761835e-07,27
"20260310_079",2026-03-10,"DPT","TS3",1,"DPT_TS3_1",2.5,"D",0,0,27
"20260310_079",2026-03-10,"DPT","TS3",1,"DPT_TS3_1",2.5,"P",599.742,6.22117053074708e-05,27
"20260310_079",2026-03-10,"DPT","TS3",1,"DPT_TS3_1",2.5,"T",38.75256,1.81504635287134e-07,27
"20260310_080",2026-03-10,"CLT","TS3",2,"CLT_TS3_2",2.5,"C",0,0,27
"20260310_080",2026-03-10,"CLT","TS3",2,"CLT_TS3_2",2.5,"L",0,0,27
"20260310_080",2026-03-10,"CLT","TS3",2,"CLT_TS3_2",2.5,"T",73.8144,1.13352845098137e-06,27
"20260310_081",2026-03-10,"LT","TS3",2,"LT_TS3_2",2.5,"L",54.3356,6.43926363614313e-07,27
"20260310_081",2026-03-10,"LT","TS3",2,"LT_TS3_2",2.5,"T",554.22312,6.02634574421165e-06,27
"20260310_082",2026-03-10,"PT","TS4",1,"PT_TS4_1",2.5,"P",179.82008,2.0175356216734e-05,27
"20260310_082",2026-03-10,"PT","TS4",1,"PT_TS4_1",2.5,"T",38.8651639344262,1.23855650733235e-06,27
"20260310_083",2026-03-10,"DPT","TS4",2,"DPT_TS4_2",2.5,"D",0,0,27
"20260310_083",2026-03-10,"DPT","TS4",2,"DPT_TS4_2",2.5,"P",360.66536,2.90665860002074e-05,27
"20260310_083",2026-03-10,"DPT","TS4",2,"DPT_TS4_2",2.5,"T",25.63,1.73276546508094e-08,27
"20260310_084",2026-03-10,"CDLP","TS4",3,"CDLP_TS4_3",2.5,"C",49.61968,1.77598461396447e-06,27
"20260310_084",2026-03-10,"CDLP","TS4",3,"CDLP_TS4_3",2.5,"D",0,0,27
"20260310_084",2026-03-10,"CDLP","TS4",3,"CDLP_TS4_3",2.5,"L",0,0,27
"20260310_084",2026-03-10,"CDLP","TS4",3,"CDLP_TS4_3",2.5,"P",137.99192,1.02232947571188e-05,27
"20260310_085",2026-03-10,"PT","TS4",2,"PT_TS4_2",2.5,"P",219.3928,1.75144038675026e-05,27
"20260310_085",2026-03-10,"PT","TS4",2,"PT_TS4_2",2.5,"T",76.27488,4.69081408599713e-07,27
"20260310_086",2026-03-10,"CDPT","TS4",1,"CDPT_TS4_1",2.5,"C",0,0,27
"20260310_086",2026-03-10,"CDPT","TS4",1,"CDPT_TS4_1",2.5,"D",0,0,27
"20260310_086",2026-03-10,"CDPT","TS4",1,"CDPT_TS4_1",2.5,"P",371.32744,4.1664402300105e-05,27
"20260310_086",2026-03-10,"CDPT","TS4",1,"CDPT_TS4_1",2.5,"T",25.63,1.47434099701228e-07,27
"20260310_087",2026-03-10,"PT","TS4",3,"PT_TS4_3",2.5,"P",263.4764,2.17769592396328e-05,27
"20260310_087",2026-03-10,"PT","TS4",3,"PT_TS4_3",2.5,"T",25.63,1.57947422178994e-07,27
"20260310_088",2026-03-10,"DPT","TS4",3,"DPT_TS4_3",2.5,"D",28.9913114754098,3.40941858843994e-06,27
"20260310_088",2026-03-10,"DPT","TS4",3,"DPT_TS4_3",2.5,"P",337.90592,3.81125838560382e-05,27
"20260310_088",2026-03-10,"DPT","TS4",3,"DPT_TS4_3",2.5,"T",101.69984,1.09892488413203e-06,27
"20260310_089",2026-03-10,"CDLT","TS4",2,"CDLT_TS4_2",2.5,"C",206.68032,6.49777012515996e-06,27
"20260310_089",2026-03-10,"CDLT","TS4",2,"CDLT_TS4_2",2.5,"D",25.63,1.98260213993479e-07,27
"20260310_089",2026-03-10,"CDLT","TS4",2,"CDLT_TS4_2",2.5,"L",25.63,2.07210276038043e-07,27
"20260310_089",2026-03-10,"CDLT","TS4",2,"CDLT_TS4_2",2.5,"T",105.80064,3.18931094681834e-06,27
"20260310_090",2026-03-10,"CDPT","TS4",2,"CDPT_TS4_2",2.5,"C",0,0,27
"20260310_090",2026-03-10,"CDPT","TS4",2,"CDPT_TS4_2",2.5,"D",0,0,27
"20260310_090",2026-03-10,"CDPT","TS4",2,"CDPT_TS4_2",2.5,"P",166.69752,1.71242390865721e-05,27
"20260310_090",2026-03-10,"CDPT","TS4",2,"CDPT_TS4_2",2.5,"T",25.63,2.09863705472234e-07,27
"20260310_091",2026-03-10,"CLT","TS4",1,"CLT_TS4_1",2.5,"C",47.2684426229508,2.90851030398251e-07,27
"20260310_091",2026-03-10,"CLT","TS4",1,"CLT_TS4_1",2.5,"L",25.63,2.31134770765998e-07,27
"20260310_091",2026-03-10,"CLT","TS4",1,"CLT_TS4_1",2.5,"T",51.26,6.4554383749211e-07,27
"20260310_092",2026-03-10,"LP","TS4",3,"LP_TS4_3",2.5,"L",0,0,27
"20260310_092",2026-03-10,"LP","TS4",3,"LP_TS4_3",2.5,"P",356.35952,4.03949071826784e-05,27
"20260310_093",2026-03-10,"CLT","TS4",3,"CLT_TS4_3",2.5,"C",0,0,27
"20260310_093",2026-03-10,"CLT","TS4",3,"CLT_TS4_3",2.5,"L",0,0,27
"20260310_093",2026-03-10,"CLT","TS4",3,"CLT_TS4_3",2.5,"T",56.59104,8.24761964277818e-07,27
"20260310_094",2026-03-10,"CDLP","TS4",2,"CDLP_TS4_2",2.5,"C",40.511935483871,2.51623429903564e-07,27
"20260310_094",2026-03-10,"CDLP","TS4",2,"CDLP_TS4_2",2.5,"D",40.39288,6.7365131892208e-06,27
"20260310_094",2026-03-10,"CDLP","TS4",2,"CDLP_TS4_2",2.5,"L",37.28,2.81001227452746e-07,27
"20260310_094",2026-03-10,"CDLP","TS4",2,"CDLP_TS4_2",2.5,"P",328.47408,2.924781147712e-05,27
"20260310_095",2026-03-10,"LP","TS4",2,"LP_TS4_2",2.5,"L",43.4056451612903,2.28169192337288e-06,27
"20260310_095",2026-03-10,"LP","TS4",2,"LP_TS4_2",2.5,"P",414.59088,5.14936437345074e-05,27
"20260310_096",2026-03-10,"CDLT","TS4",3,"CDLT_TS4_3",2.5,"C",37.6440625,2.34686072746989e-06,27
"20260310_096",2026-03-10,"CDLT","TS4",3,"CDLT_TS4_3",2.5,"D",0,0,27
"20260310_096",2026-03-10,"CDLT","TS4",3,"CDLT_TS4_3",2.5,"L",0,0,27
"20260310_096",2026-03-10,"CDLT","TS4",3,"CDLT_TS4_3",2.5,"T",25.63,1.75331543151567e-07,27
"20260310_097",2026-03-10,"LP","TS4",1,"LP_TS4_1",2.5,"L",0,0,27
"20260310_097",2026-03-10,"LP","TS4",1,"LP_TS4_1",2.5,"P",318.8372,3.00166849585149e-05,27
"20260310_098",2026-03-10,"CDLT","TS4",1,"CDLT_TS4_1",2.5,"C",50.84992,1.31674618781191e-06,27
"20260310_098",2026-03-10,"CDLT","TS4",1,"CDLT_TS4_1",2.5,"D",0,0,27
"20260310_098",2026-03-10,"CDLT","TS4",1,"CDLT_TS4_1",2.5,"L",0,0,27
"20260310_098",2026-03-10,"CDLT","TS4",1,"CDLT_TS4_1",2.5,"T",25.63,1.11967324430153e-07,27
"20260310_099",2026-03-10,"CDLP","TS4",1,"CDLP_TS4_1",2.5,"C",25.63,1.28851400433134e-07,27
"20260310_099",2026-03-10,"CDLP","TS4",1,"CDLP_TS4_1",2.5,"D",33.62656,5.49055488932472e-07,27
"20260310_099",2026-03-10,"CDLP","TS4",1,"CDLP_TS4_1",2.5,"L",25.63,1.81492794156549e-08,27
"20260310_099",2026-03-10,"CDLP","TS4",1,"CDLP_TS4_1",2.5,"P",317.40192,2.70726375289848e-05,27
"20260310_100",2026-03-10,"DPT","TS4",1,"DPT_TS4_1",2.5,"D",25.63,9.7834507886135e-08,27
"20260310_100",2026-03-10,"DPT","TS4",1,"DPT_TS4_1",2.5,"P",347.13272,3.28719781514072e-05,27
"20260310_100",2026-03-10,"DPT","TS4",1,"DPT_TS4_1",2.5,"T",51.26,4.96938391966974e-07,27
"20260310_101",2026-03-10,"LT","TS4",1,"LT_TS4_1",2.5,"L",25.63,1.46657597950899e-08,27
"20260310_101",2026-03-10,"LT","TS4",1,"LT_TS4_1",2.5,"T",367.84176,3.81268400399826e-06,27
"20260310_102",2026-03-10,"CDPT","TS4",3,"CDPT_TS4_3",2.5,"C",0,0,27
"20260310_102",2026-03-10,"CDPT","TS4",3,"CDPT_TS4_3",2.5,"D",0,0,27
"20260310_102",2026-03-10,"CDPT","TS4",3,"CDPT_TS4_3",2.5,"P",167.1076,1.64590260208201e-05,27
"20260310_102",2026-03-10,"CDPT","TS4",3,"CDPT_TS4_3",2.5,"T",83.65632,1.10953336099158e-06,27
"20260310_103",2026-03-10,"LPT","TS4",1,"LPT_TS4_1",2.5,"L",0,0,27
"20260310_103",2026-03-10,"LPT","TS4",1,"LPT_TS4_1",2.5,"P",298.53824,2.27517707051501e-05,27
"20260310_103",2026-03-10,"LPT","TS4",1,"LPT_TS4_1",2.5,"T",0,0,27
"20260310_104",2026-03-10,"LT","TS4",3,"LT_TS4_3",2.5,"L",0,0,27
"20260310_104",2026-03-10,"LT","TS4",3,"LT_TS4_3",2.5,"T",411.72032,4.09962975777099e-06,27
"20260310_105",2026-03-10,"LT","TS4",2,"LT_TS4_2",2.5,"L",25.63,8.42625867353838e-08,27
"20260310_105",2026-03-10,"LT","TS4",2,"LT_TS4_2",2.5,"T",309.81544,2.59326210467111e-06,27
"20260310_106",2026-03-10,"CLT","TS4",2,"CLT_TS4_2",2.5,"C",0,0,27
"20260310_106",2026-03-10,"CLT","TS4",2,"CLT_TS4_2",2.5,"L",0,0,27
"20260310_106",2026-03-10,"CLT","TS4",2,"CLT_TS4_2",2.5,"T",51.26,6.34903930874928e-07,27
"20260310_107",2026-03-10,"LPT","TS4",2,"LPT_TS4_2",2.5,"L",0,0,27
"20260310_107",2026-03-10,"LPT","TS4",2,"LPT_TS4_2",2.5,"P",334.62528,3.5065196759811e-05,27
"20260310_107",2026-03-10,"LPT","TS4",2,"LPT_TS4_2",2.5,"T",41.21304,1.31882913712354e-06,27
"20260310_108",2026-03-10,"LPT","TS4",3,"LPT_TS4_3",2.5,"L",0,0,27
"20260310_108",2026-03-10,"LPT","TS4",3,"LPT_TS4_3",2.5,"P",178.99992,1.45329282926286e-05,27
"20260310_108",2026-03-10,"LPT","TS4",3,"LPT_TS4_3",2.5,"T",46.33904,5.8440960253169e-07,27
"20260311_001",2026-03-11,"DLPT","TS1",3,"DLPT_TS1_3",2.5,"D",0,0,28
"20260311_001",2026-03-11,"DLPT","TS1",3,"DLPT_TS1_3",2.5,"L",0,0,28
"20260311_001",2026-03-11,"DLPT","TS1",3,"DLPT_TS1_3",2.5,"P",198.68376,2.61204023355448e-05,28
"20260311_001",2026-03-11,"DLPT","TS1",3,"DLPT_TS1_3",2.5,"T",36.08704,2.37517572766362e-07,28
"20260311_002",2026-03-11,"LPT","TS1",1,"LPT_TS1_1",2.5,"L",0,0,28
"20260311_002",2026-03-11,"LPT","TS1",1,"LPT_TS1_1",2.5,"P",211.39624,2.85822794004415e-05,28
"20260311_002",2026-03-11,"LPT","TS1",1,"LPT_TS1_1",2.5,"T",101.90488,2.18699845963851e-06,28
"20260311_003",2026-03-11,"DLPT","TS1",2,"DLPT_TS1_2",2.5,"D",0,0,28
"20260311_003",2026-03-11,"DLPT","TS1",2,"DLPT_TS1_2",2.5,"L",51.26,5.26056458228294e-07,28
"20260311_003",2026-03-11,"DLPT","TS1",2,"DLPT_TS1_2",2.5,"P",320.8876,3.32912185712321e-05,28
"20260311_003",2026-03-11,"DLPT","TS1",2,"DLPT_TS1_2",2.5,"T",51.26,2.6934498402859e-06,28
"20260311_004",2026-03-11,"CD","TS1",3,"CD_TS1_3",2.5,"C",0,0,28
"20260311_004",2026-03-11,"CD","TS1",3,"CD_TS1_3",2.5,"D",0,0,28
"20260311_005",2026-03-11,"CLT","TS1",1,"CLT_TS1_1",2.5,"C",0,0,28
"20260311_005",2026-03-11,"CLT","TS1",1,"CLT_TS1_1",2.5,"L",0,0,28
"20260311_005",2026-03-11,"CLT","TS1",1,"CLT_TS1_1",2.5,"T",0,0,28
"20260311_006",2026-03-11,"DPT","TS1",3,"DPT_TS1_3",2.5,"D",0,0,28
"20260311_006",2026-03-11,"DPT","TS1",3,"DPT_TS1_3",2.5,"P",187.20152,1.99730968058207e-05,28
"20260311_006",2026-03-11,"DPT","TS1",3,"DPT_TS1_3",2.5,"T",28.50056,2.41426421722524e-07,28
"20260311_007",2026-03-11,"CLT","TS1",2,"CLT_TS1_2",2.5,"C",25.63,3.39001258028893e-06,28
"20260311_007",2026-03-11,"CLT","TS1",2,"CLT_TS1_2",2.5,"L",25.63,1.78832697348055e-08,28
"20260311_007",2026-03-11,"CLT","TS1",2,"CLT_TS1_2",2.5,"T",0,0,28
"20260311_008",2026-03-11,"CDLP","TS1",2,"CDLP_TS1_2",2.5,"C",25.63,7.20963008217422e-08,28
"20260311_008",2026-03-11,"CDLP","TS1",2,"CDLP_TS1_2",2.5,"D",27.4902419354839,1.80605337584804e-07,28
"20260311_008",2026-03-11,"CDLP","TS1",2,"CDLP_TS1_2",2.5,"L",25.63,6.13470121067252e-08,28
"20260311_008",2026-03-11,"CDLP","TS1",2,"CDLP_TS1_2",2.5,"P",128.97016,1.17870110935436e-05,28
"20260311_009",2026-03-11,"PT","TS1",1,"PT_TS1_1",2.5,"P",155.21528,1.99628195793261e-05,28
"20260311_009",2026-03-11,"PT","TS1",1,"PT_TS1_1",2.5,"T",25.63,8.90367693374852e-07,28
"20260311_010",2026-03-11,"LPT","TS1",2,"LPT_TS1_2",2.5,"L",25.63,7.66702097044015e-08,28
"20260311_010",2026-03-11,"LPT","TS1",2,"LPT_TS1_2",2.5,"P",179.41,2.66367566324925e-05,28
"20260311_010",2026-03-11,"LPT","TS1",2,"LPT_TS1_2",2.5,"T",51.26,1.76107984080841e-06,28
"20260311_011",2026-03-11,"CDLT","TS1",3,"CDLT_TS1_3",2.5,"C",26.0757391304348,2.43105963407716e-06,28
"20260311_011",2026-03-11,"CDLT","TS1",3,"CDLT_TS1_3",2.5,"D",0,0,28
"20260311_011",2026-03-11,"CDLT","TS1",3,"CDLT_TS1_3",2.5,"L",0,0,28
"20260311_011",2026-03-11,"CDLT","TS1",3,"CDLT_TS1_3",2.5,"T",25.63,2.14747729470527e-07,28
"20260311_012",2026-03-11,"DLPT","TS1",1,"DLPT_TS1_1",2.5,"D",25.63,9.66263146964309e-09,28
"20260311_012",2026-03-11,"DLPT","TS1",1,"DLPT_TS1_1",2.5,"L",0,0,28
"20260311_012",2026-03-11,"DLPT","TS1",1,"DLPT_TS1_1",2.5,"P",273.52336,3.41729957831693e-05,28
"20260311_012",2026-03-11,"DLPT","TS1",1,"DLPT_TS1_1",2.5,"T",82.42608,4.47149177236099e-07,28
"20260311_013",2026-03-11,"LT","TS1",3,"LT_TS1_3",2.5,"L",25.63,8.18724150292729e-08,28
"20260311_013",2026-03-11,"LT","TS1",3,"LT_TS1_3",2.5,"T",65.20272,5.03761947377916e-07,28
"20260311_014",2026-03-11,"CDLT","TS1",2,"CDLT_TS1_2",2.5,"C",0,0,28
"20260311_014",2026-03-11,"CDLT","TS1",2,"CDLT_TS1_2",2.5,"D",0,0,28
"20260311_014",2026-03-11,"CDLT","TS1",2,"CDLT_TS1_2",2.5,"L",0,0,28
"20260311_014",2026-03-11,"CDLT","TS1",2,"CDLT_TS1_2",2.5,"T",25.63,1.52550068587324e-07,28
"20260311_015",2026-03-11,"LT","TS1",2,"LT_TS1_2",2.5,"L",72.99424,2.02459305304523e-06,28
"20260311_015",2026-03-11,"LT","TS1",2,"LT_TS1_2",2.5,"T",99.23936,2.08240414532716e-06,28
"20260311_016",2026-03-11,"CDLT","TS1",1,"CDLT_TS1_1",2.5,"C",25.63,3.64848520748324e-07,28
"20260311_016",2026-03-11,"CDLT","TS1",1,"CDLT_TS1_1",2.5,"D",25.63,3.08186908652538e-07,28
"20260311_016",2026-03-11,"CDLT","TS1",1,"CDLT_TS1_1",2.5,"L",25.63,1.36630194664407e-07,28
"20260311_016",2026-03-11,"CDLT","TS1",1,"CDLT_TS1_1",2.5,"T",51.26,1.10572243710275e-06,28
"20260311_017",2026-03-11,"DPT","TS1",1,"DPT_TS1_1",2.5,"D",37.11224,4.28753298397116e-06,28
"20260311_017",2026-03-11,"DPT","TS1",1,"DPT_TS1_1",2.5,"P",355.53936,4.0395834762652e-05,28
"20260311_017",2026-03-11,"DPT","TS1",1,"DPT_TS1_1",2.5,"T",107.646,9.44242779267857e-07,28
"20260311_018",2026-03-11,"DPT","TS1",2,"DPT_TS1_2",2.5,"D",0,0,28
"20260311_018",2026-03-11,"DPT","TS1",2,"DPT_TS1_2",2.5,"P",163.82696,2.01254415910049e-05,28
"20260311_018",2026-03-11,"DPT","TS1",2,"DPT_TS1_2",2.5,"T",25.63,3.52518120589607e-07,28
"20260311_019",2026-03-11,"PT","TS1",3,"PT_TS1_3",2.5,"P",159.72616,2.21468952237039e-05,28
"20260311_019",2026-03-11,"PT","TS1",3,"PT_TS1_3",2.5,"T",0,0,28
"20260311_020",2026-03-11,"CDLP","TS1",1,"CDLP_TS1_1",2.5,"C",0,0,28
"20260311_020",2026-03-11,"CDLP","TS1",1,"CDLP_TS1_1",2.5,"D",0,0,28
"20260311_020",2026-03-11,"CDLP","TS1",1,"CDLP_TS1_1",2.5,"L",25.63,1.64182539715433e-07,28
"20260311_020",2026-03-11,"CDLP","TS1",1,"CDLP_TS1_1",2.5,"P",174.48904,1.71331374391178e-05,28
"20260311_021",2026-03-11,"CDLP","TS1",3,"CDLP_TS1_3",2.5,"C",0,0,28
"20260311_021",2026-03-11,"CDLP","TS1",3,"CDLP_TS1_3",2.5,"D",0,0,28
"20260311_021",2026-03-11,"CDLP","TS1",3,"CDLP_TS1_3",2.5,"L",0,0,28
"20260311_021",2026-03-11,"CDLP","TS1",3,"CDLP_TS1_3",2.5,"P",174.07896,1.6767688052284e-05,28
"20260311_022",2026-03-11,"CD","TS1",1,"CD_TS1_1",2.5,"C",0,0,28
"20260311_022",2026-03-11,"CD","TS1",1,"CD_TS1_1",2.5,"D",25.63,3.64967939380697e-07,28
"20260311_023",2026-03-11,"LPT","TS1",3,"LPT_TS1_3",2.5,"L",0,0,28
"20260311_023",2026-03-11,"LPT","TS1",3,"LPT_TS1_3",2.5,"P",190.07208,2.18668342762568e-05,28
"20260311_023",2026-03-11,"LPT","TS1",3,"LPT_TS1_3",2.5,"T",49.82472,3.19587985834134e-07,28
"20260311_024",2026-03-11,"LT","TS1",1,"LT_TS1_1",2.5,"L",32.39632,6.2552848839121e-07,28
"20260311_024",2026-03-11,"LT","TS1",1,"LT_TS1_1",2.5,"T",51.05496,1.48053443561598e-06,28
"20260311_025",2026-03-11,"CLT","TS1",3,"CLT_TS1_3",2.5,"C",0,0,28
"20260311_025",2026-03-11,"CLT","TS1",3,"CLT_TS1_3",2.5,"L",0,0,28
"20260311_025",2026-03-11,"CLT","TS1",3,"CLT_TS1_3",2.5,"T",25.63,3.22993920428012e-07,28
"20260311_026",2026-03-11,"CD","TS1",2,"CD_TS1_2",2.5,"C",0,0,28
"20260311_026",2026-03-11,"CD","TS1",2,"CD_TS1_2",2.5,"D",0,0,28
"20260311_027",2026-03-11,"PT","TS1",2,"PT_TS1_2",2.5,"P",106.00568,1.30397910800687e-05,28
"20260311_027",2026-03-11,"PT","TS1",2,"PT_TS1_2",2.5,"T",39.77776,2.10261524108647e-06,28
"20260311_028",2026-03-11,"CLT","TS2",1,"CLT_TS2_1",2.5,"C",25.63,7.50493670569285e-07,28
"20260311_028",2026-03-11,"CLT","TS2",1,"CLT_TS2_1",2.5,"L",0,0,28
"20260311_028",2026-03-11,"CLT","TS2",1,"CLT_TS2_1",2.5,"T",102.52,1.72483257874484e-06,28
"20260311_029",2026-03-11,"CP","TS2",1,"CP_TS2_1",2.5,"C",25.63,1.13055582671416e-07,28
"20260311_029",2026-03-11,"CP","TS2",1,"CP_TS2_1",2.5,"P",51.05496,4.83620671656536e-06,28
"20260311_030",2026-03-11,"CDPT","TS2",1,"CDPT_TS2_1",2.5,"C",0,0,28
"20260311_030",2026-03-11,"CDPT","TS2",1,"CDPT_TS2_1",2.5,"D",0,0,28
"20260311_030",2026-03-11,"CDPT","TS2",1,"CDPT_TS2_1",2.5,"P",165.87736,2.21774724226121e-05,28
"20260311_030",2026-03-11,"CDPT","TS2",1,"CDPT_TS2_1",2.5,"T",76.89,4.31367066639737e-07,28
"20260311_031",2026-03-11,"CDPT","TS2",3,"CDPT_TS2_3",2.5,"C",25.63,1.42952270719987e-06,28
"20260311_031",2026-03-11,"CDPT","TS2",3,"CDPT_TS2_3",2.5,"D",0,0,28
"20260311_031",2026-03-11,"CDPT","TS2",3,"CDPT_TS2_3",2.5,"P",383.01472,4.47271397028676e-05,28
"20260311_031",2026-03-11,"CDPT","TS2",3,"CDPT_TS2_3",2.5,"T",27.7658333333333,1.73494284440071e-07,28
"20260311_032",2026-03-11,"LT","TS2",3,"LT_TS2_3",2.5,"L",198.27368,1.72350169349038e-06,28
"20260311_032",2026-03-11,"LT","TS2",3,"LT_TS2_3",2.5,"T",312.89104,2.96376506962552e-06,28
"20260311_033",2026-03-11,"PT","TS2",3,"PT_TS2_3",2.5,"P",324.16824,4.67549208143527e-05,28
"20260311_033",2026-03-11,"PT","TS2",3,"PT_TS2_3",2.5,"T",25.63,3.17127724251279e-07,28
"20260311_034",2026-03-11,"DPT","TS2",3,"DPT_TS2_3",2.5,"D",0,0,28
"20260311_034",2026-03-11,"DPT","TS2",3,"DPT_TS2_3",2.5,"P",126.71472,1.97784760332169e-05,28
"20260311_034",2026-03-11,"DPT","TS2",3,"DPT_TS2_3",2.5,"T",75.8648,4.39903838104329e-07,28
"20260311_035",2026-03-11,"PT","TS2",1,"PT_TS2_1",2.5,"P",218.57264,2.44112859646531e-05,28
"20260311_035",2026-03-11,"PT","TS2",1,"PT_TS2_1",2.5,"T",51.26,1.86499987346707e-06,28
"20260311_036",2026-03-11,"CDLT","TS2",3,"CDLT_TS2_3",2.5,"C",0,0,28
"20260311_036",2026-03-11,"CDLT","TS2",3,"CDLT_TS2_3",2.5,"D",0,0,28
"20260311_036",2026-03-11,"CDLT","TS2",3,"CDLT_TS2_3",2.5,"L",0,0,28
"20260311_036",2026-03-11,"CDLT","TS2",3,"CDLT_TS2_3",2.5,"T",25.63,1.28908376201031e-07,28
"20260311_037",2026-03-11,"CDLP","TS2",2,"CDLP_TS2_2",2.5,"C",25.63,5.21636435340589e-07,28
"20260311_037",2026-03-11,"CDLP","TS2",2,"CDLP_TS2_2",2.5,"D",25.63,4.99561464862e-07,28
"20260311_037",2026-03-11,"CDLP","TS2",2,"CDLP_TS2_2",2.5,"L",0,0,28
"20260311_037",2026-03-11,"CDLP","TS2",2,"CDLP_TS2_2",2.5,"P",225.95408,3.00276713780762e-05,28
"20260311_038",2026-03-11,"CDLT","TS2",2,"CDLT_TS2_2",2.5,"C",0,0,28
"20260311_038",2026-03-11,"CDLT","TS2",2,"CDLT_TS2_2",2.5,"D",0,0,28
"20260311_038",2026-03-11,"CDLT","TS2",2,"CDLT_TS2_2",2.5,"L",25.63,1.20015491335099e-07,28
"20260311_038",2026-03-11,"CDLT","TS2",2,"CDLT_TS2_2",2.5,"T",50.64488,6.47934038535167e-07,28
"20260311_039",2026-03-11,"CDPT","TS2",2,"CDPT_TS2_2",2.5,"C",0,0,28
"20260311_039",2026-03-11,"CDPT","TS2",2,"CDPT_TS2_2",2.5,"D",25.63,4.85310285451795e-08,28
"20260311_039",2026-03-11,"CDPT","TS2",2,"CDPT_TS2_2",2.5,"P",154.60016,1.53260240437827e-05,28
"20260311_039",2026-03-11,"CDPT","TS2",2,"CDPT_TS2_2",2.5,"T",25.63,1.51650536663152e-07,28
"20260311_040",2026-03-11,"CLT","TS2",3,"CLT_TS2_3",2.5,"C",0,0,28
"20260311_040",2026-03-11,"CLT","TS2",3,"CLT_TS2_3",2.5,"L",0,0,28
"20260311_040",2026-03-11,"CLT","TS2",3,"CLT_TS2_3",2.5,"T",0,0,28
"20260311_041",2026-03-11,"PT","TS2",2,"PT_TS2_2",2.5,"P",230.87504,2.19284274006408e-05,28
"20260311_041",2026-03-11,"PT","TS2",2,"PT_TS2_2",2.5,"T",66.22792,4.82671528954798e-07,28
"20260311_042",2026-03-11,"DLP","TS2",3,"DLP_TS2_3",2.5,"D",0,0,28
"20260311_042",2026-03-11,"DLP","TS2",3,"DLP_TS2_3",2.5,"L",0,0,28
"20260311_042",2026-03-11,"DLP","TS2",3,"DLP_TS2_3",2.5,"P",181.25536,1.50040627227053e-05,28
"20260311_043",2026-03-11,"CDLP","TS2",1,"CDLP_TS2_1",2.5,"C",25.63,1.55639758554411e-06,28
"20260311_043",2026-03-11,"CDLP","TS2",1,"CDLP_TS2_1",2.5,"D",0,0,28
"20260311_043",2026-03-11,"CDLP","TS2",1,"CDLP_TS2_1",2.5,"L",0,0,28
"20260311_043",2026-03-11,"CDLP","TS2",1,"CDLP_TS2_1",2.5,"P",197.65856,1.90946164414848e-05,28
"20260311_044",2026-03-11,"LT","TS2",2,"LT_TS2_2",2.5,"L",25.63,1.17458723752629e-07,28
"20260311_044",2026-03-11,"LT","TS2",2,"LT_TS2_2",2.5,"T",161.57152,1.31308146083042e-06,28
"20260311_045",2026-03-11,"CLT","TS2",2,"CLT_TS2_2",2.5,"C",54.95072,2.60839439394206e-06,28
"20260311_045",2026-03-11,"CLT","TS2",2,"CLT_TS2_2",2.5,"L",0,0,28
"20260311_045",2026-03-11,"CLT","TS2",2,"CLT_TS2_2",2.5,"T",25.63,3.20550473426857e-07,28
"20260311_046",2026-03-11,"DPT","TS2",1,"DPT_TS2_1",2.5,"D",25.63,2.19290667510451e-06,28
"20260311_046",2026-03-11,"DPT","TS2",1,"DPT_TS2_1",2.5,"P",201.55432,2.87330779124411e-05,28
"20260311_046",2026-03-11,"DPT","TS2",1,"DPT_TS2_1",2.5,"T",25.63,1.30114244568926e-07,28
"20260311_047",2026-03-11,"DLP","TS2",2,"DLP_TS2_2",2.5,"D",0,0,28
"20260311_047",2026-03-11,"DLP","TS2",2,"DLP_TS2_2",2.5,"L",25.63,1.35928082758818e-06,28
"20260311_047",2026-03-11,"DLP","TS2",2,"DLP_TS2_2",2.5,"P",142.09272,1.77624056480448e-05,28
"20260311_048",2026-03-11,"DPT","TS2",2,"DPT_TS2_2",2.5,"D",0,0,28
"20260311_048",2026-03-11,"DPT","TS2",2,"DPT_TS2_2",2.5,"P",78.12024,6.98858567636884e-06,28
"20260311_048",2026-03-11,"DPT","TS2",2,"DPT_TS2_2",2.5,"T",87.34704,2.15276261304024e-06,28
"20260311_049",2026-03-11,"CP","TS2",3,"CP_TS2_3",2.5,"C",42.64832,3.23803353904105e-07,28
"20260311_049",2026-03-11,"CP","TS2",3,"CP_TS2_3",2.5,"P",176.53944,1.34633563414769e-05,28
"20260311_050",2026-03-11,"CP","TS2",2,"CP_TS2_2",2.5,"C",41.008,2.14571028275593e-06,28
"20260311_050",2026-03-11,"CP","TS2",2,"CP_TS2_2",2.5,"P",102.93008,9.0796481023629e-06,28
"20260311_051",2026-03-11,"CDLT","TS2",1,"CDLT_TS2_1",2.5,"C",0,0,28
"20260311_051",2026-03-11,"CDLT","TS2",1,"CDLT_TS2_1",2.5,"D",0,0,28
"20260311_051",2026-03-11,"CDLT","TS2",1,"CDLT_TS2_1",2.5,"L",0,0,28
"20260311_051",2026-03-11,"CDLT","TS2",1,"CDLT_TS2_1",2.5,"T",51.26,2.63145719405139e-07,28
"20260311_052",2026-03-11,"CDLP","TS2",3,"CDLP_TS2_3",2.5,"C",25.63,1.32505751105024e-07,28
"20260311_052",2026-03-11,"CDLP","TS2",3,"CDLP_TS2_3",2.5,"D",0,0,28
"20260311_052",2026-03-11,"CDLP","TS2",3,"CDLP_TS2_3",2.5,"L",25.63,1.72655505862573e-07,28
"20260311_052",2026-03-11,"CDLP","TS2",3,"CDLP_TS2_3",2.5,"P",100.05952,8.4623874543101e-06,28
"20260311_053",2026-03-11,"DLP","TS2",1,"DLP_TS2_1",2.5,"D",0,0,28
"20260311_053",2026-03-11,"DLP","TS2",1,"DLP_TS2_1",2.5,"L",51.05496,9.17785947899586e-07,28
"20260311_053",2026-03-11,"DLP","TS2",1,"DLP_TS2_1",2.5,"P",206.47528,1.86100623465456e-05,28
"20260311_054",2026-03-11,"LT","TS2",1,"LT_TS2_1",2.5,"L",107.85104,1.11346811902152e-06,28
"20260311_054",2026-03-11,"LT","TS2",1,"LT_TS2_1",2.5,"T",188.22672,2.22308413874667e-06,28
"20260311_055",2026-03-11,"CDLP","TS3",3,"CDLP_TS3_3",2.5,"C",71.14888,3.49518729842101e-07,28
"20260311_055",2026-03-11,"CDLP","TS3",3,"CDLP_TS3_3",2.5,"D",25.63,3.50976376536342e-07,28
"20260311_055",2026-03-11,"CDLP","TS3",3,"CDLP_TS3_3",2.5,"L",0,0,28
"20260311_055",2026-03-11,"CDLP","TS3",3,"CDLP_TS3_3",2.5,"P",172.02856,1.92447246556584e-05,28
"20260311_056",2026-03-11,"CDPT","TS3",2,"CDPT_TS3_2",2.5,"C",0,0,28
"20260311_056",2026-03-11,"CDPT","TS3",2,"CDPT_TS3_2",2.5,"D",0,0,28
"20260311_056",2026-03-11,"CDPT","TS3",2,"CDPT_TS3_2",2.5,"P",215.70208,1.96339977856172e-05,28
"20260311_056",2026-03-11,"CDPT","TS3",2,"CDPT_TS3_2",2.5,"T",25.63,2.83625608120597e-07,28
"20260311_057",2026-03-11,"CDLT","TS3",2,"CDLT_TS3_2",2.5,"C",25.63,1.51128238506434e-06,28
"20260311_057",2026-03-11,"CDLT","TS3",2,"CDLT_TS3_2",2.5,"D",0,0,28
"20260311_057",2026-03-11,"CDLT","TS3",2,"CDLT_TS3_2",2.5,"L",0,0,28
"20260311_057",2026-03-11,"CDLT","TS3",2,"CDLT_TS3_2",2.5,"T",45.31384,7.91169505837515e-07,28
"20260311_058",2026-03-11,"LT","TS3",1,"LT_TS3_1",2.5,"L",0,0,28
"20260311_058",2026-03-11,"LT","TS3",1,"LT_TS3_1",2.5,"T",562.21968,3.99534158380107e-06,28
"20260311_059",2026-03-11,"LT","TS3",3,"LT_TS3_3",2.5,"L",0,0,28
"20260311_059",2026-03-11,"LT","TS3",3,"LT_TS3_3",2.5,"T",563.24488,6.27490874958135e-06,28
"20260311_060",2026-03-11,"CDLT","TS3",1,"CDLT_TS3_1",2.5,"C",25.63,1.96325344271389e-08,28
"20260311_060",2026-03-11,"CDLT","TS3",1,"CDLT_TS3_1",2.5,"D",25.63,6.43756881761705e-07,28
"20260311_060",2026-03-11,"CDLT","TS3",1,"CDLT_TS3_1",2.5,"L",25.63,1.11758390449451e-08,28
"20260311_060",2026-03-11,"CDLT","TS3",1,"CDLT_TS3_1",2.5,"T",76.89,1.4982667393529e-06,28
"20260311_061",2026-03-11,"DLP","TS3",1,"DLP_TS3_1",2.5,"D",0,0,28
"20260311_061",2026-03-11,"DLP","TS3",1,"DLP_TS3_1",2.5,"L",0,0,28
"20260311_061",2026-03-11,"DLP","TS3",1,"DLP_TS3_1",2.5,"P",457.44424,3.96457197292031e-05,28
"20260311_062",2026-03-11,"DLP","TS3",2,"DLP_TS3_2",2.5,"D",50.84992,3.20882679128629e-06,28
"20260311_062",2026-03-11,"DLP","TS3",2,"DLP_TS3_2",2.5,"L",0,0,28
"20260311_062",2026-03-11,"DLP","TS3",2,"DLP_TS3_2",2.5,"P",348.15792,2.93224537783752e-05,28
"20260311_063",2026-03-11,"DLP","TS3",3,"DLP_TS3_3",2.5,"D",0,0,28
"20260311_063",2026-03-11,"DLP","TS3",3,"DLP_TS3_3",2.5,"L",49.2096,2.04131846630255e-06,28
"20260311_063",2026-03-11,"DLP","TS3",3,"DLP_TS3_3",2.5,"P",340.3664,3.81476775841401e-05,28
"20260311_064",2026-03-11,"DPT","TS3",2,"DPT_TS3_2",2.5,"D",0,0,28
"20260311_064",2026-03-11,"DPT","TS3",2,"DPT_TS3_2",2.5,"P",194.58296,2.17725463308145e-05,28
"20260311_064",2026-03-11,"DPT","TS3",2,"DPT_TS3_2",2.5,"T",0,0,28
"20260311_065",2026-03-11,"CD","TS3",2,"CD_TS3_2",2.5,"C",0,0,28
"20260311_065",2026-03-11,"CD","TS3",2,"CD_TS3_2",2.5,"D",25.63,1.90320764323327e-07,28
"20260311_066",2026-03-11,"CDLP","TS3",1,"CDLP_TS3_1",2.5,"C",25.63,3.10364751873297e-08,28
"20260311_066",2026-03-11,"CDLP","TS3",1,"CDLP_TS3_1",2.5,"D",25.63,2.73484781592011e-08,28
"20260311_066",2026-03-11,"CDLP","TS3",1,"CDLP_TS3_1",2.5,"L",25.63,5.31561598340771e-08,28
"20260311_066",2026-03-11,"CDLP","TS3",1,"CDLP_TS3_1",2.5,"P",147.6288,1.79425049852942e-05,28
"20260311_067",2026-03-11,"CLT","TS3",1,"CLT_TS3_1",2.5,"C",0,0,28
"20260311_067",2026-03-11,"CLT","TS3",1,"CLT_TS3_1",2.5,"L",0,0,28
"20260311_067",2026-03-11,"CLT","TS3",1,"CLT_TS3_1",2.5,"T",25.63,6.56841495157473e-07,28
"20260311_068",2026-03-11,"CDLP","TS3",2,"CDLP_TS3_2",2.5,"C",51.46504,9.48486865472983e-07,28
"20260311_068",2026-03-11,"CDLP","TS3",2,"CDLP_TS3_2",2.5,"D",0,0,28
"20260311_068",2026-03-11,"CDLP","TS3",2,"CDLP_TS3_2",2.5,"L",25.63,2.01222610877238e-07,28
"20260311_068",2026-03-11,"CDLP","TS3",2,"CDLP_TS3_2",2.5,"P",359.23008,4.67683321555418e-05,28
"20260311_069",2026-03-11,"PT","TS3",3,"PT_TS3_3",2.5,"P",267.98728,1.75620431529405e-05,28
"20260311_069",2026-03-11,"PT","TS3",3,"PT_TS3_3",2.5,"T",0,0,28
"20260311_070",2026-03-11,"CD","TS3",3,"CD_TS3_3",2.5,"C",0,0,28
"20260311_070",2026-03-11,"CD","TS3",3,"CD_TS3_3",2.5,"D",46.95416,4.76684427662438e-07,28
"20260311_071",2026-03-11,"CDLT","TS3",3,"CDLT_TS3_3",2.5,"C",62.5372,7.68663628580482e-06,28
"20260311_071",2026-03-11,"CDLT","TS3",3,"CDLT_TS3_3",2.5,"D",0,0,28
"20260311_071",2026-03-11,"CDLT","TS3",3,"CDLT_TS3_3",2.5,"L",0,0,28
"20260311_071",2026-03-11,"CDLT","TS3",3,"CDLT_TS3_3",2.5,"T",25.63,2.21293837167287e-07,28
"20260311_072",2026-03-11,"DPT","TS3",3,"DPT_TS3_3",2.5,"D",25.63,1.41275290365181e-07,28
"20260311_072",2026-03-11,"DPT","TS3",3,"DPT_TS3_3",2.5,"P",268.19232,3.760720324289e-05,28
"20260311_072",2026-03-11,"DPT","TS3",3,"DPT_TS3_3",2.5,"T",67.86824,1.86061704443207e-06,28
"20260311_073",2026-03-11,"CLT","TS3",3,"CLT_TS3_3",2.5,"C",0,0,28
"20260311_073",2026-03-11,"CLT","TS3",3,"CLT_TS3_3",2.5,"L",0,0,28
"20260311_073",2026-03-11,"CLT","TS3",3,"CLT_TS3_3",2.5,"T",25.63,4.75730335371101e-07,28
"20260311_074",2026-03-11,"CD","TS3",1,"CD_TS3_1",2.5,"C",0,0,28
"20260311_074",2026-03-11,"CD","TS3",1,"CD_TS3_1",2.5,"D",25.63,2.62192777208435e-07,28
"20260311_075",2026-03-11,"PT","TS3",2,"PT_TS3_2",2.5,"P",138.19696,1.16897009109076e-05,28
"20260311_075",2026-03-11,"PT","TS3",2,"PT_TS3_2",2.5,"T",73.60936,3.28877542348087e-06,28
"20260311_076",2026-03-11,"PT","TS3",1,"PT_TS3_1",2.5,"P",50.02976,3.01051334843246e-06,28
"20260311_076",2026-03-11,"PT","TS3",1,"PT_TS3_1",2.5,"T",0,0,28
"20260311_077",2026-03-11,"CDPT","TS3",3,"CDPT_TS3_3",2.5,"C",0,0,28
"20260311_077",2026-03-11,"CDPT","TS3",3,"CDPT_TS3_3",2.5,"D",0,0,28
"20260311_077",2026-03-11,"CDPT","TS3",3,"CDPT_TS3_3",2.5,"P",151.7296,1.98766920236157e-05,28
"20260311_077",2026-03-11,"CDPT","TS3",3,"CDPT_TS3_3",2.5,"T",25.63,9.27200468123428e-08,28
"20260311_078",2026-03-11,"CDPT","TS3",1,"CDPT_TS3_1",2.5,"C",25.63,8.25286940209305e-07,28
"20260311_078",2026-03-11,"CDPT","TS3",1,"CDPT_TS3_1",2.5,"D",0,0,28
"20260311_078",2026-03-11,"CDPT","TS3",1,"CDPT_TS3_1",2.5,"P",182.07552,2.48074608695497e-05,28
"20260311_078",2026-03-11,"CDPT","TS3",1,"CDPT_TS3_1",2.5,"T",123.024,1.39580774792412e-06,28
"20260311_079",2026-03-11,"DPT","TS3",1,"DPT_TS3_1",2.5,"D",0,0,28
"20260311_079",2026-03-11,"DPT","TS3",1,"DPT_TS3_1",2.5,"P",282.9552,3.31328819856669e-05,28
"20260311_079",2026-03-11,"DPT","TS3",1,"DPT_TS3_1",2.5,"T",0,0,28
"20260311_080",2026-03-11,"CLT","TS3",2,"CLT_TS3_2",2.5,"C",0,0,28
"20260311_080",2026-03-11,"CLT","TS3",2,"CLT_TS3_2",2.5,"L",0,0,28
"20260311_080",2026-03-11,"CLT","TS3",2,"CLT_TS3_2",2.5,"T",25.63,3.40324805270883e-07,28
"20260311_081",2026-03-11,"LT","TS3",2,"LT_TS3_2",2.5,"L",25.63,3.80940074599836e-08,28
"20260311_081",2026-03-11,"LT","TS3",2,"LT_TS3_2",2.5,"T",576.1624,7.01766983859295e-06,28
"20260311_082",2026-03-11,"PT","TS4",1,"PT_TS4_1",2.5,"P",139.22216,1.68447368713363e-05,28
"20260311_082",2026-03-11,"PT","TS4",1,"PT_TS4_1",2.5,"T",25.63,2.43361595838947e-07,28
"20260311_083",2026-03-11,"DPT","TS4",2,"DPT_TS4_2",2.5,"D",0,0,28
"20260311_083",2026-03-11,"DPT","TS4",2,"DPT_TS4_2",2.5,"P",247.0732,1.75969189982434e-05,28
"20260311_083",2026-03-11,"DPT","TS4",2,"DPT_TS4_2",2.5,"T",45.92896,1.83732740996653e-07,28
"20260311_084",2026-03-11,"CDLP","TS4",3,"CDLP_TS4_3",2.5,"C",0,0,28
"20260311_084",2026-03-11,"CDLP","TS4",3,"CDLP_TS4_3",2.5,"D",0,0,28
"20260311_084",2026-03-11,"CDLP","TS4",3,"CDLP_TS4_3",2.5,"L",0,0,28
"20260311_084",2026-03-11,"CDLP","TS4",3,"CDLP_TS4_3",2.5,"P",72.37912,4.78179520057458e-06,28
"20260311_085",2026-03-11,"PT","TS4",2,"PT_TS4_2",2.5,"P",244.61272,2.51833533988624e-05,28
"20260311_085",2026-03-11,"PT","TS4",2,"PT_TS4_2",2.5,"T",0,0,28
"20260311_086",2026-03-11,"CDPT","TS4",1,"CDPT_TS4_1",2.5,"C",0,0,28
"20260311_086",2026-03-11,"CDPT","TS4",1,"CDPT_TS4_1",2.5,"D",0,0,28
"20260311_086",2026-03-11,"CDPT","TS4",1,"CDPT_TS4_1",2.5,"P",110.92664,1.34285884223629e-05,28
"20260311_086",2026-03-11,"CDPT","TS4",1,"CDPT_TS4_1",2.5,"T",25.63,1.22851128242127e-07,28
"20260311_087",2026-03-11,"PT","TS4",3,"PT_TS4_3",2.5,"P",287.67112,3.66143777789604e-05,28
"20260311_087",2026-03-11,"PT","TS4",3,"PT_TS4_3",2.5,"T",95.3436,1.23258312601369e-06,28
"20260311_088",2026-03-11,"DPT","TS4",3,"DPT_TS4_3",2.5,"D",25.63,9.53620220989843e-07,28
"20260311_088",2026-03-11,"DPT","TS4",3,"DPT_TS4_3",2.5,"P",210.166,2.95256669556877e-05,28
"20260311_088",2026-03-11,"DPT","TS4",3,"DPT_TS4_3",2.5,"T",25.63,3.60182438932653e-07,28
"20260311_089",2026-03-11,"CDLT","TS4",2,"CDLT_TS4_2",2.5,"C",0,0,28
"20260311_089",2026-03-11,"CDLT","TS4",2,"CDLT_TS4_2",2.5,"D",0,0,28
"20260311_089",2026-03-11,"CDLT","TS4",2,"CDLT_TS4_2",2.5,"L",0,0,28
"20260311_089",2026-03-11,"CDLT","TS4",2,"CDLT_TS4_2",2.5,"T",76.68496,1.23161683753635e-06,28
"20260311_090",2026-03-11,"CDPT","TS4",2,"CDPT_TS4_2",2.5,"C",0,0,28
"20260311_090",2026-03-11,"CDPT","TS4",2,"CDPT_TS4_2",2.5,"D",0,0,28
"20260311_090",2026-03-11,"CDPT","TS4",2,"CDPT_TS4_2",2.5,"P",96.16376,1.52087392011487e-05,28
"20260311_090",2026-03-11,"CDPT","TS4",2,"CDPT_TS4_2",2.5,"T",25.63,3.331917469934e-07,28
"20260311_091",2026-03-11,"CLT","TS4",1,"CLT_TS4_1",2.5,"C",0,0,28
"20260311_091",2026-03-11,"CLT","TS4",1,"CLT_TS4_1",2.5,"L",0,0,28
"20260311_091",2026-03-11,"CLT","TS4",1,"CLT_TS4_1",2.5,"T",25.63,6.8760809018437e-08,28
"20260311_092",2026-03-11,"LP","TS4",3,"LP_TS4_3",2.5,"L",0,0,28
"20260311_092",2026-03-11,"LP","TS4",3,"LP_TS4_3",2.5,"P",348.15792,5.2303851199785e-05,28
"20260311_093",2026-03-11,"CLT","TS4",3,"CLT_TS4_3",2.5,"C",34.44672,5.4923714509796e-07,28
"20260311_093",2026-03-11,"CLT","TS4",3,"CLT_TS4_3",2.5,"L",0,0,28
"20260311_093",2026-03-11,"CLT","TS4",3,"CLT_TS4_3",2.5,"T",25.63,4.47033778880951e-07,28
"20260311_094",2026-03-11,"CDLP","TS4",2,"CDLP_TS4_2",2.5,"C",0,0,28
"20260311_094",2026-03-11,"CDLP","TS4",2,"CDLP_TS4_2",2.5,"D",0,0,28
"20260311_094",2026-03-11,"CDLP","TS4",2,"CDLP_TS4_2",2.5,"L",25.63,4.46844068417214e-07,28
"20260311_094",2026-03-11,"CDLP","TS4",2,"CDLP_TS4_2",2.5,"P",255.88992,2.85564579783107e-05,28
"20260311_095",2026-03-11,"LP","TS4",2,"LP_TS4_2",2.5,"L",0,0,28
"20260311_095",2026-03-11,"LP","TS4",2,"LP_TS4_2",2.5,"P",261.01592,1.76867481307272e-05,28
"20260311_096",2026-03-11,"CDLT","TS4",3,"CDLT_TS4_3",2.5,"C",25.63,4.08343193614395e-07,28
"20260311_096",2026-03-11,"CDLT","TS4",3,"CDLT_TS4_3",2.5,"D",0,0,28
"20260311_096",2026-03-11,"CDLT","TS4",3,"CDLT_TS4_3",2.5,"L",0,0,28
"20260311_096",2026-03-11,"CDLT","TS4",3,"CDLT_TS4_3",2.5,"T",51.26,4.21154094332487e-07,28
"20260311_097",2026-03-11,"LP","TS4",1,"LP_TS4_1",2.5,"L",25.63,9.4288285879418e-08,28
"20260311_097",2026-03-11,"LP","TS4",1,"LP_TS4_1",2.5,"P",190.07208,1.96601334659242e-05,28
"20260311_098",2026-03-11,"CDLT","TS4",1,"CDLT_TS4_1",2.5,"C",0,0,28
"20260311_098",2026-03-11,"CDLT","TS4",1,"CDLT_TS4_1",2.5,"D",0,0,28
"20260311_098",2026-03-11,"CDLT","TS4",1,"CDLT_TS4_1",2.5,"L",0,0,28
"20260311_098",2026-03-11,"CDLT","TS4",1,"CDLT_TS4_1",2.5,"T",25.63,4.16343670280074e-07,28
"20260311_099",2026-03-11,"CDLP","TS4",1,"CDLP_TS4_1",2.5,"C",46.95416,2.8638911518362e-06,28
"20260311_099",2026-03-11,"CDLP","TS4",1,"CDLP_TS4_1",2.5,"D",25.63,3.32254487861744e-07,28
"20260311_099",2026-03-11,"CDLP","TS4",1,"CDLP_TS4_1",2.5,"L",25.63,3.16523684108976e-07,28
"20260311_099",2026-03-11,"CDLP","TS4",1,"CDLP_TS4_1",2.5,"P",315.55656,2.71443627430906e-05,28
"20260311_100",2026-03-11,"DPT","TS4",1,"DPT_TS4_1",2.5,"D",25.63,1.02303939996423e-06,28
"20260311_100",2026-03-11,"DPT","TS4",1,"DPT_TS4_1",2.5,"P",76.27488,9.37923500116599e-06,28
"20260311_100",2026-03-11,"DPT","TS4",1,"DPT_TS4_1",2.5,"T",25.63,1.11982323204259e-07,28
"20260311_101",2026-03-11,"LT","TS4",1,"LT_TS4_1",2.5,"L",0,0,28
"20260311_101",2026-03-11,"LT","TS4",1,"LT_TS4_1",2.5,"T",237.02624,2.01360431207025e-06,28
"20260311_102",2026-03-11,"CDPT","TS4",3,"CDPT_TS4_3",2.5,"C",0,0,28
"20260311_102",2026-03-11,"CDPT","TS4",3,"CDPT_TS4_3",2.5,"D",0,0,28
"20260311_102",2026-03-11,"CDPT","TS4",3,"CDPT_TS4_3",2.5,"P",171.00336,2.41917847660214e-05,28
"20260311_102",2026-03-11,"CDPT","TS4",3,"CDPT_TS4_3",2.5,"T",76.27488,6.26399316051577e-07,28
"20260311_103",2026-03-11,"LPT","TS4",1,"LPT_TS4_1",2.5,"L",0,0,28
"20260311_103",2026-03-11,"LPT","TS4",1,"LPT_TS4_1",2.5,"P",516.7008,5.13573222393265e-05,28
"20260311_103",2026-03-11,"LPT","TS4",1,"LPT_TS4_1",2.5,"T",51.26,3.43731149427266e-07,28
"20260311_104",2026-03-11,"LT","TS4",3,"LT_TS4_3",2.5,"L",25.63,1.07005410222266e-07,28
"20260311_104",2026-03-11,"LT","TS4",3,"LT_TS4_3",2.5,"T",267.5772,1.78780812839394e-06,28
"20260311_105",2026-03-11,"LT","TS4",2,"LT_TS4_2",2.5,"L",68.07328,7.69672948912679e-07,28
"20260311_105",2026-03-11,"LT","TS4",2,"LT_TS4_2",2.5,"T",280.49472,1.99051236414975e-06,28
"20260311_106",2026-03-11,"CLT","TS4",2,"CLT_TS4_2",2.5,"C",0,0,28
"20260311_106",2026-03-11,"CLT","TS4",2,"CLT_TS4_2",2.5,"L",25.63,3.37376095727589e-07,28
"20260311_106",2026-03-11,"CLT","TS4",2,"CLT_TS4_2",2.5,"T",25.63,3.06504052665447e-07,28
"20260311_107",2026-03-11,"LPT","TS4",2,"LPT_TS4_2",2.5,"L",25.63,2.61683257682069e-06,28
"20260311_107",2026-03-11,"LPT","TS4",2,"LPT_TS4_2",2.5,"P",179.41,1.89610889509638e-05,28
"20260311_107",2026-03-11,"LPT","TS4",2,"LPT_TS4_2",2.5,"T",33.01144,1.67202556897554e-07,28
"20260311_108",2026-03-11,"LPT","TS4",3,"LPT_TS4_3",2.5,"L",0,0,28
"20260311_108",2026-03-11,"LPT","TS4",3,"LPT_TS4_3",2.5,"P",478.35832,5.30453143486399e-05,28
"20260311_108",2026-03-11,"LPT","TS4",3,"LPT_TS4_3",2.5,"T",79.9656,4.53913529305332e-07,28
"20260312_001",2026-03-12,"DLPT","TS1",3,"DLPT_TS1_3",2.5,"D",0,0,29
"20260312_001",2026-03-12,"DLPT","TS1",3,"DLPT_TS1_3",2.5,"L",0,0,29
"20260312_001",2026-03-12,"DLPT","TS1",3,"DLPT_TS1_3",2.5,"P",147.6288,1.73943691560586e-05,29
"20260312_001",2026-03-12,"DLPT","TS1",3,"DLPT_TS1_3",2.5,"T",0,0,29
"20260312_002",2026-03-12,"LPT","TS1",1,"LPT_TS1_1",2.5,"L",0,0,29
"20260312_002",2026-03-12,"LPT","TS1",1,"LPT_TS1_1",2.5,"P",187.81664,3.09810323855159e-05,29
"20260312_002",2026-03-12,"LPT","TS1",1,"LPT_TS1_1",2.5,"T",25.63,1.69417462964951e-07,29
"20260312_003",2026-03-12,"DLPT","TS1",2,"DLPT_TS1_2",2.5,"D",0,0,29
"20260312_003",2026-03-12,"DLPT","TS1",2,"DLPT_TS1_2",2.5,"L",0,0,29
"20260312_003",2026-03-12,"DLPT","TS1",2,"DLPT_TS1_2",2.5,"P",204.21984,2.75113388658512e-05,29
"20260312_003",2026-03-12,"DLPT","TS1",2,"DLPT_TS1_2",2.5,"T",25.63,1.67987577222536e-07,29
"20260312_004",2026-03-12,"CD","TS1",3,"CD_TS1_3",2.5,"C",51.26,7.78467827601435e-06,29
"20260312_004",2026-03-12,"CD","TS1",3,"CD_TS1_3",2.5,"D",0,0,29
"20260312_005",2026-03-12,"CLT","TS1",1,"CLT_TS1_1",2.5,"C",76.47992,3.87821902902435e-06,29
"20260312_005",2026-03-12,"CLT","TS1",1,"CLT_TS1_1",2.5,"L",0,0,29
"20260312_005",2026-03-12,"CLT","TS1",1,"CLT_TS1_1",2.5,"T",0,0,29
"20260312_006",2026-03-12,"DPT","TS1",3,"DPT_TS1_3",2.5,"D",0,0,29
"20260312_006",2026-03-12,"DPT","TS1",3,"DPT_TS1_3",2.5,"P",221.4432,3.55761684583078e-05,29
"20260312_006",2026-03-12,"DPT","TS1",3,"DPT_TS1_3",2.5,"T",25.63,2.10500415888999e-07,29
"20260312_007",2026-03-12,"CLT","TS1",2,"CLT_TS1_2",2.5,"C",25.63,1.2638600531692e-06,29
"20260312_007",2026-03-12,"CLT","TS1",2,"CLT_TS1_2",2.5,"L",0,0,29
"20260312_007",2026-03-12,"CLT","TS1",2,"CLT_TS1_2",2.5,"T",0,0,29
"20260312_008",2026-03-12,"CDLP","TS1",2,"CDLP_TS1_2",2.5,"C",0,0,29
"20260312_008",2026-03-12,"CDLP","TS1",2,"CDLP_TS1_2",2.5,"D",0,0,29
"20260312_008",2026-03-12,"CDLP","TS1",2,"CDLP_TS1_2",2.5,"L",0,0,29
"20260312_008",2026-03-12,"CDLP","TS1",2,"CDLP_TS1_2",2.5,"P",58.4364,9.27568075098532e-06,29
"20260312_009",2026-03-12,"PT","TS1",1,"PT_TS1_1",2.5,"P",218.77768,3.12164008159365e-05,29
"20260312_009",2026-03-12,"PT","TS1",1,"PT_TS1_1",2.5,"T",51.26,1.48310001896006e-06,29
"20260312_010",2026-03-12,"LPT","TS1",2,"LPT_TS1_2",2.5,"L",0,0,29
"20260312_010",2026-03-12,"LPT","TS1",2,"LPT_TS1_2",2.5,"P",214.88192,1.93802521892444e-05,29
"20260312_010",2026-03-12,"LPT","TS1",2,"LPT_TS1_2",2.5,"T",0,0,29
"20260312_011",2026-03-12,"CDLT","TS1",3,"CDLT_TS1_3",2.5,"C",25.63,2.54981027863186e-06,29
"20260312_011",2026-03-12,"CDLT","TS1",3,"CDLT_TS1_3",2.5,"D",25.63,1.36826282985164e-07,29
"20260312_011",2026-03-12,"CDLT","TS1",3,"CDLT_TS1_3",2.5,"L",0,0,29
"20260312_011",2026-03-12,"CDLT","TS1",3,"CDLT_TS1_3",2.5,"T",25.63,3.40176460545888e-07,29
"20260312_012",2026-03-12,"DLPT","TS1",1,"DLPT_TS1_1",2.5,"D",0,0,29
"20260312_012",2026-03-12,"DLPT","TS1",1,"DLPT_TS1_1",2.5,"L",25.63,9.55219333733561e-08,29
"20260312_012",2026-03-12,"DLPT","TS1",1,"DLPT_TS1_1",2.5,"P",87.142,7.1151934473498e-06,29
"20260312_012",2026-03-12,"DLPT","TS1",1,"DLPT_TS1_1",2.5,"T",25.63,4.56991431569565e-07,29
"20260312_013",2026-03-12,"LT","TS1",3,"LT_TS1_3",2.5,"L",25.63,1.31588319953874e-07,29
"20260312_013",2026-03-12,"LT","TS1",3,"LT_TS1_3",2.5,"T",25.63,5.13477785150252e-08,29
"20260312_014",2026-03-12,"CDLT","TS1",2,"CDLT_TS1_2",2.5,"C",0,0,29
"20260312_014",2026-03-12,"CDLT","TS1",2,"CDLT_TS1_2",2.5,"D",0,0,29
"20260312_014",2026-03-12,"CDLT","TS1",2,"CDLT_TS1_2",2.5,"L",25.63,5.79834211726684e-08,29
"20260312_014",2026-03-12,"CDLT","TS1",2,"CDLT_TS1_2",2.5,"T",0,0,29
"20260312_015",2026-03-12,"LT","TS1",2,"LT_TS1_2",2.5,"L",62.12712,1.44099515897144e-06,29
"20260312_015",2026-03-12,"LT","TS1",2,"LT_TS1_2",2.5,"T",323.75816,9.90038600287435e-06,29
"20260312_016",2026-03-12,"CDLT","TS1",1,"CDLT_TS1_1",2.5,"C",25.63,1.52113806495665e-06,29
"20260312_016",2026-03-12,"CDLT","TS1",1,"CDLT_TS1_1",2.5,"D",0,0,29
"20260312_016",2026-03-12,"CDLT","TS1",1,"CDLT_TS1_1",2.5,"L",0,0,29
"20260312_016",2026-03-12,"CDLT","TS1",1,"CDLT_TS1_1",2.5,"T",0,0,29
"20260312_017",2026-03-12,"DPT","TS1",1,"DPT_TS1_1",2.5,"D",0,0,29
"20260312_017",2026-03-12,"DPT","TS1",1,"DPT_TS1_1",2.5,"P",206.47528,2.83429742772596e-05,29
"20260312_017",2026-03-12,"DPT","TS1",1,"DPT_TS1_1",2.5,"T",53.51544,3.14739816518291e-06,29
"20260312_018",2026-03-12,"DPT","TS1",2,"DPT_TS1_2",2.5,"D",0,0,29
"20260312_018",2026-03-12,"DPT","TS1",2,"DPT_TS1_2",2.5,"P",170.1832,2.87644686155306e-05,29
"20260312_018",2026-03-12,"DPT","TS1",2,"DPT_TS1_2",2.5,"T",50.2348,3.02118935089611e-07,29
"20260312_019",2026-03-12,"PT","TS1",3,"PT_TS1_3",2.5,"P",60.28176,6.06396657510033e-06,29
"20260312_019",2026-03-12,"PT","TS1",3,"PT_TS1_3",2.5,"T",0,0,29
"20260312_020",2026-03-12,"CDLP","TS1",1,"CDLP_TS1_1",2.5,"C",0,0,29
"20260312_020",2026-03-12,"CDLP","TS1",1,"CDLP_TS1_1",2.5,"D",25.63,3.02278815909696e-07,29
"20260312_020",2026-03-12,"CDLP","TS1",1,"CDLP_TS1_1",2.5,"L",0,0,29
"20260312_020",2026-03-12,"CDLP","TS1",1,"CDLP_TS1_1",2.5,"P",153.98504,1.90303114392207e-05,29
"20260312_021",2026-03-12,"CDLP","TS1",3,"CDLP_TS1_3",2.5,"C",25.63,5.73193898876869e-07,29
"20260312_021",2026-03-12,"CDLP","TS1",3,"CDLP_TS1_3",2.5,"D",0,0,29
"20260312_021",2026-03-12,"CDLP","TS1",3,"CDLP_TS1_3",2.5,"L",25.63,3.20683480099892e-07,29
"20260312_021",2026-03-12,"CDLP","TS1",3,"CDLP_TS1_3",2.5,"P",228.20952,2.64932038002768e-05,29
"20260312_022",2026-03-12,"CD","TS1",1,"CD_TS1_1",2.5,"C",0,0,29
"20260312_022",2026-03-12,"CD","TS1",1,"CD_TS1_1",2.5,"D",25.63,3.44163566394808e-07,29
"20260312_023",2026-03-12,"LPT","TS1",3,"LPT_TS1_3",2.5,"L",0,0,29
"20260312_023",2026-03-12,"LPT","TS1",3,"LPT_TS1_3",2.5,"P",225.544,2.69225360658002e-05,29
"20260312_023",2026-03-12,"LPT","TS1",3,"LPT_TS1_3",2.5,"T",0,0,29
"20260312_024",2026-03-12,"LT","TS1",1,"LT_TS1_1",2.5,"L",90.83272,2.29107828025894e-06,29
"20260312_024",2026-03-12,"LT","TS1",1,"LT_TS1_1",2.5,"T",170.79832,3.96257647562195e-06,29
"20260312_025",2026-03-12,"CLT","TS1",3,"CLT_TS1_3",2.5,"C",0,0,29
"20260312_025",2026-03-12,"CLT","TS1",3,"CLT_TS1_3",2.5,"L",0,0,29
"20260312_025",2026-03-12,"CLT","TS1",3,"CLT_TS1_3",2.5,"T",51.26,4.32201924261844e-07,29
"20260312_026",2026-03-12,"CD","TS1",2,"CD_TS1_2",2.5,"C",53.3104,3.49309866692708e-06,29
"20260312_026",2026-03-12,"CD","TS1",2,"CD_TS1_2",2.5,"D",25.63,3.70319206754233e-07,29
"20260312_027",2026-03-12,"PT","TS1",2,"PT_TS1_2",2.5,"P",25.63,3.81985850998042e-06,29
"20260312_027",2026-03-12,"PT","TS1",2,"PT_TS1_2",2.5,"T",0,0,29
"20260312_028",2026-03-12,"CLT","TS2",1,"CLT_TS2_1",2.5,"C",0,0,29
"20260312_028",2026-03-12,"CLT","TS2",1,"CLT_TS2_1",2.5,"L",0,0,29
"20260312_028",2026-03-12,"CLT","TS2",1,"CLT_TS2_1",2.5,"T",76.68496,1.40301482883204e-06,29
"20260312_029",2026-03-12,"CP","TS2",1,"CP_TS2_1",2.5,"C",0,0,29
"20260312_029",2026-03-12,"CP","TS2",1,"CP_TS2_1",2.5,"P",40.59792,3.4504877615862e-06,29
"20260312_030",2026-03-12,"CDPT","TS2",1,"CDPT_TS2_1",2.5,"C",0,0,29
"20260312_030",2026-03-12,"CDPT","TS2",1,"CDPT_TS2_1",2.5,"D",0,0,29
"20260312_030",2026-03-12,"CDPT","TS2",1,"CDPT_TS2_1",2.5,"P",233.7456,3.13300538481801e-05,29
"20260312_030",2026-03-12,"CDPT","TS2",1,"CDPT_TS2_1",2.5,"T",0,0,29
"20260312_031",2026-03-12,"CDPT","TS2",3,"CDPT_TS2_3",2.5,"C",0,0,29
"20260312_031",2026-03-12,"CDPT","TS2",3,"CDPT_TS2_3",2.5,"D",0,0,29
"20260312_031",2026-03-12,"CDPT","TS2",3,"CDPT_TS2_3",2.5,"P",27.88544,2.84059525028821e-06,29
"20260312_031",2026-03-12,"CDPT","TS2",3,"CDPT_TS2_3",2.5,"T",0,0,29
"20260312_032",2026-03-12,"LT","TS2",3,"LT_TS2_3",2.5,"L",30.55096,2.36407638021213e-07,29
"20260312_032",2026-03-12,"LT","TS2",3,"LT_TS2_3",2.5,"T",62.12712,4.96862634595525e-07,29
"20260312_033",2026-03-12,"PT","TS2",3,"PT_TS2_3",2.5,"P",153.78,1.11970035810661e-05,29
"20260312_033",2026-03-12,"PT","TS2",3,"PT_TS2_3",2.5,"T",25.63,8.55309932808044e-08,29
"20260312_034",2026-03-12,"DPT","TS2",3,"DPT_TS2_3",2.5,"D",0,0,29
"20260312_034",2026-03-12,"DPT","TS2",3,"DPT_TS2_3",2.5,"P",169.36304,1.49701696585501e-05,29
"20260312_034",2026-03-12,"DPT","TS2",3,"DPT_TS2_3",2.5,"T",0,0,29
"20260312_035",2026-03-12,"PT","TS2",1,"PT_TS2_1",2.5,"P",251.99416,2.64560201264235e-05,29
"20260312_035",2026-03-12,"PT","TS2",1,"PT_TS2_1",2.5,"T",25.63,5.10642678217155e-07,29
"20260312_036",2026-03-12,"CDLT","TS2",3,"CDLT_TS2_3",2.5,"C",0,0,29
"20260312_036",2026-03-12,"CDLT","TS2",3,"CDLT_TS2_3",2.5,"D",0,0,29
"20260312_036",2026-03-12,"CDLT","TS2",3,"CDLT_TS2_3",2.5,"L",0,0,29
"20260312_036",2026-03-12,"CDLT","TS2",3,"CDLT_TS2_3",2.5,"T",25.63,2.91710070938128e-07,29
"20260312_037",2026-03-12,"CDLP","TS2",2,"CDLP_TS2_2",2.5,"C",0,0,29
"20260312_037",2026-03-12,"CDLP","TS2",2,"CDLP_TS2_2",2.5,"D",0,0,29
"20260312_037",2026-03-12,"CDLP","TS2",2,"CDLP_TS2_2",2.5,"L",0,0,29
"20260312_037",2026-03-12,"CDLP","TS2",2,"CDLP_TS2_2",2.5,"P",242.9724,2.27148262926619e-05,29
"20260312_038",2026-03-12,"CDLT","TS2",2,"CDLT_TS2_2",2.5,"C",0,0,29
"20260312_038",2026-03-12,"CDLT","TS2",2,"CDLT_TS2_2",2.5,"D",0,0,29
"20260312_038",2026-03-12,"CDLT","TS2",2,"CDLT_TS2_2",2.5,"L",0,0,29
"20260312_038",2026-03-12,"CDLT","TS2",2,"CDLT_TS2_2",2.5,"T",25.63,1.38296640828123e-07,29
"20260312_039",2026-03-12,"CDPT","TS2",2,"CDPT_TS2_2",2.5,"C",0,0,29
"20260312_039",2026-03-12,"CDPT","TS2",2,"CDPT_TS2_2",2.5,"D",0,0,29
"20260312_039",2026-03-12,"CDPT","TS2",2,"CDPT_TS2_2",2.5,"P",194.788,2.06716137922891e-05,29
"20260312_039",2026-03-12,"CDPT","TS2",2,"CDPT_TS2_2",2.5,"T",25.63,7.51305392929338e-08,29
"20260312_040",2026-03-12,"CLT","TS2",3,"CLT_TS2_3",2.5,"C",0,0,29
"20260312_040",2026-03-12,"CLT","TS2",3,"CLT_TS2_3",2.5,"L",0,0,29
"20260312_040",2026-03-12,"CLT","TS2",3,"CLT_TS2_3",2.5,"T",25.63,3.6276630082473e-07,29
"20260312_041",2026-03-12,"PT","TS2",2,"PT_TS2_2",2.5,"P",112.56696,2.18291733051686e-05,29
"20260312_041",2026-03-12,"PT","TS2",2,"PT_TS2_2",2.5,"T",62.33216,4.42123165260657e-07,29
"20260312_042",2026-03-12,"DLP","TS2",3,"DLP_TS2_3",2.5,"D",0,0,29
"20260312_042",2026-03-12,"DLP","TS2",3,"DLP_TS2_3",2.5,"L",0,0,29
"20260312_042",2026-03-12,"DLP","TS2",3,"DLP_TS2_3",2.5,"P",213.03656,2.95089006235177e-05,29
"20260312_043",2026-03-12,"CDLP","TS2",1,"CDLP_TS2_1",2.5,"C",0,0,29
"20260312_043",2026-03-12,"CDLP","TS2",1,"CDLP_TS2_1",2.5,"D",25.63,1.86869579450784e-07,29
"20260312_043",2026-03-12,"CDLP","TS2",1,"CDLP_TS2_1",2.5,"L",0,0,29
"20260312_043",2026-03-12,"CDLP","TS2",1,"CDLP_TS2_1",2.5,"P",103.5452,1.08631795668147e-05,29
"20260312_044",2026-03-12,"LT","TS2",2,"LT_TS2_2",2.5,"L",0,0,29
"20260312_044",2026-03-12,"LT","TS2",2,"LT_TS2_2",2.5,"T",112.56696,6.59601200018958e-07,29
"20260312_045",2026-03-12,"CLT","TS2",2,"CLT_TS2_2",2.5,"C",0,0,29
"20260312_045",2026-03-12,"CLT","TS2",2,"CLT_TS2_2",2.5,"L",0,0,29
"20260312_045",2026-03-12,"CLT","TS2",2,"CLT_TS2_2",2.5,"T",25.63,1.34159293037792e-07,29
"20260312_046",2026-03-12,"DPT","TS2",1,"DPT_TS2_1",2.5,"D",0,0,29
"20260312_046",2026-03-12,"DPT","TS2",1,"DPT_TS2_1",2.5,"P",323.55312,3.56639776940398e-05,29
"20260312_046",2026-03-12,"DPT","TS2",1,"DPT_TS2_1",2.5,"T",51.26,2.69596151855496e-07,29
"20260312_047",2026-03-12,"DLP","TS2",2,"DLP_TS2_2",2.5,"D",50.43984,4.11151249852674e-06,29
"20260312_047",2026-03-12,"DLP","TS2",2,"DLP_TS2_2",2.5,"L",0,0,29
"20260312_047",2026-03-12,"DLP","TS2",2,"DLP_TS2_2",2.5,"P",112.36192,1.01785121254143e-05,29
"20260312_048",2026-03-12,"DPT","TS2",2,"DPT_TS2_2",2.5,"D",0,0,29
"20260312_048",2026-03-12,"DPT","TS2",2,"DPT_TS2_2",2.5,"P",146.6036,1.3954514273561e-05,29
"20260312_048",2026-03-12,"DPT","TS2",2,"DPT_TS2_2",2.5,"T",25.63,1.75785180225512e-07,29
"20260312_049",2026-03-12,"CP","TS2",3,"CP_TS2_3",2.5,"C",0,0,29
"20260312_049",2026-03-12,"CP","TS2",3,"CP_TS2_3",2.5,"P",102.93008,1.06512509123248e-05,29
"20260312_050",2026-03-12,"CP","TS2",2,"CP_TS2_2",2.5,"C",0,0,29
"20260312_050",2026-03-12,"CP","TS2",2,"CP_TS2_2",2.5,"P",45.31384,5.53935233186641e-06,29
"20260312_051",2026-03-12,"CDLT","TS2",1,"CDLT_TS2_1",2.5,"C",0,0,29
"20260312_051",2026-03-12,"CDLT","TS2",1,"CDLT_TS2_1",2.5,"D",0,0,29
"20260312_051",2026-03-12,"CDLT","TS2",1,"CDLT_TS2_1",2.5,"L",0,0,29
"20260312_051",2026-03-12,"CDLT","TS2",1,"CDLT_TS2_1",2.5,"T",0,0,29
"20260312_052",2026-03-12,"CDLP","TS2",3,"CDLP_TS2_3",2.5,"C",0,0,29
"20260312_052",2026-03-12,"CDLP","TS2",3,"CDLP_TS2_3",2.5,"D",25.63,3.54100947601773e-07,29
"20260312_052",2026-03-12,"CDLP","TS2",3,"CDLP_TS2_3",2.5,"L",25.63,4.72045171838452e-08,29
"20260312_052",2026-03-12,"CDLP","TS2",3,"CDLP_TS2_3",2.5,"P",81.60592,4.28280862556589e-06,29
"20260312_053",2026-03-12,"DLP","TS2",1,"DLP_TS2_1",2.5,"D",56.59104,1.88866052335109e-06,29
"20260312_053",2026-03-12,"DLP","TS2",1,"DLP_TS2_1",2.5,"L",0,0,29
"20260312_053",2026-03-12,"DLP","TS2",1,"DLP_TS2_1",2.5,"P",379.93912,3.1107721878844e-05,29
"20260312_054",2026-03-12,"LT","TS2",1,"LT_TS2_1",2.5,"L",112.56696,1.14926105789785e-06,29
"20260312_054",2026-03-12,"LT","TS2",1,"LT_TS2_1",2.5,"T",109.49136,7.46509947838256e-07,29
"20260312_055",2026-03-12,"CDLP","TS3",3,"CDLP_TS3_3",2.5,"C",51.26,1.05907227608558e-06,29
"20260312_055",2026-03-12,"CDLP","TS3",3,"CDLP_TS3_3",2.5,"D",0,0,29
"20260312_055",2026-03-12,"CDLP","TS3",3,"CDLP_TS3_3",2.5,"L",0,0,29
"20260312_055",2026-03-12,"CDLP","TS3",3,"CDLP_TS3_3",2.5,"P",127.53488,1.68825928997147e-05,29
"20260312_056",2026-03-12,"CDPT","TS3",2,"CDPT_TS3_2",2.5,"C",25.63,1.28449856336978e-06,29
"20260312_056",2026-03-12,"CDPT","TS3",2,"CDPT_TS3_2",2.5,"D",0,0,29
"20260312_056",2026-03-12,"CDPT","TS3",2,"CDPT_TS3_2",2.5,"P",58.64144,5.3759675156525e-06,29
"20260312_056",2026-03-12,"CDPT","TS3",2,"CDPT_TS3_2",2.5,"T",25.63,1.17591373827955e-07,29
"20260312_057",2026-03-12,"CDLT","TS3",2,"CDLT_TS3_2",2.5,"C",25.63,1.25349016593294e-06,29
"20260312_057",2026-03-12,"CDLT","TS3",2,"CDLT_TS3_2",2.5,"D",0,0,29
"20260312_057",2026-03-12,"CDLT","TS3",2,"CDLT_TS3_2",2.5,"L",0,0,29
"20260312_057",2026-03-12,"CDLT","TS3",2,"CDLT_TS3_2",2.5,"T",39.36768,7.3954920799755e-07,29
"20260312_058",2026-03-12,"LT","TS3",1,"LT_TS3_1",2.5,"L",25.63,1.89002154622046e-07,29
"20260312_058",2026-03-12,"LT","TS3",1,"LT_TS3_1",2.5,"T",218.57264,1.44499648942822e-06,29
"20260312_059",2026-03-12,"LT","TS3",3,"LT_TS3_3",2.5,"L",52.08016,5.82030920806433e-07,29
"20260312_059",2026-03-12,"LT","TS3",3,"LT_TS3_3",2.5,"T",415.82112,6.08280890390191e-06,29
"20260312_060",2026-03-12,"CDLT","TS3",1,"CDLT_TS3_1",2.5,"C",0,0,29
"20260312_060",2026-03-12,"CDLT","TS3",1,"CDLT_TS3_1",2.5,"D",25.63,1.10849706378709e-07,29
"20260312_060",2026-03-12,"CDLT","TS3",1,"CDLT_TS3_1",2.5,"L",0,0,29
"20260312_060",2026-03-12,"CDLT","TS3",1,"CDLT_TS3_1",2.5,"T",104.5704,2.90381509318754e-06,29
"20260312_061",2026-03-12,"DLP","TS3",1,"DLP_TS3_1",2.5,"D",0,0,29
"20260312_061",2026-03-12,"DLP","TS3",1,"DLP_TS3_1",2.5,"L",25.63,6.81903659179124e-08,29
"20260312_061",2026-03-12,"DLP","TS3",1,"DLP_TS3_1",2.5,"P",256.3,2.55832997449189e-05,29
"20260312_062",2026-03-12,"DLP","TS3",2,"DLP_TS3_2",2.5,"D",0,0,29
"20260312_062",2026-03-12,"DLP","TS3",2,"DLP_TS3_2",2.5,"L",0,0,29
"20260312_062",2026-03-12,"DLP","TS3",2,"DLP_TS3_2",2.5,"P",353.89904,4.60517405434111e-05,29
"20260312_063",2026-03-12,"DLP","TS3",3,"DLP_TS3_3",2.5,"D",0,0,29
"20260312_063",2026-03-12,"DLP","TS3",3,"DLP_TS3_3",2.5,"L",36.2209090909091,6.12132184308435e-07,29
"20260312_063",2026-03-12,"DLP","TS3",3,"DLP_TS3_3",2.5,"P",235.18088,2.66795529616952e-05,29
"20260312_064",2026-03-12,"DPT","TS3",2,"DPT_TS3_2",2.5,"D",0,0,29
"20260312_064",2026-03-12,"DPT","TS3",2,"DPT_TS3_2",2.5,"P",198.47872,2.2707045504064e-05,29
"20260312_064",2026-03-12,"DPT","TS3",2,"DPT_TS3_2",2.5,"T",0,0,29
"20260312_065",2026-03-12,"CD","TS3",2,"CD_TS3_2",2.5,"C",0,0,29
"20260312_065",2026-03-12,"CD","TS3",2,"CD_TS3_2",2.5,"D",25.63,1.15273437553934e-07,29
"20260312_066",2026-03-12,"CDLP","TS3",1,"CDLP_TS3_1",2.5,"C",25.63,4.55318366740711e-07,29
"20260312_066",2026-03-12,"CDLP","TS3",1,"CDLP_TS3_1",2.5,"D",25.63,1.48194441239788e-07,29
"20260312_066",2026-03-12,"CDLP","TS3",1,"CDLP_TS3_1",2.5,"L",0,0,29
"20260312_066",2026-03-12,"CDLP","TS3",1,"CDLP_TS3_1",2.5,"P",331.54968,4.04649100642871e-05,29
"20260312_067",2026-03-12,"CLT","TS3",1,"CLT_TS3_1",2.5,"C",0,0,29
"20260312_067",2026-03-12,"CLT","TS3",1,"CLT_TS3_1",2.5,"L",0,0,29
"20260312_067",2026-03-12,"CLT","TS3",1,"CLT_TS3_1",2.5,"T",25.63,2.51877297522111e-07,29
"20260312_068",2026-03-12,"CDLP","TS3",2,"CDLP_TS3_2",2.5,"C",25.63,1.3447384751398e-06,29
"20260312_068",2026-03-12,"CDLP","TS3",2,"CDLP_TS3_2",2.5,"D",0,0,29
"20260312_068",2026-03-12,"CDLP","TS3",2,"CDLP_TS3_2",2.5,"L",0,0,29
"20260312_068",2026-03-12,"CDLP","TS3",2,"CDLP_TS3_2",2.5,"P",183.10072,2.51081517954867e-05,29
"20260312_069",2026-03-12,"PT","TS3",3,"PT_TS3_3",2.5,"P",179.61504,2.32635532271771e-05,29
"20260312_069",2026-03-12,"PT","TS3",3,"PT_TS3_3",2.5,"T",25.63,1.83071719747645e-08,29
"20260312_070",2026-03-12,"CD","TS3",3,"CD_TS3_3",2.5,"C",25.63,4.51968228527627e-07,29
"20260312_070",2026-03-12,"CD","TS3",3,"CD_TS3_3",2.5,"D",25.63,2.67999878991076e-07,29
"20260312_071",2026-03-12,"CDLT","TS3",3,"CDLT_TS3_3",2.5,"C",0,0,29
"20260312_071",2026-03-12,"CDLT","TS3",3,"CDLT_TS3_3",2.5,"D",0,0,29
"20260312_071",2026-03-12,"CDLT","TS3",3,"CDLT_TS3_3",2.5,"L",0,0,29
"20260312_071",2026-03-12,"CDLT","TS3",3,"CDLT_TS3_3",2.5,"T",66.638,7.56889480232051e-07,29
"20260312_072",2026-03-12,"DPT","TS3",3,"DPT_TS3_3",2.5,"D",0,0,29
"20260312_072",2026-03-12,"DPT","TS3",3,"DPT_TS3_3",2.5,"P",290.1316,3.84966392065096e-05,29
"20260312_072",2026-03-12,"DPT","TS3",3,"DPT_TS3_3",2.5,"T",25.63,1.88350664538346e-06,29
"20260312_073",2026-03-12,"CLT","TS3",3,"CLT_TS3_3",2.5,"C",0,0,29
"20260312_073",2026-03-12,"CLT","TS3",3,"CLT_TS3_3",2.5,"L",0,0,29
"20260312_073",2026-03-12,"CLT","TS3",3,"CLT_TS3_3",2.5,"T",51.26,6.03397196971066e-07,29
"20260312_074",2026-03-12,"CD","TS3",1,"CD_TS3_1",2.5,"C",0,0,29
"20260312_074",2026-03-12,"CD","TS3",1,"CD_TS3_1",2.5,"D",0,0,29
"20260312_075",2026-03-12,"PT","TS3",2,"PT_TS3_2",2.5,"P",287.056,2.53108347147153e-05,29
"20260312_075",2026-03-12,"PT","TS3",2,"PT_TS3_2",2.5,"T",51.05496,2.96158971209915e-07,29
"20260312_076",2026-03-12,"PT","TS3",1,"PT_TS3_1",2.5,"P",148.03888,2.89069692078717e-05,29
"20260312_076",2026-03-12,"PT","TS3",1,"PT_TS3_1",2.5,"T",25.63,1.29761273680072e-07,29
"20260312_077",2026-03-12,"CDPT","TS3",3,"CDPT_TS3_3",2.5,"C",25.63,7.51397844487618e-08,29
"20260312_077",2026-03-12,"CDPT","TS3",3,"CDPT_TS3_3",2.5,"D",0,0,29
"20260312_077",2026-03-12,"CDPT","TS3",3,"CDPT_TS3_3",2.5,"P",54.95072,6.84467338142565e-06,29
"20260312_077",2026-03-12,"CDPT","TS3",3,"CDPT_TS3_3",2.5,"T",25.63,4.00536767313235e-07,29
"20260312_078",2026-03-12,"CDPT","TS3",1,"CDPT_TS3_1",2.5,"C",0,0,29
"20260312_078",2026-03-12,"CDPT","TS3",1,"CDPT_TS3_1",2.5,"D",25.63,3.91096340167157e-07,29
"20260312_078",2026-03-12,"CDPT","TS3",1,"CDPT_TS3_1",2.5,"P",123.63912,1.33069941153616e-05,29
"20260312_078",2026-03-12,"CDPT","TS3",1,"CDPT_TS3_1",2.5,"T",0,0,29
"20260312_079",2026-03-12,"DPT","TS3",1,"DPT_TS3_1",2.5,"D",25.63,6.62806257892564e-07,29
"20260312_079",2026-03-12,"DPT","TS3",1,"DPT_TS3_1",2.5,"P",276.18888,3.09013546380988e-05,29
"20260312_079",2026-03-12,"DPT","TS3",1,"DPT_TS3_1",2.5,"T",45.202,9.49650470852682e-07,29
"20260312_080",2026-03-12,"CLT","TS3",2,"CLT_TS3_2",2.5,"C",25.63,1.15726209311736e-06,29
"20260312_080",2026-03-12,"CLT","TS3",2,"CLT_TS3_2",2.5,"L",0,0,29
"20260312_080",2026-03-12,"CLT","TS3",2,"CLT_TS3_2",2.5,"T",51.26,6.93683125643266e-07,29
"20260312_081",2026-03-12,"LT","TS3",2,"LT_TS3_2",2.5,"L",86.93696,8.94432761462927e-07,29
"20260312_081",2026-03-12,"LT","TS3",2,"LT_TS3_2",2.5,"T",609.994,8.45497100304567e-06,29
"20260312_082",2026-03-12,"PT","TS4",1,"PT_TS4_1",2.5,"P",152.7548,2.97412310860053e-05,29
"20260312_082",2026-03-12,"PT","TS4",1,"PT_TS4_1",2.5,"T",51.05496,3.89721758218657e-07,29
"20260312_083",2026-03-12,"DPT","TS4",2,"DPT_TS4_2",2.5,"D",0,0,29
"20260312_083",2026-03-12,"DPT","TS4",2,"DPT_TS4_2",2.5,"P",124.86936,1.15313183099488e-05,29
"20260312_083",2026-03-12,"DPT","TS4",2,"DPT_TS4_2",2.5,"T",25.63,1.13731879125612e-07,29
"20260312_084",2026-03-12,"CDLP","TS4",3,"CDLP_TS4_3",2.5,"C",30.9067647058824,1.78473404334768e-07,29
"20260312_084",2026-03-12,"CDLP","TS4",3,"CDLP_TS4_3",2.5,"D",0,0,29
"20260312_084",2026-03-12,"CDLP","TS4",3,"CDLP_TS4_3",2.5,"L",46.33904,2.95757861428462e-07,29
"20260312_084",2026-03-12,"CDLP","TS4",3,"CDLP_TS4_3",2.5,"P",258.14536,3.6840560120183e-05,29
"20260312_085",2026-03-12,"PT","TS4",2,"PT_TS4_2",2.5,"P",35.67696,2.7818201918476e-06,29
"20260312_085",2026-03-12,"PT","TS4",2,"PT_TS4_2",2.5,"T",25.63,1.5610301178387e-07,29
"20260312_086",2026-03-12,"CDPT","TS4",1,"CDPT_TS4_1",2.5,"C",26.4843333333333,2.22473734079586e-06,29
"20260312_086",2026-03-12,"CDPT","TS4",1,"CDPT_TS4_1",2.5,"D",0,0,29
"20260312_086",2026-03-12,"CDPT","TS4",1,"CDPT_TS4_1",2.5,"P",181.66544,2.0178648454941e-05,29
"20260312_086",2026-03-12,"CDPT","TS4",1,"CDPT_TS4_1",2.5,"T",0,0,29
"20260312_087",2026-03-12,"PT","TS4",3,"PT_TS4_3",2.5,"P",221.85328,2.29609899824059e-05,29
"20260312_087",2026-03-12,"PT","TS4",3,"PT_TS4_3",2.5,"T",25.63,1.0223009264596e-07,29
"20260312_088",2026-03-12,"DPT","TS4",3,"DPT_TS4_3",2.5,"D",0,0,29
"20260312_088",2026-03-12,"DPT","TS4",3,"DPT_TS4_3",2.5,"P",172.2336,2.19254137435761e-05,29
"20260312_088",2026-03-12,"DPT","TS4",3,"DPT_TS4_3",2.5,"T",0,0,29
"20260312_089",2026-03-12,"CDLT","TS4",2,"CDLT_TS4_2",2.5,"C",25.63,4.91485659592216e-09,29
"20260312_089",2026-03-12,"CDLT","TS4",2,"CDLT_TS4_2",2.5,"D",0,0,29
"20260312_089",2026-03-12,"CDLT","TS4",2,"CDLT_TS4_2",2.5,"L",0,0,29
"20260312_089",2026-03-12,"CDLT","TS4",2,"CDLT_TS4_2",2.5,"T",51.26,6.45866316710462e-07,29
"20260312_090",2026-03-12,"CDPT","TS4",2,"CDPT_TS4_2",2.5,"C",0,0,29
"20260312_090",2026-03-12,"CDPT","TS4",2,"CDPT_TS4_2",2.5,"D",25.63,6.00124883607702e-07,29
"20260312_090",2026-03-12,"CDPT","TS4",2,"CDPT_TS4_2",2.5,"P",196.22328,2.26789093798598e-05,29
"20260312_090",2026-03-12,"CDPT","TS4",2,"CDPT_TS4_2",2.5,"T",88.1672,2.97552460553215e-06,29
"20260312_091",2026-03-12,"CLT","TS4",1,"CLT_TS4_1",2.5,"C",0,0,29
"20260312_091",2026-03-12,"CLT","TS4",1,"CLT_TS4_1",2.5,"L",0,0,29
"20260312_091",2026-03-12,"CLT","TS4",1,"CLT_TS4_1",2.5,"T",102.10992,1.43887974291097e-06,29
"20260312_092",2026-03-12,"LP","TS4",3,"LP_TS4_3",2.5,"L",36.0486991869919,1.59937982467478e-06,29
"20260312_092",2026-03-12,"LP","TS4",3,"LP_TS4_3",2.5,"P",156.65056,2.54849855323069e-05,29
"20260312_093",2026-03-12,"CLT","TS4",3,"CLT_TS4_3",2.5,"C",0,0,29
"20260312_093",2026-03-12,"CLT","TS4",3,"CLT_TS4_3",2.5,"L",25.63,9.16855117478764e-08,29
"20260312_093",2026-03-12,"CLT","TS4",3,"CLT_TS4_3",2.5,"T",25.63,2.72168810917769e-07,29
"20260312_094",2026-03-12,"CDLP","TS4",2,"CDLP_TS4_2",2.5,"C",0,0,29
"20260312_094",2026-03-12,"CDLP","TS4",2,"CDLP_TS4_2",2.5,"D",0,0,29
"20260312_094",2026-03-12,"CDLP","TS4",2,"CDLP_TS4_2",2.5,"L",0,0,29
"20260312_094",2026-03-12,"CDLP","TS4",2,"CDLP_TS4_2",2.5,"P",211.1912,1.67013437065313e-05,29
"20260312_095",2026-03-12,"LP","TS4",2,"LP_TS4_2",2.5,"L",0,0,29
"20260312_095",2026-03-12,"LP","TS4",2,"LP_TS4_2",2.5,"P",89.80752,5.91451075816638e-06,29
"20260312_096",2026-03-12,"CDLT","TS4",3,"CDLT_TS4_3",2.5,"C",0,0,29
"20260312_096",2026-03-12,"CDLT","TS4",3,"CDLT_TS4_3",2.5,"D",0,0,29
"20260312_096",2026-03-12,"CDLT","TS4",3,"CDLT_TS4_3",2.5,"L",0,0,29
"20260312_096",2026-03-12,"CDLT","TS4",3,"CDLT_TS4_3",2.5,"T",25.63,3.73274954321102e-07,29
"20260312_097",2026-03-12,"LP","TS4",1,"LP_TS4_1",2.5,"L",46.74912,2.74212035089832e-07,29
"20260312_097",2026-03-12,"LP","TS4",1,"LP_TS4_1",2.5,"P",105.39056,8.78245223614474e-06,29
"20260312_098",2026-03-12,"CDLT","TS4",1,"CDLT_TS4_1",2.5,"C",0,0,29
"20260312_098",2026-03-12,"CDLT","TS4",1,"CDLT_TS4_1",2.5,"D",0,0,29
"20260312_098",2026-03-12,"CDLT","TS4",1,"CDLT_TS4_1",2.5,"L",0,0,29
"20260312_098",2026-03-12,"CDLT","TS4",1,"CDLT_TS4_1",2.5,"T",0,0,29
"20260312_099",2026-03-12,"CDLP","TS4",1,"CDLP_TS4_1",2.5,"C",0,0,29
"20260312_099",2026-03-12,"CDLP","TS4",1,"CDLP_TS4_1",2.5,"D",0,0,29
"20260312_099",2026-03-12,"CDLP","TS4",1,"CDLP_TS4_1",2.5,"L",0,0,29
"20260312_099",2026-03-12,"CDLP","TS4",1,"CDLP_TS4_1",2.5,"P",302.63904,3.68914849555892e-05,29
"20260312_100",2026-03-12,"DPT","TS4",1,"DPT_TS4_1",2.5,"D",0,0,29
"20260312_100",2026-03-12,"DPT","TS4",1,"DPT_TS4_1",2.5,"P",113.7972,2.16449339575554e-05,29
"20260312_100",2026-03-12,"DPT","TS4",1,"DPT_TS4_1",2.5,"T",0,0,29
"20260312_101",2026-03-12,"LT","TS4",1,"LT_TS4_1",2.5,"L",25.63,1.31042152123282e-07,29
"20260312_101",2026-03-12,"LT","TS4",1,"LT_TS4_1",2.5,"T",198.47872,1.08824524461078e-06,29
"20260312_102",2026-03-12,"CDPT","TS4",3,"CDPT_TS4_3",2.5,"C",25.63,1.54788403254716e-06,29
"20260312_102",2026-03-12,"CDPT","TS4",3,"CDPT_TS4_3",2.5,"D",25.63,1.35524392487127e-06,29
"20260312_102",2026-03-12,"CDPT","TS4",3,"CDPT_TS4_3",2.5,"P",25.8366935483871,5.85663422037924e-06,29
"20260312_102",2026-03-12,"CDPT","TS4",3,"CDPT_TS4_3",2.5,"T",25.63,1.32896379129782e-07,29
"20260312_103",2026-03-12,"LPT","TS4",1,"LPT_TS4_1",2.5,"L",0,0,29
"20260312_103",2026-03-12,"LPT","TS4",1,"LPT_TS4_1",2.5,"P",145.37336,1.43594208388156e-05,29
"20260312_103",2026-03-12,"LPT","TS4",1,"LPT_TS4_1",2.5,"T",25.63,5.22611409726892e-07,29
"20260312_104",2026-03-12,"LT","TS4",3,"LT_TS4_3",2.5,"L",25.63,1.12457627115133e-07,29
"20260312_104",2026-03-12,"LT","TS4",3,"LT_TS4_3",2.5,"T",150.08928,7.04878425092849e-07,29
"20260312_105",2026-03-12,"LT","TS4",2,"LT_TS4_2",2.5,"L",0,0,29
"20260312_105",2026-03-12,"LT","TS4",2,"LT_TS4_2",2.5,"T",236.61616,1.2776827121013e-06,29
"20260312_106",2026-03-12,"CLT","TS4",2,"CLT_TS4_2",2.5,"C",0,0,29
"20260312_106",2026-03-12,"CLT","TS4",2,"CLT_TS4_2",2.5,"L",0,0,29
"20260312_106",2026-03-12,"CLT","TS4",2,"CLT_TS4_2",2.5,"T",51.26,5.72930356451878e-07,29
"20260312_107",2026-03-12,"LPT","TS4",2,"LPT_TS4_2",2.5,"L",0,0,29
"20260312_107",2026-03-12,"LPT","TS4",2,"LPT_TS4_2",2.5,"P",153.57496,7.76126592330827e-06,29
"20260312_107",2026-03-12,"LPT","TS4",2,"LPT_TS4_2",2.5,"T",25.63,1.47090541238039e-07,29
"20260312_108",2026-03-12,"LPT","TS4",3,"LPT_TS4_3",2.5,"L",0,0,29
"20260312_108",2026-03-12,"LPT","TS4",3,"LPT_TS4_3",2.5,"P",214.88192,3.35205004497226e-05,29
"20260312_108",2026-03-12,"LPT","TS4",3,"LPT_TS4_3",2.5,"T",51.26,3.23263009195443e-07,29
"20260313_001",2026-03-13,"DLPT","TS1",3,"DLPT_TS1_3",2.5,"D",0,0,30
"20260313_001",2026-03-13,"DLPT","TS1",3,"DLPT_TS1_3",2.5,"L",0,0,30
"20260313_001",2026-03-13,"DLPT","TS1",3,"DLPT_TS1_3",2.5,"P",63.15232,7.47733620933864e-06,30
"20260313_001",2026-03-13,"DLPT","TS1",3,"DLPT_TS1_3",2.5,"T",25.63,2.72426170521406e-07,30
"20260313_002",2026-03-13,"LPT","TS1",1,"LPT_TS1_1",2.5,"L",0,0,30
"20260313_002",2026-03-13,"LPT","TS1",1,"LPT_TS1_1",2.5,"P",165.67232,2.33407580322648e-05,30
"20260313_002",2026-03-13,"LPT","TS1",1,"LPT_TS1_1",2.5,"T",51.26,6.36615844208648e-07,30
"20260313_003",2026-03-13,"DLPT","TS1",2,"DLPT_TS1_2",2.5,"D",0,0,30
"20260313_003",2026-03-13,"DLPT","TS1",2,"DLPT_TS1_2",2.5,"L",0,0,30
"20260313_003",2026-03-13,"DLPT","TS1",2,"DLPT_TS1_2",2.5,"P",226.36416,2.41870439024102e-05,30
"20260313_003",2026-03-13,"DLPT","TS1",2,"DLPT_TS1_2",2.5,"T",53.3104,5.67247321028894e-07,30
"20260313_004",2026-03-13,"CD","TS1",3,"CD_TS1_3",2.5,"C",0,0,30
"20260313_004",2026-03-13,"CD","TS1",3,"CD_TS1_3",2.5,"D",25.63,2.78039094244525e-07,30
"20260313_005",2026-03-13,"CLT","TS1",1,"CLT_TS1_1",2.5,"C",25.63,4.5609884807674e-07,30
"20260313_005",2026-03-13,"CLT","TS1",1,"CLT_TS1_1",2.5,"L",0,0,30
"20260313_005",2026-03-13,"CLT","TS1",1,"CLT_TS1_1",2.5,"T",25.63,1.76260747177065e-07,30
"20260313_006",2026-03-13,"DPT","TS1",3,"DPT_TS1_3",2.5,"D",0,0,30
"20260313_006",2026-03-13,"DPT","TS1",3,"DPT_TS1_3",2.5,"P",298.53824,3.64204954812873e-05,30
"20260313_006",2026-03-13,"DPT","TS1",3,"DPT_TS1_3",2.5,"T",51.26,4.66127611042462e-07,30
"20260313_007",2026-03-13,"CLT","TS1",2,"CLT_TS1_2",2.5,"C",51.26,6.64772332842396e-07,30
"20260313_007",2026-03-13,"CLT","TS1",2,"CLT_TS1_2",2.5,"L",62.5372,5.09943400624887e-07,30
"20260313_007",2026-03-13,"CLT","TS1",2,"CLT_TS1_2",2.5,"T",110.10648,7.42405509856156e-07,30
"20260313_008",2026-03-13,"CDLP","TS1",2,"CDLP_TS1_2",2.5,"C",0,0,30
"20260313_008",2026-03-13,"CDLP","TS1",2,"CDLP_TS1_2",2.5,"D",0,0,30
"20260313_008",2026-03-13,"CDLP","TS1",2,"CDLP_TS1_2",2.5,"L",25.63,1.3294843171054e-07,30
"20260313_008",2026-03-13,"CDLP","TS1",2,"CDLP_TS1_2",2.5,"P",114.20728,1.34662915973953e-05,30
"20260313_009",2026-03-13,"PT","TS1",1,"PT_TS1_1",2.5,"P",140.04232,1.74979051119875e-05,30
"20260313_009",2026-03-13,"PT","TS1",1,"PT_TS1_1",2.5,"T",51.26,1.59782709606349e-06,30
"20260313_010",2026-03-13,"LPT","TS1",2,"LPT_TS1_2",2.5,"L",25.63,1.59607793090732e-07,30
"20260313_010",2026-03-13,"LPT","TS1",2,"LPT_TS1_2",2.5,"P",329.49928,4.23316683158129e-05,30
"20260313_010",2026-03-13,"LPT","TS1",2,"LPT_TS1_2",2.5,"T",97.80408,3.28809676213402e-06,30
"20260313_011",2026-03-13,"CDLT","TS1",3,"CDLT_TS1_3",2.5,"C",0,0,30
"20260313_011",2026-03-13,"CDLT","TS1",3,"CDLT_TS1_3",2.5,"D",0,0,30
"20260313_011",2026-03-13,"CDLT","TS1",3,"CDLT_TS1_3",2.5,"L",0,0,30
"20260313_011",2026-03-13,"CDLT","TS1",3,"CDLT_TS1_3",2.5,"T",46.54408,5.27857666225873e-07,30
"20260313_012",2026-03-13,"DLPT","TS1",1,"DLPT_TS1_1",2.5,"D",0,0,30
"20260313_012",2026-03-13,"DLPT","TS1",1,"DLPT_TS1_1",2.5,"L",25.63,2.32132145159047e-06,30
"20260313_012",2026-03-13,"DLPT","TS1",1,"DLPT_TS1_1",2.5,"P",299.3584,3.87897620645163e-05,30
"20260313_012",2026-03-13,"DLPT","TS1",1,"DLPT_TS1_1",2.5,"T",42.44328,3.69651064824766e-07,30
"20260313_013",2026-03-13,"LT","TS1",3,"LT_TS1_3",2.5,"L",0,0,30
"20260313_013",2026-03-13,"LT","TS1",3,"LT_TS1_3",2.5,"T",107.03088,1.01291139076896e-06,30
"20260313_014",2026-03-13,"CDLT","TS1",2,"CDLT_TS1_2",2.5,"C",25.63,4.67545203165435e-06,30
"20260313_014",2026-03-13,"CDLT","TS1",2,"CDLT_TS1_2",2.5,"D",0,0,30
"20260313_014",2026-03-13,"CDLT","TS1",2,"CDLT_TS1_2",2.5,"L",0,0,30
"20260313_014",2026-03-13,"CDLT","TS1",2,"CDLT_TS1_2",2.5,"T",25.63,4.72042833840503e-08,30
"20260313_015",2026-03-13,"LT","TS1",2,"LT_TS1_2",2.5,"L",301.81888,5.37177266122706e-06,30
"20260313_015",2026-03-13,"LT","TS1",2,"LT_TS1_2",2.5,"T",470.36176,1.06534957291139e-05,30
"20260313_016",2026-03-13,"CDLT","TS1",1,"CDLT_TS1_1",2.5,"C",0,0,30
"20260313_016",2026-03-13,"CDLT","TS1",1,"CDLT_TS1_1",2.5,"D",0,0,30
"20260313_016",2026-03-13,"CDLT","TS1",1,"CDLT_TS1_1",2.5,"L",0,0,30
"20260313_016",2026-03-13,"CDLT","TS1",1,"CDLT_TS1_1",2.5,"T",76.89,1.00827822434786e-06,30
"20260313_017",2026-03-13,"DPT","TS1",1,"DPT_TS1_1",2.5,"D",0,0,30
"20260313_017",2026-03-13,"DPT","TS1",1,"DPT_TS1_1",2.5,"P",189.04688,1.70149778294579e-05,30
"20260313_017",2026-03-13,"DPT","TS1",1,"DPT_TS1_1",2.5,"T",25.63,1.77700340332131e-08,30
"20260313_018",2026-03-13,"DPT","TS1",2,"DPT_TS1_2",2.5,"D",0,0,30
"20260313_018",2026-03-13,"DPT","TS1",2,"DPT_TS1_2",2.5,"P",121.79376,2.0835770277738e-05,30
"20260313_018",2026-03-13,"DPT","TS1",2,"DPT_TS1_2",2.5,"T",51.05496,3.85647229099717e-07,30
"20260313_019",2026-03-13,"PT","TS1",3,"PT_TS1_3",2.5,"P",178.58984,1.77622530203594e-05,30
"20260313_019",2026-03-13,"PT","TS1",3,"PT_TS1_3",2.5,"T",25.63,1.67565554799551e-07,30
"20260313_020",2026-03-13,"CDLP","TS1",1,"CDLP_TS1_1",2.5,"C",25.63,1.09663511294465e-06,30
"20260313_020",2026-03-13,"CDLP","TS1",1,"CDLP_TS1_1",2.5,"D",0,0,30
"20260313_020",2026-03-13,"CDLP","TS1",1,"CDLP_TS1_1",2.5,"L",51.26,4.18019625854067e-07,30
"20260313_020",2026-03-13,"CDLP","TS1",1,"CDLP_TS1_1",2.5,"P",272.49816,2.49396484650507e-05,30
"20260313_021",2026-03-13,"CDLP","TS1",3,"CDLP_TS1_3",2.5,"C",31.9583950617284,1.94540132421922e-07,30
"20260313_021",2026-03-13,"CDLP","TS1",3,"CDLP_TS1_3",2.5,"D",25.63,3.85178097217279e-07,30
"20260313_021",2026-03-13,"CDLP","TS1",3,"CDLP_TS1_3",2.5,"L",25.63,4.08085777900498e-07,30
"20260313_021",2026-03-13,"CDLP","TS1",3,"CDLP_TS1_3",2.5,"P",221.64824,2.05994110711129e-05,30
"20260313_022",2026-03-13,"CD","TS1",1,"CD_TS1_1",2.5,"C",113.18208,3.64752141148811e-06,30
"20260313_022",2026-03-13,"CD","TS1",1,"CD_TS1_1",2.5,"D",0,0,30
"20260313_023",2026-03-13,"LPT","TS1",3,"LPT_TS1_3",2.5,"L",25.63,2.3407867462888e-08,30
"20260313_023",2026-03-13,"LPT","TS1",3,"LPT_TS1_3",2.5,"P",206.88536,2.30469039580897e-05,30
"20260313_023",2026-03-13,"LPT","TS1",3,"LPT_TS1_3",2.5,"T",28.7056,2.25095359775699e-07,30
"20260313_024",2026-03-13,"LT","TS1",1,"LT_TS1_1",2.5,"L",246.048,4.59115572416561e-06,30
"20260313_024",2026-03-13,"LT","TS1",1,"LT_TS1_1",2.5,"T",336.67568,8.24464151826216e-06,30
"20260313_025",2026-03-13,"CLT","TS1",3,"CLT_TS1_3",2.5,"C",0,0,30
"20260313_025",2026-03-13,"CLT","TS1",3,"CLT_TS1_3",2.5,"L",0,0,30
"20260313_025",2026-03-13,"CLT","TS1",3,"CLT_TS1_3",2.5,"T",50.84992,3.97149037959442e-07,30
"20260313_026",2026-03-13,"CD","TS1",2,"CD_TS1_2",2.5,"C",0,0,30
"20260313_026",2026-03-13,"CD","TS1",2,"CD_TS1_2",2.5,"D",51.26,5.16128493639103e-07,30
"20260313_027",2026-03-13,"PT","TS1",2,"PT_TS1_2",2.5,"P",188.84184,1.87417945536596e-05,30
"20260313_027",2026-03-13,"PT","TS1",2,"PT_TS1_2",2.5,"T",0,0,30
"20260313_028",2026-03-13,"CLT","TS2",1,"CLT_TS2_1",2.5,"C",25.63,2.00085085832841e-07,30
"20260313_028",2026-03-13,"CLT","TS2",1,"CLT_TS2_1",2.5,"L",0,0,30
"20260313_028",2026-03-13,"CLT","TS2",1,"CLT_TS2_1",2.5,"T",76.89,5.85865368526881e-07,30
"20260313_029",2026-03-13,"CP","TS2",1,"CP_TS2_1",2.5,"C",25.63,3.42085671863952e-07,30
"20260313_029",2026-03-13,"CP","TS2",1,"CP_TS2_1",2.5,"P",202.78456,1.42846234131974e-05,30
"20260313_030",2026-03-13,"CDPT","TS2",1,"CDPT_TS2_1",2.5,"C",25.63,2.67475502381307e-06,30
"20260313_030",2026-03-13,"CDPT","TS2",1,"CDPT_TS2_1",2.5,"D",0,0,30
"20260313_030",2026-03-13,"CDPT","TS2",1,"CDPT_TS2_1",2.5,"P",71.96904,8.68387488768756e-06,30
"20260313_030",2026-03-13,"CDPT","TS2",1,"CDPT_TS2_1",2.5,"T",25.63,3.30592934151804e-07,30
"20260313_031",2026-03-13,"CDPT","TS2",3,"CDPT_TS2_3",2.5,"C",53.3104,2.48057274712818e-06,30
"20260313_031",2026-03-13,"CDPT","TS2",3,"CDPT_TS2_3",2.5,"D",0,0,30
"20260313_031",2026-03-13,"CDPT","TS2",3,"CDPT_TS2_3",2.5,"P",369.89216,3.09049080831293e-05,30
"20260313_031",2026-03-13,"CDPT","TS2",3,"CDPT_TS2_3",2.5,"T",25.63,4.12512320989439e-07,30
"20260313_032",2026-03-13,"LT","TS2",3,"LT_TS2_3",2.5,"L",25.63,8.1841681704795e-08,30
"20260313_032",2026-03-13,"LT","TS2",3,"LT_TS2_3",2.5,"T",230.67,2.1246219145118e-06,30
"20260313_033",2026-03-13,"PT","TS2",3,"PT_TS2_3",2.5,"P",192.7376,2.70675314168153e-05,30
"20260313_033",2026-03-13,"PT","TS2",3,"PT_TS2_3",2.5,"T",645.46592,1.83872195529856e-05,30
"20260313_034",2026-03-13,"DPT","TS2",3,"DPT_TS2_3",2.5,"D",0,0,30
"20260313_034",2026-03-13,"DPT","TS2",3,"DPT_TS2_3",2.5,"P",183.30576,2.19880731869382e-05,30
"20260313_034",2026-03-13,"DPT","TS2",3,"DPT_TS2_3",2.5,"T",42.785564516129,2.34747781824136e-07,30
"20260313_035",2026-03-13,"PT","TS2",1,"PT_TS2_1",2.5,"P",376.04336,4.73596140433177e-05,30
"20260313_035",2026-03-13,"PT","TS2",1,"PT_TS2_1",2.5,"T",25.63,3.14181894784137e-07,30
"20260313_036",2026-03-13,"CDLT","TS2",3,"CDLT_TS2_3",2.5,"C",39.16264,3.77977291961124e-06,30
"20260313_036",2026-03-13,"CDLT","TS2",3,"CDLT_TS2_3",2.5,"D",0,0,30
"20260313_036",2026-03-13,"CDLT","TS2",3,"CDLT_TS2_3",2.5,"L",0,0,30
"20260313_036",2026-03-13,"CDLT","TS2",3,"CDLT_TS2_3",2.5,"T",62.5372,7.97625624664767e-07,30
"20260313_037",2026-03-13,"CDLP","TS2",2,"CDLP_TS2_2",2.5,"C",25.63,4.20012487917207e-08,30
"20260313_037",2026-03-13,"CDLP","TS2",2,"CDLP_TS2_2",2.5,"D",25.63,3.44881980324946e-07,30
"20260313_037",2026-03-13,"CDLP","TS2",2,"CDLP_TS2_2",2.5,"L",25.63,2.42233712363268e-07,30
"20260313_037",2026-03-13,"CDLP","TS2",2,"CDLP_TS2_2",2.5,"P",171.41344,1.32549795245701e-05,30
"20260313_038",2026-03-13,"CDLT","TS2",2,"CDLT_TS2_2",2.5,"C",0,0,30
"20260313_038",2026-03-13,"CDLT","TS2",2,"CDLT_TS2_2",2.5,"D",0,0,30
"20260313_038",2026-03-13,"CDLT","TS2",2,"CDLT_TS2_2",2.5,"L",0,0,30
"20260313_038",2026-03-13,"CDLT","TS2",2,"CDLT_TS2_2",2.5,"T",76.89,1.23570889381266e-06,30
"20260313_039",2026-03-13,"CDPT","TS2",2,"CDPT_TS2_2",2.5,"C",0,0,30
"20260313_039",2026-03-13,"CDPT","TS2",2,"CDPT_TS2_2",2.5,"D",0,0,30
"20260313_039",2026-03-13,"CDPT","TS2",2,"CDPT_TS2_2",2.5,"P",111.54176,1.15245148656405e-05,30
"20260313_039",2026-03-13,"CDPT","TS2",2,"CDPT_TS2_2",2.5,"T",102.31496,1.24776365258554e-06,30
"20260313_040",2026-03-13,"CLT","TS2",3,"CLT_TS2_3",2.5,"C",42.0332,2.38674099680819e-06,30
"20260313_040",2026-03-13,"CLT","TS2",3,"CLT_TS2_3",2.5,"L",0,0,30
"20260313_040",2026-03-13,"CLT","TS2",3,"CLT_TS2_3",2.5,"T",51.26,6.56257409162559e-07,30
"20260313_041",2026-03-13,"PT","TS2",2,"PT_TS2_2",2.5,"P",186.38136,2.48443398081628e-05,30
"20260313_041",2026-03-13,"PT","TS2",2,"PT_TS2_2",2.5,"T",25.63,2.73617829045827e-08,30
"20260313_042",2026-03-13,"DLP","TS2",3,"DLP_TS2_3",2.5,"D",0,0,30
"20260313_042",2026-03-13,"DLP","TS2",3,"DLP_TS2_3",2.5,"L",50.84992,7.54430170214353e-07,30
"20260313_042",2026-03-13,"DLP","TS2",3,"DLP_TS2_3",2.5,"P",203.80976,2.44383385003335e-05,30
"20260313_043",2026-03-13,"CDLP","TS2",1,"CDLP_TS2_1",2.5,"C",0,0,30
"20260313_043",2026-03-13,"CDLP","TS2",1,"CDLP_TS2_1",2.5,"D",0,0,30
"20260313_043",2026-03-13,"CDLP","TS2",1,"CDLP_TS2_1",2.5,"L",0,0,30
"20260313_043",2026-03-13,"CDLP","TS2",1,"CDLP_TS2_1",2.5,"P",118.51312,1.920872547164e-05,30
"20260313_044",2026-03-13,"LT","TS2",2,"LT_TS2_2",2.5,"L",25.63,5.37870764275416e-08,30
"20260313_044",2026-03-13,"LT","TS2",2,"LT_TS2_2",2.5,"T",99.03432,6.08701773794215e-07,30
"20260313_045",2026-03-13,"CLT","TS2",2,"CLT_TS2_2",2.5,"C",0,0,30
"20260313_045",2026-03-13,"CLT","TS2",2,"CLT_TS2_2",2.5,"L",0,0,30
"20260313_045",2026-03-13,"CLT","TS2",2,"CLT_TS2_2",2.5,"T",102.52,9.09009576216597e-07,30
"20260313_046",2026-03-13,"DPT","TS2",1,"DPT_TS2_1",2.5,"D",0,0,30
"20260313_046",2026-03-13,"DPT","TS2",1,"DPT_TS2_1",2.5,"P",121.17864,1.87146756158012e-05,30
"20260313_046",2026-03-13,"DPT","TS2",1,"DPT_TS2_1",2.5,"T",25.63,6.0096630351982e-08,30
"20260313_047",2026-03-13,"DLP","TS2",2,"DLP_TS2_2",2.5,"D",0,0,30
"20260313_047",2026-03-13,"DLP","TS2",2,"DLP_TS2_2",2.5,"L",0,0,30
"20260313_047",2026-03-13,"DLP","TS2",2,"DLP_TS2_2",2.5,"P",316.99184,4.04578539044428e-05,30
"20260313_048",2026-03-13,"DPT","TS2",2,"DPT_TS2_2",2.5,"D",25.63,7.97368639897081e-08,30
"20260313_048",2026-03-13,"DPT","TS2",2,"DPT_TS2_2",2.5,"P",385.4752,4.65749809688014e-05,30
"20260313_048",2026-03-13,"DPT","TS2",2,"DPT_TS2_2",2.5,"T",101.08472,1.17370558004061e-06,30
"20260313_049",2026-03-13,"CP","TS2",3,"CP_TS2_3",2.5,"C",25.63,1.34101901485525e-06,30
"20260313_049",2026-03-13,"CP","TS2",3,"CP_TS2_3",2.5,"P",118.51312,1.27802778360645e-05,30
"20260313_050",2026-03-13,"CP","TS2",2,"CP_TS2_2",2.5,"C",25.83504,2.03562151964478e-06,30
"20260313_050",2026-03-13,"CP","TS2",2,"CP_TS2_2",2.5,"P",81.60592,8.37362110036791e-06,30
"20260313_051",2026-03-13,"CDLT","TS2",1,"CDLT_TS2_1",2.5,"C",25.63,2.83560152223296e-06,30
"20260313_051",2026-03-13,"CDLT","TS2",1,"CDLT_TS2_1",2.5,"D",25.63,4.75297778822923e-07,30
"20260313_051",2026-03-13,"CDLT","TS2",1,"CDLT_TS2_1",2.5,"L",0,0,30
"20260313_051",2026-03-13,"CDLT","TS2",1,"CDLT_TS2_1",2.5,"T",25.63,1.62520415145666e-07,30
"20260313_052",2026-03-13,"CDLP","TS2",3,"CDLP_TS2_3",2.5,"C",25.63,2.16738064576735e-06,30
"20260313_052",2026-03-13,"CDLP","TS2",3,"CDLP_TS2_3",2.5,"D",0,0,30
"20260313_052",2026-03-13,"CDLP","TS2",3,"CDLP_TS2_3",2.5,"L",0,0,30
"20260313_052",2026-03-13,"CDLP","TS2",3,"CDLP_TS2_3",2.5,"P",37.9324,5.19283103241374e-06,30
"20260313_053",2026-03-13,"DLP","TS2",1,"DLP_TS2_1",2.5,"D",36.70216,1.59346464633301e-06,30
"20260313_053",2026-03-13,"DLP","TS2",1,"DLP_TS2_1",2.5,"L",25.63,2.6474224735913e-07,30
"20260313_053",2026-03-13,"DLP","TS2",1,"DLP_TS2_1",2.5,"P",199.70896,2.36796393790171e-05,30
"20260313_054",2026-03-13,"LT","TS2",1,"LT_TS2_1",2.5,"L",84.88656,5.31797313255987e-07,30
"20260313_054",2026-03-13,"LT","TS2",1,"LT_TS2_1",2.5,"T",82.42608,1.21292314163944e-06,30
"20260313_055",2026-03-13,"CDLP","TS3",3,"CDLP_TS3_3",2.5,"C",25.63,5.8374483113771e-08,30
"20260313_055",2026-03-13,"CDLP","TS3",3,"CDLP_TS3_3",2.5,"D",25.63,3.3959983126259e-07,30
"20260313_055",2026-03-13,"CDLP","TS3",3,"CDLP_TS3_3",2.5,"L",0,0,30
"20260313_055",2026-03-13,"CDLP","TS3",3,"CDLP_TS3_3",2.5,"P",183.5108,2.36460373606066e-05,30
"20260313_056",2026-03-13,"CDPT","TS3",2,"CDPT_TS3_2",2.5,"C",0,0,30
"20260313_056",2026-03-13,"CDPT","TS3",2,"CDPT_TS3_2",2.5,"D",25.63,1.10921580756599e-08,30
"20260313_056",2026-03-13,"CDPT","TS3",2,"CDPT_TS3_2",2.5,"P",370.30224,5.9711334687182e-05,30
"20260313_056",2026-03-13,"CDPT","TS3",2,"CDPT_TS3_2",2.5,"T",74.22448,5.9033447150019e-07,30
"20260313_057",2026-03-13,"CDLT","TS3",2,"CDLT_TS3_2",2.5,"C",51.26,1.86234592571872e-06,30
"20260313_057",2026-03-13,"CDLT","TS3",2,"CDLT_TS3_2",2.5,"D",0,0,30
"20260313_057",2026-03-13,"CDLT","TS3",2,"CDLT_TS3_2",2.5,"L",0,0,30
"20260313_057",2026-03-13,"CDLT","TS3",2,"CDLT_TS3_2",2.5,"T",102.52,9.48999617140094e-07,30
"20260313_058",2026-03-13,"LT","TS3",1,"LT_TS3_1",2.5,"L",0,0,30
"20260313_058",2026-03-13,"LT","TS3",1,"LT_TS3_1",2.5,"T",209.55088,1.45429657797843e-06,30
"20260313_059",2026-03-13,"LT","TS3",3,"LT_TS3_3",2.5,"L",52.69528,7.88509231563723e-07,30
"20260313_059",2026-03-13,"LT","TS3",3,"LT_TS3_3",2.5,"T",299.97352,4.3231639784653e-06,30
"20260313_060",2026-03-13,"CDLT","TS3",1,"CDLT_TS3_1",2.5,"C",25.63,5.58543527603727e-07,30
"20260313_060",2026-03-13,"CDLT","TS3",1,"CDLT_TS3_1",2.5,"D",0,0,30
"20260313_060",2026-03-13,"CDLT","TS3",1,"CDLT_TS3_1",2.5,"L",0,0,30
"20260313_060",2026-03-13,"CDLT","TS3",1,"CDLT_TS3_1",2.5,"T",68.27832,7.97975844103317e-07,30
"20260313_061",2026-03-13,"DLP","TS3",1,"DLP_TS3_1",2.5,"D",51.26,6.4199791877458e-07,30
"20260313_061",2026-03-13,"DLP","TS3",1,"DLP_TS3_1",2.5,"L",25.63,2.01833182324825e-07,30
"20260313_061",2026-03-13,"DLP","TS3",1,"DLP_TS3_1",2.5,"P",110.10648,1.4581892652392e-05,30
"20260313_062",2026-03-13,"DLP","TS3",2,"DLP_TS3_2",2.5,"D",0,0,30
"20260313_062",2026-03-13,"DLP","TS3",2,"DLP_TS3_2",2.5,"L",25.63,1.28880830616618e-07,30
"20260313_062",2026-03-13,"DLP","TS3",2,"DLP_TS3_2",2.5,"P",247.0732,2.33933224906664e-05,30
"20260313_063",2026-03-13,"DLP","TS3",3,"DLP_TS3_3",2.5,"D",25.63,1.36344220629891e-07,30
"20260313_063",2026-03-13,"DLP","TS3",3,"DLP_TS3_3",2.5,"L",25.63,2.22808792119946e-07,30
"20260313_063",2026-03-13,"DLP","TS3",3,"DLP_TS3_3",2.5,"P",300.3836,3.83788848421098e-05,30
"20260313_064",2026-03-13,"DPT","TS3",2,"DPT_TS3_2",2.5,"D",25.63,6.77501892157855e-08,30
"20260313_064",2026-03-13,"DPT","TS3",2,"DPT_TS3_2",2.5,"P",166.90256,2.89434207913573e-05,30
"20260313_064",2026-03-13,"DPT","TS3",2,"DPT_TS3_2",2.5,"T",42.23824,4.35607805646384e-07,30
"20260313_065",2026-03-13,"CD","TS3",2,"CD_TS3_2",2.5,"C",600.35712,6.68154519510487e-06,30
"20260313_065",2026-03-13,"CD","TS3",2,"CD_TS3_2",2.5,"D",31.092131147541,4.07842783099873e-07,30
"20260313_066",2026-03-13,"CDLP","TS3",1,"CDLP_TS3_1",2.5,"C",0,0,30
"20260313_066",2026-03-13,"CDLP","TS3",1,"CDLP_TS3_1",2.5,"D",25.63,2.11636971173051e-07,30
"20260313_066",2026-03-13,"CDLP","TS3",1,"CDLP_TS3_1",2.5,"L",0,0,30
"20260313_066",2026-03-13,"CDLP","TS3",1,"CDLP_TS3_1",2.5,"P",281.93,3.12656510569202e-05,30
"20260313_067",2026-03-13,"CLT","TS3",1,"CLT_TS3_1",2.5,"C",0,0,30
"20260313_067",2026-03-13,"CLT","TS3",1,"CLT_TS3_1",2.5,"L",0,0,30
"20260313_067",2026-03-13,"CLT","TS3",1,"CLT_TS3_1",2.5,"T",76.89,1.1093901546554e-06,30
"20260313_068",2026-03-13,"CDLP","TS3",2,"CDLP_TS3_2",2.5,"C",46.95416,5.50552957168218e-07,30
"20260313_068",2026-03-13,"CDLP","TS3",2,"CDLP_TS3_2",2.5,"D",25.63,3.51178733798693e-07,30
"20260313_068",2026-03-13,"CDLP","TS3",2,"CDLP_TS3_2",2.5,"L",25.63,7.81919347029756e-08,30
"20260313_068",2026-03-13,"CDLP","TS3",2,"CDLP_TS3_2",2.5,"P",97.80408,2.36653313966773e-05,30
"20260313_069",2026-03-13,"PT","TS3",3,"PT_TS3_3",2.5,"P",200.52912,2.26912535880911e-05,30
"20260313_069",2026-03-13,"PT","TS3",3,"PT_TS3_3",2.5,"T",0,0,30
"20260313_070",2026-03-13,"CD","TS3",3,"CD_TS3_3",2.5,"C",25.63,1.66134409526086e-06,30
"20260313_070",2026-03-13,"CD","TS3",3,"CD_TS3_3",2.5,"D",25.63,1.53814822214129e-07,30
"20260313_071",2026-03-13,"CDLT","TS3",3,"CDLT_TS3_3",2.5,"C",0,0,30
"20260313_071",2026-03-13,"CDLT","TS3",3,"CDLT_TS3_3",2.5,"D",0,0,30
"20260313_071",2026-03-13,"CDLT","TS3",3,"CDLT_TS3_3",2.5,"L",0,0,30
"20260313_071",2026-03-13,"CDLT","TS3",3,"CDLT_TS3_3",2.5,"T",51.26,3.11297861832144e-07,30
"20260313_072",2026-03-13,"DPT","TS3",3,"DPT_TS3_3",2.5,"D",0,0,30
"20260313_072",2026-03-13,"DPT","TS3",3,"DPT_TS3_3",2.5,"P",153.57496,1.9458154197651e-05,30
"20260313_072",2026-03-13,"DPT","TS3",3,"DPT_TS3_3",2.5,"T",38.34248,2.09493637720999e-07,30
"20260313_073",2026-03-13,"CLT","TS3",3,"CLT_TS3_3",2.5,"C",76.89,4.45148146255428e-06,30
"20260313_073",2026-03-13,"CLT","TS3",3,"CLT_TS3_3",2.5,"L",25.63,2.81984240118329e-07,30
"20260313_073",2026-03-13,"CLT","TS3",3,"CLT_TS3_3",2.5,"T",33.6665254237288,1.30435745027738e-07,30
"20260313_074",2026-03-13,"CD","TS3",1,"CD_TS3_1",2.5,"C",25.63,1.43407066225025e-06,30
"20260313_074",2026-03-13,"CD","TS3",1,"CD_TS3_1",2.5,"D",0,0,30
"20260313_075",2026-03-13,"PT","TS3",2,"PT_TS3_2",2.5,"P",201.9644,1.42369148080768e-05,30
"20260313_075",2026-03-13,"PT","TS3",2,"PT_TS3_2",2.5,"T",102.31496,9.58033303323737e-07,30
"20260313_076",2026-03-13,"PT","TS3",1,"PT_TS3_1",2.5,"P",124.0492,2.16637037074094e-05,30
"20260313_076",2026-03-13,"PT","TS3",1,"PT_TS3_1",2.5,"T",51.26,8.6870362264119e-07,30
"20260313_077",2026-03-13,"CDPT","TS3",3,"CDPT_TS3_3",2.5,"C",25.63,1.88619646978066e-07,30
"20260313_077",2026-03-13,"CDPT","TS3",3,"CDPT_TS3_3",2.5,"D",25.63,2.86767103630092e-07,30
"20260313_077",2026-03-13,"CDPT","TS3",3,"CDPT_TS3_3",2.5,"P",159.9312,1.10108148430009e-05,30
"20260313_077",2026-03-13,"CDPT","TS3",3,"CDPT_TS3_3",2.5,"T",101.4948,8.81401505645894e-07,30
"20260313_078",2026-03-13,"CDPT","TS3",1,"CDPT_TS3_1",2.5,"C",25.63,1.90574053026141e-06,30
"20260313_078",2026-03-13,"CDPT","TS3",1,"CDPT_TS3_1",2.5,"D",0,0,30
"20260313_078",2026-03-13,"CDPT","TS3",1,"CDPT_TS3_1",2.5,"P",83.45128,9.65927152746133e-06,30
"20260313_078",2026-03-13,"CDPT","TS3",1,"CDPT_TS3_1",2.5,"T",76.89,1.27239414043875e-06,30
"20260313_079",2026-03-13,"DPT","TS3",1,"DPT_TS3_1",2.5,"D",0,0,30
"20260313_079",2026-03-13,"DPT","TS3",1,"DPT_TS3_1",2.5,"P",247.0732,3.30538658779681e-05,30
"20260313_079",2026-03-13,"DPT","TS3",1,"DPT_TS3_1",2.5,"T",28.5043925233645,1.08848505073848e-07,30
"20260313_080",2026-03-13,"CLT","TS3",2,"CLT_TS3_2",2.5,"C",131.84072,3.39218858586435e-06,30
"20260313_080",2026-03-13,"CLT","TS3",2,"CLT_TS3_2",2.5,"L",73.19928,1.15102310697991e-06,30
"20260313_080",2026-03-13,"CLT","TS3",2,"CLT_TS3_2",2.5,"T",60.28176,6.45394619231104e-07,30
"20260313_081",2026-03-13,"LT","TS3",2,"LT_TS3_2",2.5,"L",131.02056,1.57587418870512e-06,30
"20260313_081",2026-03-13,"LT","TS3",2,"LT_TS3_2",2.5,"T",334.83032,5.18642710873087e-06,30
"20260313_082",2026-03-13,"PT","TS4",1,"PT_TS4_1",2.5,"P",223.69864,2.46231197528967e-05,30
"20260313_082",2026-03-13,"PT","TS4",1,"PT_TS4_1",2.5,"T",50.64488,3.82716964063841e-07,30
"20260313_083",2026-03-13,"DPT","TS4",2,"DPT_TS4_2",2.5,"D",0,0,30
"20260313_083",2026-03-13,"DPT","TS4",2,"DPT_TS4_2",2.5,"P",113.7972,1.93695936523404e-05,30
"20260313_083",2026-03-13,"DPT","TS4",2,"DPT_TS4_2",2.5,"T",25.63,1.17948785170159e-07,30
"20260313_084",2026-03-13,"CDLP","TS4",3,"CDLP_TS4_3",2.5,"C",0,0,30
"20260313_084",2026-03-13,"CDLP","TS4",3,"CDLP_TS4_3",2.5,"D",51.26,8.2758693256106e-07,30
"20260313_084",2026-03-13,"CDLP","TS4",3,"CDLP_TS4_3",2.5,"L",0,0,30
"20260313_084",2026-03-13,"CDLP","TS4",3,"CDLP_TS4_3",2.5,"P",112.15688,1.52959056540275e-05,30
"20260313_085",2026-03-13,"PT","TS4",2,"PT_TS4_2",2.5,"P",97.394,1.96889231881536e-05,30
"20260313_085",2026-03-13,"PT","TS4",2,"PT_TS4_2",2.5,"T",25.63,9.52335503469893e-08,30
"20260313_086",2026-03-13,"CDPT","TS4",1,"CDPT_TS4_1",2.5,"C",0,0,30
"20260313_086",2026-03-13,"CDPT","TS4",1,"CDPT_TS4_1",2.5,"D",25.63,2.87930100783673e-07,30
"20260313_086",2026-03-13,"CDPT","TS4",1,"CDPT_TS4_1",2.5,"P",235.18088,3.09171982639549e-05,30
"20260313_086",2026-03-13,"CDPT","TS4",1,"CDPT_TS4_1",2.5,"T",25.63,3.44438280456699e-07,30
"20260313_087",2026-03-13,"PT","TS4",3,"PT_TS4_3",2.5,"P",315.14648,3.53192048978461e-05,30
"20260313_087",2026-03-13,"PT","TS4",3,"PT_TS4_3",2.5,"T",25.63,1.14477221020575e-07,30
"20260313_088",2026-03-13,"DPT","TS4",3,"DPT_TS4_3",2.5,"D",25.63,2.85944808649035e-07,30
"20260313_088",2026-03-13,"DPT","TS4",3,"DPT_TS4_3",2.5,"P",130.2004,1.61942799553964e-05,30
"20260313_088",2026-03-13,"DPT","TS4",3,"DPT_TS4_3",2.5,"T",76.89,6.28025084052851e-07,30
"20260313_089",2026-03-13,"CDLT","TS4",2,"CDLT_TS4_2",2.5,"C",0,0,30
"20260313_089",2026-03-13,"CDLT","TS4",2,"CDLT_TS4_2",2.5,"D",0,0,30
"20260313_089",2026-03-13,"CDLT","TS4",2,"CDLT_TS4_2",2.5,"L",0,0,30
"20260313_089",2026-03-13,"CDLT","TS4",2,"CDLT_TS4_2",2.5,"T",51.26,6.37464572050968e-07,30
"20260313_090",2026-03-13,"CDPT","TS4",2,"CDPT_TS4_2",2.5,"C",0,0,30
"20260313_090",2026-03-13,"CDPT","TS4",2,"CDPT_TS4_2",2.5,"D",0,0,30
"20260313_090",2026-03-13,"CDPT","TS4",2,"CDPT_TS4_2",2.5,"P",227.5944,2.56556271732728e-05,30
"20260313_090",2026-03-13,"CDPT","TS4",2,"CDPT_TS4_2",2.5,"T",76.89,8.63006575686816e-07,30
"20260313_091",2026-03-13,"CLT","TS4",1,"CLT_TS4_1",2.5,"C",0,0,30
"20260313_091",2026-03-13,"CLT","TS4",1,"CLT_TS4_1",2.5,"L",29.93584,4.63662073711136e-07,30
"20260313_091",2026-03-13,"CLT","TS4",1,"CLT_TS4_1",2.5,"T",50.84992,5.05642626518246e-07,30
"20260313_092",2026-03-13,"LP","TS4",3,"LP_TS4_3",2.5,"L",0,0,30
"20260313_092",2026-03-13,"LP","TS4",3,"LP_TS4_3",2.5,"P",146.80864,1.88520352197045e-05,30
"20260313_093",2026-03-13,"CLT","TS4",3,"CLT_TS4_3",2.5,"C",39.57272,1.82194288919674e-07,30
"20260313_093",2026-03-13,"CLT","TS4",3,"CLT_TS4_3",2.5,"L",0,0,30
"20260313_093",2026-03-13,"CLT","TS4",3,"CLT_TS4_3",2.5,"T",51.05496,8.11925515872206e-07,30
"20260313_094",2026-03-13,"CDLP","TS4",2,"CDLP_TS4_2",2.5,"C",50.43984,1.7119600860782e-06,30
"20260313_094",2026-03-13,"CDLP","TS4",2,"CDLP_TS4_2",2.5,"D",25.63,5.15913110576795e-07,30
"20260313_094",2026-03-13,"CDLP","TS4",2,"CDLP_TS4_2",2.5,"L",25.63,6.36044715496469e-08,30
"20260313_094",2026-03-13,"CDLP","TS4",2,"CDLP_TS4_2",2.5,"P",169.56808,1.89332477046987e-05,30
"20260313_095",2026-03-13,"LP","TS4",2,"LP_TS4_2",2.5,"L",0,0,30
"20260313_095",2026-03-13,"LP","TS4",2,"LP_TS4_2",2.5,"P",224.31376,3.40331877784261e-05,30
"20260313_096",2026-03-13,"CDLT","TS4",3,"CDLT_TS4_3",2.5,"C",28.91064,2.56875744465785e-06,30
"20260313_096",2026-03-13,"CDLT","TS4",3,"CDLT_TS4_3",2.5,"D",0,0,30
"20260313_096",2026-03-13,"CDLT","TS4",3,"CDLT_TS4_3",2.5,"L",36.9072,5.80884832631037e-07,30
"20260313_096",2026-03-13,"CDLT","TS4",3,"CDLT_TS4_3",2.5,"T",25.63,3.74252591327592e-07,30
"20260313_097",2026-03-13,"LP","TS4",1,"LP_TS4_1",2.5,"L",76.89,3.30144131594012e-06,30
"20260313_097",2026-03-13,"LP","TS4",1,"LP_TS4_1",2.5,"P",240.71696,2.39090430156632e-05,30
"20260313_098",2026-03-13,"CDLT","TS4",1,"CDLT_TS4_1",2.5,"C",0,0,30
"20260313_098",2026-03-13,"CDLT","TS4",1,"CDLT_TS4_1",2.5,"D",0,0,30
"20260313_098",2026-03-13,"CDLT","TS4",1,"CDLT_TS4_1",2.5,"L",0,0,30
"20260313_098",2026-03-13,"CDLT","TS4",1,"CDLT_TS4_1",2.5,"T",70.32872,1.17603772458346e-06,30
"20260313_099",2026-03-13,"CDLP","TS4",1,"CDLP_TS4_1",2.5,"C",25.63,3.74958433494439e-07,30
"20260313_099",2026-03-13,"CDLP","TS4",1,"CDLP_TS4_1",2.5,"D",25.63,3.26881438447205e-07,30
"20260313_099",2026-03-13,"CDLP","TS4",1,"CDLP_TS4_1",2.5,"L",25.63,2.80489055015906e-07,30
"20260313_099",2026-03-13,"CDLP","TS4",1,"CDLP_TS4_1",2.5,"P",117.07784,1.38670160705489e-05,30
"20260313_100",2026-03-13,"DPT","TS4",1,"DPT_TS4_1",2.5,"D",0,0,30
"20260313_100",2026-03-13,"DPT","TS4",1,"DPT_TS4_1",2.5,"P",128.97016,1.77735967286847e-05,30
"20260313_100",2026-03-13,"DPT","TS4",1,"DPT_TS4_1",2.5,"T",60.4868,4.81777365606748e-07,30
"20260313_101",2026-03-13,"LT","TS4",1,"LT_TS4_1",2.5,"L",51.26,5.62115198508683e-07,30
"20260313_101",2026-03-13,"LT","TS4",1,"LT_TS4_1",2.5,"T",179.82008,1.79938233305675e-06,30
"20260313_102",2026-03-13,"CDPT","TS4",3,"CDPT_TS4_3",2.5,"C",0,0,30
"20260313_102",2026-03-13,"CDPT","TS4",3,"CDPT_TS4_3",2.5,"D",0,0,30
"20260313_102",2026-03-13,"CDPT","TS4",3,"CDPT_TS4_3",2.5,"P",58.84648,1.05206190937606e-05,30
"20260313_102",2026-03-13,"CDPT","TS4",3,"CDPT_TS4_3",2.5,"T",25.63,1.55292131001255e-07,30
"20260313_103",2026-03-13,"LPT","TS4",1,"LPT_TS4_1",2.5,"L",0,0,30
"20260313_103",2026-03-13,"LPT","TS4",1,"LPT_TS4_1",2.5,"P",136.3516,2.3317884473193e-05,30
"20260313_103",2026-03-13,"LPT","TS4",1,"LPT_TS4_1",2.5,"T",25.63,3.11507226171336e-07,30
"20260313_104",2026-03-13,"LT","TS4",3,"LT_TS4_3",2.5,"L",0,0,30
"20260313_104",2026-03-13,"LT","TS4",3,"LT_TS4_3",2.5,"T",153.57496,7.07559464887235e-07,30
"20260313_105",2026-03-13,"LT","TS4",2,"LT_TS4_2",2.5,"L",25.63,2.23242604485676e-07,30
"20260313_105",2026-03-13,"LT","TS4",2,"LT_TS4_2",2.5,"T",144.34816,7.12561318958509e-07,30
"20260313_106",2026-03-13,"CLT","TS4",2,"CLT_TS4_2",2.5,"C",51.26,4.18660188821655e-06,30
"20260313_106",2026-03-13,"CLT","TS4",2,"CLT_TS4_2",2.5,"L",25.63,3.02319485897782e-07,30
"20260313_106",2026-03-13,"CLT","TS4",2,"CLT_TS4_2",2.5,"T",25.63,1.09051474584637e-07,30
"20260313_107",2026-03-13,"LPT","TS4",2,"LPT_TS4_2",2.5,"L",93.49824,1.25149766845433e-06,30
"20260313_107",2026-03-13,"LPT","TS4",2,"LPT_TS4_2",2.5,"P",178.3848,7.86278991693753e-06,30
"20260313_107",2026-03-13,"LPT","TS4",2,"LPT_TS4_2",2.5,"T",25.63,3.00893788715279e-07,30
"20260313_108",2026-03-13,"LPT","TS4",3,"LPT_TS4_3",2.5,"L",25.63,1.92385095228871e-08,30
"20260313_108",2026-03-13,"LPT","TS4",3,"LPT_TS4_3",2.5,"P",110.10648,1.82042614197466e-05,30
"20260313_108",2026-03-13,"LPT","TS4",3,"LPT_TS4_3",2.5,"T",25.63,2.61324578016789e-07,30
"20260316_001",2026-03-16,"DLPT","TS1",3,"DLPT_TS1_3",2.5,"D",0,0,33
"20260316_001",2026-03-16,"DLPT","TS1",3,"DLPT_TS1_3",2.5,"L",0,0,33
"20260316_001",2026-03-16,"DLPT","TS1",3,"DLPT_TS1_3",2.5,"P",312.89104,3.51157006907164e-05,33
"20260316_001",2026-03-16,"DLPT","TS1",3,"DLPT_TS1_3",2.5,"T",25.63,9.26960633539172e-08,33
"20260316_002",2026-03-16,"LPT","TS1",1,"LPT_TS1_1",2.5,"L",25.63,8.01425772299913e-08,33
"20260316_002",2026-03-16,"LPT","TS1",1,"LPT_TS1_1",2.5,"P",179.41,3.11453262601674e-05,33
"20260316_002",2026-03-16,"LPT","TS1",1,"LPT_TS1_1",2.5,"T",128.15,1.03209073032621e-06,33
"20260316_003",2026-03-16,"DLPT","TS1",2,"DLPT_TS1_2",2.5,"D",0,0,33
"20260316_003",2026-03-16,"DLPT","TS1",2,"DLPT_TS1_2",2.5,"L",25.63,1.08843706684818e-07,33
"20260316_003",2026-03-16,"DLPT","TS1",2,"DLPT_TS1_2",2.5,"P",389.576,4.44298112361273e-05,33
"20260316_003",2026-03-16,"DLPT","TS1",2,"DLPT_TS1_2",2.5,"T",38.13744,1.59076430802453e-07,33
"20260316_004",2026-03-16,"CD","TS1",3,"CD_TS1_3",2.5,"C",25.63,4.51582018769125e-06,33
"20260316_004",2026-03-16,"CD","TS1",3,"CD_TS1_3",2.5,"D",25.63,3.13578762651248e-07,33
"20260316_005",2026-03-16,"CLT","TS1",1,"CLT_TS1_1",2.5,"C",45.31384,3.29584245159091e-06,33
"20260316_005",2026-03-16,"CLT","TS1",1,"CLT_TS1_1",2.5,"L",31.37112,2.90091059540352e-06,33
"20260316_005",2026-03-16,"CLT","TS1",1,"CLT_TS1_1",2.5,"T",0,0,33
"20260316_006",2026-03-16,"DPT","TS1",3,"DPT_TS1_3",2.5,"D",0,0,33
"20260316_006",2026-03-16,"DPT","TS1",3,"DPT_TS1_3",2.5,"P",151.52456,1.71042477220833e-05,33
"20260316_006",2026-03-16,"DPT","TS1",3,"DPT_TS1_3",2.5,"T",75.45472,4.38783464408258e-07,33
"20260316_007",2026-03-16,"CLT","TS1",2,"CLT_TS1_2",2.5,"C",0,0,33
"20260316_007",2026-03-16,"CLT","TS1",2,"CLT_TS1_2",2.5,"L",25.63,1.31466780192961e-07,33
"20260316_007",2026-03-16,"CLT","TS1",2,"CLT_TS1_2",2.5,"T",51.26,4.98706931804627e-07,33
"20260316_008",2026-03-16,"CDLP","TS1",2,"CDLP_TS1_2",2.5,"C",25.63,1.52462479223351e-06,33
"20260316_008",2026-03-16,"CDLP","TS1",2,"CDLP_TS1_2",2.5,"D",0,0,33
"20260316_008",2026-03-16,"CDLP","TS1",2,"CDLP_TS1_2",2.5,"L",0,0,33
"20260316_008",2026-03-16,"CDLP","TS1",2,"CDLP_TS1_2",2.5,"P",145.37336,2.34088897794731e-05,33
"20260316_009",2026-03-16,"PT","TS1",1,"PT_TS1_1",2.5,"P",220.418,2.78378418806792e-05,33
"20260316_009",2026-03-16,"PT","TS1",1,"PT_TS1_1",2.5,"T",0,0,33
"20260316_010",2026-03-16,"LPT","TS1",2,"LPT_TS1_2",2.5,"L",0,0,33
"20260316_010",2026-03-16,"LPT","TS1",2,"LPT_TS1_2",2.5,"P",180.64024,2.89034707552206e-05,33
"20260316_010",2026-03-16,"LPT","TS1",2,"LPT_TS1_2",2.5,"T",51.26,3.05194947896094e-06,33
"20260316_011",2026-03-16,"CDLT","TS1",3,"CDLT_TS1_3",2.5,"C",25.63,1.25074059196189e-06,33
"20260316_011",2026-03-16,"CDLT","TS1",3,"CDLT_TS1_3",2.5,"D",0,0,33
"20260316_011",2026-03-16,"CDLT","TS1",3,"CDLT_TS1_3",2.5,"L",0,0,33
"20260316_011",2026-03-16,"CDLT","TS1",3,"CDLT_TS1_3",2.5,"T",0,0,33
"20260316_012",2026-03-16,"DLPT","TS1",1,"DLPT_TS1_1",2.5,"D",25.83504,1.44722593849777e-06,33
"20260316_012",2026-03-16,"DLPT","TS1",1,"DLPT_TS1_1",2.5,"L",0,0,33
"20260316_012",2026-03-16,"DLPT","TS1",1,"DLPT_TS1_1",2.5,"P",410.49008,5.09020700463996e-05,33
"20260316_012",2026-03-16,"DLPT","TS1",1,"DLPT_TS1_1",2.5,"T",0,0,33
"20260316_013",2026-03-16,"LT","TS1",3,"LT_TS1_3",2.5,"L",25.63,2.18055577462158e-07,33
"20260316_013",2026-03-16,"LT","TS1",3,"LT_TS1_3",2.5,"T",51.26,2.13050773410053e-07,33
"20260316_014",2026-03-16,"CDLT","TS1",2,"CDLT_TS1_2",2.5,"C",0,0,33
"20260316_014",2026-03-16,"CDLT","TS1",2,"CDLT_TS1_2",2.5,"D",0,0,33
"20260316_014",2026-03-16,"CDLT","TS1",2,"CDLT_TS1_2",2.5,"L",25.63,2.69569531089328e-07,33
"20260316_014",2026-03-16,"CDLT","TS1",2,"CDLT_TS1_2",2.5,"T",49.7772727272727,2.98645426834431e-07,33
"20260316_015",2026-03-16,"LT","TS1",2,"LT_TS1_2",2.5,"L",406.59432,4.80733337593599e-06,33
"20260316_015",2026-03-16,"LT","TS1",2,"LT_TS1_2",2.5,"T",442.47632,6.10192407828159e-06,33
"20260316_016",2026-03-16,"CDLT","TS1",1,"CDLT_TS1_1",2.5,"C",35.6684166666667,1.65783900216021e-06,33
"20260316_016",2026-03-16,"CDLT","TS1",1,"CDLT_TS1_1",2.5,"D",0,0,33
"20260316_016",2026-03-16,"CDLT","TS1",1,"CDLT_TS1_1",2.5,"L",0,0,33
"20260316_016",2026-03-16,"CDLT","TS1",1,"CDLT_TS1_1",2.5,"T",25.63,3.03985369750423e-07,33
"20260316_017",2026-03-16,"DPT","TS1",1,"DPT_TS1_1",2.5,"D",0,0,33
"20260316_017",2026-03-16,"DPT","TS1",1,"DPT_TS1_1",2.5,"P",303.86928,2.98273828630475e-05,33
"20260316_017",2026-03-16,"DPT","TS1",1,"DPT_TS1_1",2.5,"T",51.26,4.05100271817986e-07,33
"20260316_018",2026-03-16,"DPT","TS1",2,"DPT_TS1_2",2.5,"D",0,0,33
"20260316_018",2026-03-16,"DPT","TS1",2,"DPT_TS1_2",2.5,"P",107.23592,1.55668109813643e-05,33
"20260316_018",2026-03-16,"DPT","TS1",2,"DPT_TS1_2",2.5,"T",51.26,4.41556642531298e-07,33
"20260316_019",2026-03-16,"PT","TS1",3,"PT_TS1_3",2.5,"P",248.0984,3.25965725493488e-05,33
"20260316_019",2026-03-16,"PT","TS1",3,"PT_TS1_3",2.5,"T",25.63,1.132373824931e-07,33
"20260316_020",2026-03-16,"CDLP","TS1",1,"CDLP_TS1_1",2.5,"C",0,0,33
"20260316_020",2026-03-16,"CDLP","TS1",1,"CDLP_TS1_1",2.5,"D",39.2717741935484,4.0702348032757e-07,33
"20260316_020",2026-03-16,"CDLP","TS1",1,"CDLP_TS1_1",2.5,"L",0,0,33
"20260316_020",2026-03-16,"CDLP","TS1",1,"CDLP_TS1_1",2.5,"P",123.84416,1.70284871953628e-05,33
"20260316_021",2026-03-16,"CDLP","TS1",3,"CDLP_TS1_3",2.5,"C",51.05496,5.24682892190144e-07,33
"20260316_021",2026-03-16,"CDLP","TS1",3,"CDLP_TS1_3",2.5,"D",25.63,8.86881704881835e-08,33
"20260316_021",2026-03-16,"CDLP","TS1",3,"CDLP_TS1_3",2.5,"L",25.63,6.0340608887608e-08,33
"20260316_021",2026-03-16,"CDLP","TS1",3,"CDLP_TS1_3",2.5,"P",124.25424,1.08716754569158e-05,33
"20260316_022",2026-03-16,"CD","TS1",1,"CD_TS1_1",2.5,"C",56.8407258064516,2.56163228213382e-06,33
"20260316_022",2026-03-16,"CD","TS1",1,"CD_TS1_1",2.5,"D",25.63,3.01617189995613e-07,33
"20260316_023",2026-03-16,"LPT","TS1",3,"LPT_TS1_3",2.5,"L",0,0,33
"20260316_023",2026-03-16,"LPT","TS1",3,"LPT_TS1_3",2.5,"P",251.58408,2.89465069309042e-05,33
"20260316_023",2026-03-16,"LPT","TS1",3,"LPT_TS1_3",2.5,"T",28.7056,2.15396172633212e-07,33
"20260316_024",2026-03-16,"LT","TS1",1,"LT_TS1_1",2.5,"L",719.28032,8.45951139739954e-06,33
"20260316_024",2026-03-16,"LT","TS1",1,"LT_TS1_1",2.5,"T",414.59088,5.9019993540484e-06,33
"20260316_025",2026-03-16,"CLT","TS1",3,"CLT_TS1_3",2.5,"C",0,0,33
"20260316_025",2026-03-16,"CLT","TS1",3,"CLT_TS1_3",2.5,"L",44.69872,4.0486253857414e-07,33
"20260316_025",2026-03-16,"CLT","TS1",3,"CLT_TS1_3",2.5,"T",0,0,33
"20260316_026",2026-03-16,"CD","TS1",2,"CD_TS1_2",2.5,"C",25.63,2.44530488031036e-06,33
"20260316_026",2026-03-16,"CD","TS1",2,"CD_TS1_2",2.5,"D",25.63,2.28770739986929e-07,33
"20260316_027",2026-03-16,"PT","TS1",2,"PT_TS1_2",2.5,"P",242.15224,2.43355543989898e-05,33
"20260316_027",2026-03-16,"PT","TS1",2,"PT_TS1_2",2.5,"T",25.63,2.12031992171498e-08,33
"20260316_028",2026-03-16,"CLT","TS2",1,"CLT_TS2_1",2.5,"C",0,0,33
"20260316_028",2026-03-16,"CLT","TS2",1,"CLT_TS2_1",2.5,"L",25.63,2.36866871915925e-07,33
"20260316_028",2026-03-16,"CLT","TS2",1,"CLT_TS2_1",2.5,"T",33.8316,2.45678362762782e-07,33
"20260316_029",2026-03-16,"CP","TS2",1,"CP_TS2_1",2.5,"C",32.60136,1.58075165336554e-06,33
"20260316_029",2026-03-16,"CP","TS2",1,"CP_TS2_1",2.5,"P",36.29208,3.01949434435758e-06,33
"20260316_030",2026-03-16,"CDPT","TS2",1,"CDPT_TS2_1",2.5,"C",0,0,33
"20260316_030",2026-03-16,"CDPT","TS2",1,"CDPT_TS2_1",2.5,"D",0,0,33
"20260316_030",2026-03-16,"CDPT","TS2",1,"CDPT_TS2_1",2.5,"P",25.63,2.71262884778043e-06,33
"20260316_030",2026-03-16,"CDPT","TS2",1,"CDPT_TS2_1",2.5,"T",0,0,33
"20260316_031",2026-03-16,"CDPT","TS2",3,"CDPT_TS2_3",2.5,"C",25.63,1.68146721518924e-07,33
"20260316_031",2026-03-16,"CDPT","TS2",3,"CDPT_TS2_3",2.5,"D",0,0,33
"20260316_031",2026-03-16,"CDPT","TS2",3,"CDPT_TS2_3",2.5,"P",111.33672,9.99075865786861e-06,33
"20260316_031",2026-03-16,"CDPT","TS2",3,"CDPT_TS2_3",2.5,"T",0,0,33
"20260316_032",2026-03-16,"LT","TS2",3,"LT_TS2_3",2.5,"L",153.57496,3.08778922133661e-06,33
"20260316_032",2026-03-16,"LT","TS2",3,"LT_TS2_3",2.5,"T",221.4432,5.0918226157924e-06,33
"20260316_033",2026-03-16,"PT","TS2",3,"PT_TS2_3",2.5,"P",101.08472,1.69689470445597e-05,33
"20260316_033",2026-03-16,"PT","TS2",3,"PT_TS2_3",2.5,"T",25.63,1.00862973217621e-07,33
"20260316_034",2026-03-16,"DPT","TS2",3,"DPT_TS2_3",2.5,"D",0,0,33
"20260316_034",2026-03-16,"DPT","TS2",3,"DPT_TS2_3",2.5,"P",196.22328,2.88431023012156e-05,33
"20260316_034",2026-03-16,"DPT","TS2",3,"DPT_TS2_3",2.5,"T",0,0,33
"20260316_035",2026-03-16,"PT","TS2",1,"PT_TS2_1",2.5,"P",118.9232,2.90119556885522e-05,33
"20260316_035",2026-03-16,"PT","TS2",1,"PT_TS2_1",2.5,"T",0,0,33
"20260316_036",2026-03-16,"CDLT","TS2",3,"CDLT_TS2_3",2.5,"C",65.6128,2.55010686342573e-06,33
"20260316_036",2026-03-16,"CDLT","TS2",3,"CDLT_TS2_3",2.5,"D",0,0,33
"20260316_036",2026-03-16,"CDLT","TS2",3,"CDLT_TS2_3",2.5,"L",25.63,5.0193818567615e-07,33
"20260316_036",2026-03-16,"CDLT","TS2",3,"CDLT_TS2_3",2.5,"T",72.99424,7.9799314372433e-07,33
"20260316_037",2026-03-16,"CDLP","TS2",2,"CDLP_TS2_2",2.5,"C",0,0,33
"20260316_037",2026-03-16,"CDLP","TS2",2,"CDLP_TS2_2",2.5,"D",51.26,5.60091887107386e-07,33
"20260316_037",2026-03-16,"CDLP","TS2",2,"CDLP_TS2_2",2.5,"L",28.7056,1.79416233640888e-06,33
"20260316_037",2026-03-16,"CDLP","TS2",2,"CDLP_TS2_2",2.5,"P",165.0572,1.55454880952415e-05,33
"20260316_038",2026-03-16,"CDLT","TS2",2,"CDLT_TS2_2",2.5,"C",0,0,33
"20260316_038",2026-03-16,"CDLT","TS2",2,"CDLT_TS2_2",2.5,"D",25.63,1.69085881043185e-07,33
"20260316_038",2026-03-16,"CDLT","TS2",2,"CDLT_TS2_2",2.5,"L",0,0,33
"20260316_038",2026-03-16,"CDLT","TS2",2,"CDLT_TS2_2",2.5,"T",0,0,33
"20260316_039",2026-03-16,"CDPT","TS2",2,"CDPT_TS2_2",2.5,"C",25.63,3.32635090513345e-06,33
"20260316_039",2026-03-16,"CDPT","TS2",2,"CDPT_TS2_2",2.5,"D",25.63,2.45086203509863e-07,33
"20260316_039",2026-03-16,"CDPT","TS2",2,"CDPT_TS2_2",2.5,"P",107.03088,9.38146920939498e-06,33
"20260316_039",2026-03-16,"CDPT","TS2",2,"CDPT_TS2_2",2.5,"T",25.63,1.96791220723573e-07,33
"20260316_040",2026-03-16,"CLT","TS2",3,"CLT_TS2_3",2.5,"C",0,0,33
"20260316_040",2026-03-16,"CLT","TS2",3,"CLT_TS2_3",2.5,"L",25.63,2.14118481509893e-07,33
"20260316_040",2026-03-16,"CLT","TS2",3,"CLT_TS2_3",2.5,"T",102.52,2.35558234891089e-06,33
"20260316_041",2026-03-16,"PT","TS2",2,"PT_TS2_2",2.5,"P",102.52,1.08416042356385e-05,33
"20260316_041",2026-03-16,"PT","TS2",2,"PT_TS2_2",2.5,"T",28.29552,3.38333940048081e-07,33
"20260316_042",2026-03-16,"DLP","TS2",3,"DLP_TS2_3",2.5,"D",25.63,7.95346771474824e-08,33
"20260316_042",2026-03-16,"DLP","TS2",3,"DLP_TS2_3",2.5,"L",0,0,33
"20260316_042",2026-03-16,"DLP","TS2",3,"DLP_TS2_3",2.5,"P",260.19576,3.42381911395267e-05,33
"20260316_043",2026-03-16,"CDLP","TS2",1,"CDLP_TS2_1",2.5,"C",25.63,1.13902928942157e-07,33
"20260316_043",2026-03-16,"CDLP","TS2",1,"CDLP_TS2_1",2.5,"D",31.98624,4.4059894526658e-07,33
"20260316_043",2026-03-16,"CDLP","TS2",1,"CDLP_TS2_1",2.5,"L",25.63,2.66221144796325e-08,33
"20260316_043",2026-03-16,"CDLP","TS2",1,"CDLP_TS2_1",2.5,"P",71.35392,7.50226982019638e-06,33
"20260316_044",2026-03-16,"LT","TS2",2,"LT_TS2_2",2.5,"L",25.63,7.95272593386978e-08,33
"20260316_044",2026-03-16,"LT","TS2",2,"LT_TS2_2",2.5,"T",51.05496,3.02581895937664e-07,33
"20260316_045",2026-03-16,"CLT","TS2",2,"CLT_TS2_2",2.5,"C",0,0,33
"20260316_045",2026-03-16,"CLT","TS2",2,"CLT_TS2_2",2.5,"L",0,0,33
"20260316_045",2026-03-16,"CLT","TS2",2,"CLT_TS2_2",2.5,"T",25.63,3.88599292461795e-07,33
"20260316_046",2026-03-16,"DPT","TS2",1,"DPT_TS2_1",2.5,"D",0,0,33
"20260316_046",2026-03-16,"DPT","TS2",1,"DPT_TS2_1",2.5,"P",183.5108,2.4146646728463e-05,33
"20260316_046",2026-03-16,"DPT","TS2",1,"DPT_TS2_1",2.5,"T",25.63,3.06798470582888e-07,33
"20260316_047",2026-03-16,"DLP","TS2",2,"DLP_TS2_2",2.5,"D",29.2914285714286,2.30745972868226e-07,33
"20260316_047",2026-03-16,"DLP","TS2",2,"DLP_TS2_2",2.5,"L",25.63,2.48952375213955e-07,33
"20260316_047",2026-03-16,"DLP","TS2",2,"DLP_TS2_2",2.5,"P",243.17744,2.50198102953117e-05,33
"20260316_048",2026-03-16,"DPT","TS2",2,"DPT_TS2_2",2.5,"D",0,0,33
"20260316_048",2026-03-16,"DPT","TS2",2,"DPT_TS2_2",2.5,"P",133.07096,2.35076108201886e-05,33
"20260316_048",2026-03-16,"DPT","TS2",2,"DPT_TS2_2",2.5,"T",0,0,33
"20260316_049",2026-03-16,"CP","TS2",3,"CP_TS2_3",2.5,"C",25.63,9.78914543736474e-07,33
"20260316_049",2026-03-16,"CP","TS2",3,"CP_TS2_3",2.5,"P",76.89,8.94169116071525e-06,33
"20260316_050",2026-03-16,"CP","TS2",2,"CP_TS2_2",2.5,"C",25.63,7.77234413549185e-08,33
"20260316_050",2026-03-16,"CP","TS2",2,"CP_TS2_2",2.5,"P",102.52,1.19305493931494e-05,33
"20260316_051",2026-03-16,"CDLT","TS2",1,"CDLT_TS2_1",2.5,"C",0,0,33
"20260316_051",2026-03-16,"CDLT","TS2",1,"CDLT_TS2_1",2.5,"D",0,0,33
"20260316_051",2026-03-16,"CDLT","TS2",1,"CDLT_TS2_1",2.5,"L",37.11224,1.90743953072575e-07,33
"20260316_051",2026-03-16,"CDLT","TS2",1,"CDLT_TS2_1",2.5,"T",25.63,3.61436334240819e-07,33
"20260316_052",2026-03-16,"CDLP","TS2",3,"CDLP_TS2_3",2.5,"C",0,0,33
"20260316_052",2026-03-16,"CDLP","TS2",3,"CDLP_TS2_3",2.5,"D",25.63,1.63768538980841e-07,33
"20260316_052",2026-03-16,"CDLP","TS2",3,"CDLP_TS2_3",2.5,"L",0,0,33
"20260316_052",2026-03-16,"CDLP","TS2",3,"CDLP_TS2_3",2.5,"P",179.41,1.66972878536613e-05,33
"20260316_053",2026-03-16,"DLP","TS2",1,"DLP_TS2_1",2.5,"D",0,0,33
"20260316_053",2026-03-16,"DLP","TS2",1,"DLP_TS2_1",2.5,"L",25.63,5.75696146455194e-07,33
"20260316_053",2026-03-16,"DLP","TS2",1,"DLP_TS2_1",2.5,"P",392.24152,3.95100288359005e-05,33
"20260316_054",2026-03-16,"LT","TS2",1,"LT_TS2_1",2.5,"L",68.89344,9.64665653325922e-07,33
"20260316_054",2026-03-16,"LT","TS2",1,"LT_TS2_1",2.5,"T",223.28856,3.73882623332377e-06,33
"20260316_055",2026-03-16,"CDLP","TS3",3,"CDLP_TS3_3",2.5,"C",40.39288,4.25706276648936e-06,33
"20260316_055",2026-03-16,"CDLP","TS3",3,"CDLP_TS3_3",2.5,"D",25.63,7.71529198587502e-08,33
"20260316_055",2026-03-16,"CDLP","TS3",3,"CDLP_TS3_3",2.5,"L",25.63,8.9078564469501e-08,33
"20260316_055",2026-03-16,"CDLP","TS3",3,"CDLP_TS3_3",2.5,"P",43.46848,3.75914204864277e-06,33
"20260316_056",2026-03-16,"CDPT","TS3",2,"CDPT_TS3_2",2.5,"C",0,0,33
"20260316_056",2026-03-16,"CDPT","TS3",2,"CDPT_TS3_2",2.5,"D",0,0,33
"20260316_056",2026-03-16,"CDPT","TS3",2,"CDPT_TS3_2",2.5,"P",56.59104,9.57426691706998e-06,33
"20260316_056",2026-03-16,"CDPT","TS3",2,"CDPT_TS3_2",2.5,"T",61.30696,2.98093963613838e-07,33
"20260316_057",2026-03-16,"CDLT","TS3",2,"CDLT_TS3_2",2.5,"C",30.8077777777778,1.22709597568622e-07,33
"20260316_057",2026-03-16,"CDLT","TS3",2,"CDLT_TS3_2",2.5,"D",0,0,33
"20260316_057",2026-03-16,"CDLT","TS3",2,"CDLT_TS3_2",2.5,"L",25.63,3.19810566630012e-07,33
"20260316_057",2026-03-16,"CDLT","TS3",2,"CDLT_TS3_2",2.5,"T",25.63,2.72643864578867e-07,33
"20260316_058",2026-03-16,"LT","TS3",1,"LT_TS3_1",2.5,"L",26.8504761904762,1.7813687203489e-06,33
"20260316_058",2026-03-16,"LT","TS3",1,"LT_TS3_1",2.5,"T",49.61968,1.88819399975975e-07,33
"20260316_059",2026-03-16,"LT","TS3",3,"LT_TS3_3",2.5,"L",110.10648,8.11370253692086e-07,33
"20260316_059",2026-03-16,"LT","TS3",3,"LT_TS3_3",2.5,"T",167.92776,1.29671740989444e-06,33
"20260316_060",2026-03-16,"CDLT","TS3",1,"CDLT_TS3_1",2.5,"C",0,0,33
"20260316_060",2026-03-16,"CDLT","TS3",1,"CDLT_TS3_1",2.5,"D",0,0,33
"20260316_060",2026-03-16,"CDLT","TS3",1,"CDLT_TS3_1",2.5,"L",25.63,1.05979767183306e-07,33
"20260316_060",2026-03-16,"CDLT","TS3",1,"CDLT_TS3_1",2.5,"T",0,0,33
"20260316_061",2026-03-16,"DLP","TS3",1,"DLP_TS3_1",2.5,"D",25.63,1.98065465065753e-07,33
"20260316_061",2026-03-16,"DLP","TS3",1,"DLP_TS3_1",2.5,"L",0,0,33
"20260316_061",2026-03-16,"DLP","TS3",1,"DLP_TS3_1",2.5,"P",312.686,3.0688514980588e-05,33
"20260316_062",2026-03-16,"DLP","TS3",2,"DLP_TS3_2",2.5,"D",0,0,33
"20260316_062",2026-03-16,"DLP","TS3",2,"DLP_TS3_2",2.5,"L",0,0,33
"20260316_062",2026-03-16,"DLP","TS3",2,"DLP_TS3_2",2.5,"P",128.76512,1.2780187890304e-05,33
"20260316_063",2026-03-16,"DLP","TS3",3,"DLP_TS3_3",2.5,"D",43.46848,5.27792199015447e-06,33
"20260316_063",2026-03-16,"DLP","TS3",3,"DLP_TS3_3",2.5,"L",25.63,2.08588862074112e-07,33
"20260316_063",2026-03-16,"DLP","TS3",3,"DLP_TS3_3",2.5,"P",184.74104,2.5177332933472e-05,33
"20260316_064",2026-03-16,"DPT","TS3",2,"DPT_TS3_2",2.5,"D",0,0,33
"20260316_064",2026-03-16,"DPT","TS3",2,"DPT_TS3_2",2.5,"P",317.19688,2.76535225122817e-06,33
"20260316_064",2026-03-16,"DPT","TS3",2,"DPT_TS3_2",2.5,"T",0,0,33
"20260316_065",2026-03-16,"CD","TS3",2,"CD_TS3_2",2.5,"C",225.544,2.22284070123767e-05,33
"20260316_065",2026-03-16,"CD","TS3",2,"CD_TS3_2",2.5,"D",25.63,1.58362493177846e-07,33
"20260316_066",2026-03-16,"CDLP","TS3",1,"CDLP_TS3_1",2.5,"C",0,0,33
"20260316_066",2026-03-16,"CDLP","TS3",1,"CDLP_TS3_1",2.5,"D",29.11568,4.08635297323666e-07,33
"20260316_066",2026-03-16,"CDLP","TS3",1,"CDLP_TS3_1",2.5,"L",0,0,33
"20260316_066",2026-03-16,"CDLP","TS3",1,"CDLP_TS3_1",2.5,"P",0,0,33
"20260316_067",2026-03-16,"CLT","TS3",1,"CLT_TS3_1",2.5,"C",116.8728,1.27062831848742e-05,33
"20260316_067",2026-03-16,"CLT","TS3",1,"CLT_TS3_1",2.5,"L",25.63,2.93133242258697e-06,33
"20260316_067",2026-03-16,"CLT","TS3",1,"CLT_TS3_1",2.5,"T",0,0,33
"20260316_068",2026-03-16,"CDLP","TS3",2,"CDLP_TS3_2",2.5,"C",64.075,3.42731040812844e-07,33
"20260316_068",2026-03-16,"CDLP","TS3",2,"CDLP_TS3_2",2.5,"D",0,0,33
"20260316_068",2026-03-16,"CDLP","TS3",2,"CDLP_TS3_2",2.5,"L",25.63,2.10322452167803e-07,33
"20260316_068",2026-03-16,"CDLP","TS3",2,"CDLP_TS3_2",2.5,"P",118.10304,8.5376685702723e-06,33
"20260316_069",2026-03-16,"PT","TS3",3,"PT_TS3_3",2.5,"P",0,0,33
"20260316_069",2026-03-16,"PT","TS3",3,"PT_TS3_3",2.5,"T",0,0,33
"20260316_070",2026-03-16,"CD","TS3",3,"CD_TS3_3",2.5,"C",0,0,33
"20260316_070",2026-03-16,"CD","TS3",3,"CD_TS3_3",2.5,"D",0,0,33
"20260316_071",2026-03-16,"CDLT","TS3",3,"CDLT_TS3_3",2.5,"C",0,0,33
"20260316_071",2026-03-16,"CDLT","TS3",3,"CDLT_TS3_3",2.5,"D",0,0,33
"20260316_071",2026-03-16,"CDLT","TS3",3,"CDLT_TS3_3",2.5,"L",0,0,33
"20260316_071",2026-03-16,"CDLT","TS3",3,"CDLT_TS3_3",2.5,"T",51.26,4.25137966083911e-07,33
"20260316_072",2026-03-16,"DPT","TS3",3,"DPT_TS3_3",2.5,"D",0,0,33
"20260316_072",2026-03-16,"DPT","TS3",3,"DPT_TS3_3",2.5,"P",129.99536,1.5634707901484e-05,33
"20260316_072",2026-03-16,"DPT","TS3",3,"DPT_TS3_3",2.5,"T",51.26,4.41435175498745e-07,33
"20260316_073",2026-03-16,"CLT","TS3",3,"CLT_TS3_3",2.5,"C",50.84992,2.63315824299961e-07,33
"20260316_073",2026-03-16,"CLT","TS3",3,"CLT_TS3_3",2.5,"L",25.63,4.66154548451672e-08,33
"20260316_073",2026-03-16,"CLT","TS3",3,"CLT_TS3_3",2.5,"T",51.26,5.9620403960663e-07,33
"20260316_074",2026-03-16,"CD","TS3",1,"CD_TS3_1",2.5,"C",0,0,33
"20260316_074",2026-03-16,"CD","TS3",1,"CD_TS3_1",2.5,"D",0,0,33
"20260316_075",2026-03-16,"PT","TS3",2,"PT_TS3_2",2.5,"P",125.89456,7.97520767917416e-06,33
"20260316_075",2026-03-16,"PT","TS3",2,"PT_TS3_2",2.5,"T",50.43984,2.32264546490541e-07,33
"20260316_076",2026-03-16,"PT","TS3",1,"PT_TS3_1",2.5,"P",170.79832,2.3689897466463e-05,33
"20260316_076",2026-03-16,"PT","TS3",1,"PT_TS3_1",2.5,"T",0,0,33
"20260316_077",2026-03-16,"CDPT","TS3",3,"CDPT_TS3_3",2.5,"C",46.74912,3.61054602998076e-07,33
"20260316_077",2026-03-16,"CDPT","TS3",3,"CDPT_TS3_3",2.5,"D",0,0,33
"20260316_077",2026-03-16,"CDPT","TS3",3,"CDPT_TS3_3",2.5,"P",109.6964,1.05806523216014e-05,33
"20260316_077",2026-03-16,"CDPT","TS3",3,"CDPT_TS3_3",2.5,"T",0,0,33
"20260316_078",2026-03-16,"CDPT","TS3",1,"CDPT_TS3_1",2.5,"C",0,0,33
"20260316_078",2026-03-16,"CDPT","TS3",1,"CDPT_TS3_1",2.5,"D",0,0,33
"20260316_078",2026-03-16,"CDPT","TS3",1,"CDPT_TS3_1",2.5,"P",140.4524,1.5342320709579e-05,33
"20260316_078",2026-03-16,"CDPT","TS3",1,"CDPT_TS3_1",2.5,"T",25.63,8.18824498869951e-09,33
"20260316_079",2026-03-16,"DPT","TS3",1,"DPT_TS3_1",2.5,"D",0,0,33
"20260316_079",2026-03-16,"DPT","TS3",1,"DPT_TS3_1",2.5,"P",128.35504,1.62343611090249e-05,33
"20260316_079",2026-03-16,"DPT","TS3",1,"DPT_TS3_1",2.5,"T",0,0,33
"20260316_080",2026-03-16,"CLT","TS3",2,"CLT_TS3_2",2.5,"C",0,0,33
"20260316_080",2026-03-16,"CLT","TS3",2,"CLT_TS3_2",2.5,"L",25.63,1.77482580520158e-07,33
"20260316_080",2026-03-16,"CLT","TS3",2,"CLT_TS3_2",2.5,"T",25.63,1.52190843704406e-07,33
"20260316_081",2026-03-16,"LT","TS3",2,"LT_TS3_2",2.5,"L",95.75368,1.25014960294607e-06,33
"20260316_081",2026-03-16,"LT","TS3",2,"LT_TS3_2",2.5,"T",317.812,2.48867372461662e-06,33
"20260316_082",2026-03-16,"PT","TS4",1,"PT_TS4_1",2.5,"P",152.34472,3.26831000077226e-05,33
"20260316_082",2026-03-16,"PT","TS4",1,"PT_TS4_1",2.5,"T",0,0,33
"20260316_083",2026-03-16,"DPT","TS4",2,"DPT_TS4_2",2.5,"D",0,0,33
"20260316_083",2026-03-16,"DPT","TS4",2,"DPT_TS4_2",2.5,"P",84.88656,1.32224353767278e-05,33
"20260316_083",2026-03-16,"DPT","TS4",2,"DPT_TS4_2",2.5,"T",37.11224,1.13537738314861e-07,33
"20260316_084",2026-03-16,"CDLP","TS4",3,"CDLP_TS4_3",2.5,"C",25.63,9.13985430937005e-07,33
"20260316_084",2026-03-16,"CDLP","TS4",3,"CDLP_TS4_3",2.5,"D",0,0,33
"20260316_084",2026-03-16,"CDLP","TS4",3,"CDLP_TS4_3",2.5,"L",25.63,1.17092905426295e-07,33
"20260316_084",2026-03-16,"CDLP","TS4",3,"CDLP_TS4_3",2.5,"P",105.80064,1.60985420895949e-05,33
"20260316_085",2026-03-16,"PT","TS4",2,"PT_TS4_2",2.5,"P",178.3848,1.41062354642809e-05,33
"20260316_085",2026-03-16,"PT","TS4",2,"PT_TS4_2",2.5,"T",25.63,1.44671973599049e-08,33
"20260316_086",2026-03-16,"CDPT","TS4",1,"CDPT_TS4_1",2.5,"C",0,0,33
"20260316_086",2026-03-16,"CDPT","TS4",1,"CDPT_TS4_1",2.5,"D",0,0,33
"20260316_086",2026-03-16,"CDPT","TS4",1,"CDPT_TS4_1",2.5,"P",204.62992,2.06817764025643e-05,33
"20260316_086",2026-03-16,"CDPT","TS4",1,"CDPT_TS4_1",2.5,"T",25.63,1.08397913174483e-07,33
"20260316_087",2026-03-16,"PT","TS4",3,"PT_TS4_3",2.5,"P",199.09384,1.70665166820041e-05,33
"20260316_087",2026-03-16,"PT","TS4",3,"PT_TS4_3",2.5,"T",25.63,1.06803260575351e-07,33
"20260316_088",2026-03-16,"DPT","TS4",3,"DPT_TS4_3",2.5,"D",0,0,33
"20260316_088",2026-03-16,"DPT","TS4",3,"DPT_TS4_3",2.5,"P",387.93568,4.63186571526187e-05,33
"20260316_088",2026-03-16,"DPT","TS4",3,"DPT_TS4_3",2.5,"T",50.84992,1.09003022730067e-06,33
"20260316_089",2026-03-16,"CDLT","TS4",2,"CDLT_TS4_2",2.5,"C",0,0,33
"20260316_089",2026-03-16,"CDLT","TS4",2,"CDLT_TS4_2",2.5,"D",0,0,33
"20260316_089",2026-03-16,"CDLT","TS4",2,"CDLT_TS4_2",2.5,"L",0,0,33
"20260316_089",2026-03-16,"CDLT","TS4",2,"CDLT_TS4_2",2.5,"T",51.26,3.96625113329003e-07,33
"20260316_090",2026-03-16,"CDPT","TS4",2,"CDPT_TS4_2",2.5,"C",25.63,9.63162330265912e-08,33
"20260316_090",2026-03-16,"CDPT","TS4",2,"CDPT_TS4_2",2.5,"D",0,0,33
"20260316_090",2026-03-16,"CDPT","TS4",2,"CDPT_TS4_2",2.5,"P",138.60704,1.6691080881356e-05,33
"20260316_090",2026-03-16,"CDPT","TS4",2,"CDPT_TS4_2",2.5,"T",25.63,4.74071976571038e-08,33
"20260316_091",2026-03-16,"CLT","TS4",1,"CLT_TS4_1",2.5,"C",0,0,33
"20260316_091",2026-03-16,"CLT","TS4",1,"CLT_TS4_1",2.5,"L",25.63,1.35302026490873e-07,33
"20260316_091",2026-03-16,"CLT","TS4",1,"CLT_TS4_1",2.5,"T",28.29552,2.5460878617705e-07,33
"20260316_092",2026-03-16,"LP","TS4",3,"LP_TS4_3",2.5,"L",0,0,33
"20260316_092",2026-03-16,"LP","TS4",3,"LP_TS4_3",2.5,"P",266.75704,2.95737369196302e-05,33
"20260316_093",2026-03-16,"CLT","TS4",3,"CLT_TS4_3",2.5,"C",0,0,33
"20260316_093",2026-03-16,"CLT","TS4",3,"CLT_TS4_3",2.5,"L",51.05496,3.19238383546096e-07,33
"20260316_093",2026-03-16,"CLT","TS4",3,"CLT_TS4_3",2.5,"T",75.24968,6.88833254400264e-07,33
"20260316_094",2026-03-16,"CDLP","TS4",2,"CDLP_TS4_2",2.5,"C",0,0,33
"20260316_094",2026-03-16,"CDLP","TS4",2,"CDLP_TS4_2",2.5,"D",0,0,33
"20260316_094",2026-03-16,"CDLP","TS4",2,"CDLP_TS4_2",2.5,"L",25.63,2.6014627977696e-08,33
"20260316_094",2026-03-16,"CDLP","TS4",2,"CDLP_TS4_2",2.5,"P",92.268,5.8668839870235e-06,33
"20260316_095",2026-03-16,"LP","TS4",2,"LP_TS4_2",2.5,"L",72.58416,1.15737459774221e-06,33
"20260316_095",2026-03-16,"LP","TS4",2,"LP_TS4_2",2.5,"P",467.69624,2.0261438152761e-05,33
"20260316_096",2026-03-16,"CDLT","TS4",3,"CDLT_TS4_3",2.5,"C",25.63,1.0288084489689e-07,33
"20260316_096",2026-03-16,"CDLT","TS4",3,"CDLT_TS4_3",2.5,"D",25.63,1.00280181048658e-07,33
"20260316_096",2026-03-16,"CDLT","TS4",3,"CDLT_TS4_3",2.5,"L",0,0,33
"20260316_096",2026-03-16,"CDLT","TS4",3,"CDLT_TS4_3",2.5,"T",51.26,3.18326302517818e-07,33
"20260316_097",2026-03-16,"LP","TS4",1,"LP_TS4_1",2.5,"L",0,0,33
"20260316_097",2026-03-16,"LP","TS4",1,"LP_TS4_1",2.5,"P",174.69408,2.15376672156254e-05,33
"20260316_098",2026-03-16,"CDLT","TS4",1,"CDLT_TS4_1",2.5,"C",0,0,33
"20260316_098",2026-03-16,"CDLT","TS4",1,"CDLT_TS4_1",2.5,"D",0,0,33
"20260316_098",2026-03-16,"CDLT","TS4",1,"CDLT_TS4_1",2.5,"L",0,0,33
"20260316_098",2026-03-16,"CDLT","TS4",1,"CDLT_TS4_1",2.5,"T",27.27032,4.83203780723309e-07,33
"20260316_099",2026-03-16,"CDLP","TS4",1,"CDLP_TS4_1",2.5,"C",0,0,33
"20260316_099",2026-03-16,"CDLP","TS4",1,"CDLP_TS4_1",2.5,"D",0,0,33
"20260316_099",2026-03-16,"CDLP","TS4",1,"CDLP_TS4_1",2.5,"L",0,0,33
"20260316_099",2026-03-16,"CDLP","TS4",1,"CDLP_TS4_1",2.5,"P",145.16832,1.75946478201606e-05,33
"20260316_100",2026-03-16,"DPT","TS4",1,"DPT_TS4_1",2.5,"D",0,0,33
"20260316_100",2026-03-16,"DPT","TS4",1,"DPT_TS4_1",2.5,"P",218.16256,2.99009213457986e-05,33
"20260316_100",2026-03-16,"DPT","TS4",1,"DPT_TS4_1",2.5,"T",74.8396,4.44777402030942e-07,33
"20260316_101",2026-03-16,"LT","TS4",1,"LT_TS4_1",2.5,"L",102.52,2.27657829343087e-06,33
"20260316_101",2026-03-16,"LT","TS4",1,"LT_TS4_1",2.5,"T",280.49472,5.57118458414845e-06,33
"20260316_102",2026-03-16,"CDPT","TS4",3,"CDPT_TS4_3",2.5,"C",0,0,33
"20260316_102",2026-03-16,"CDPT","TS4",3,"CDPT_TS4_3",2.5,"D",0,0,33
"20260316_102",2026-03-16,"CDPT","TS4",3,"CDPT_TS4_3",2.5,"P",51.26,1.08568959803198e-05,33
"20260316_102",2026-03-16,"CDPT","TS4",3,"CDPT_TS4_3",2.5,"T",57.20616,3.05515681697582e-07,33
"20260316_103",2026-03-16,"LPT","TS4",1,"LPT_TS4_1",2.5,"L",0,0,33
"20260316_103",2026-03-16,"LPT","TS4",1,"LPT_TS4_1",2.5,"P",105.80064,1.46021755428216e-05,33
"20260316_103",2026-03-16,"LPT","TS4",1,"LPT_TS4_1",2.5,"T",25.63,1.89704923899769e-07,33
"20260316_104",2026-03-16,"LT","TS4",3,"LT_TS4_3",2.5,"L",0,0,33
"20260316_104",2026-03-16,"LT","TS4",3,"LT_TS4_3",2.5,"T",0,0,33
"20260316_105",2026-03-16,"LT","TS4",2,"LT_TS4_2",2.5,"L",51.26,4.11995513096485e-07,33
"20260316_105",2026-03-16,"LT","TS4",2,"LT_TS4_2",2.5,"T",25.63,6.70304630404985e-07,33
"20260316_106",2026-03-16,"CLT","TS4",2,"CLT_TS4_2",2.5,"C",0,0,33
"20260316_106",2026-03-16,"CLT","TS4",2,"CLT_TS4_2",2.5,"L",0,0,33
"20260316_106",2026-03-16,"CLT","TS4",2,"CLT_TS4_2",2.5,"T",70.7388,7.87944285224708e-07,33
"20260316_107",2026-03-16,"LPT","TS4",2,"LPT_TS4_2",2.5,"L",53.72048,3.13303936863763e-06,33
"20260316_107",2026-03-16,"LPT","TS4",2,"LPT_TS4_2",2.5,"P",605.48312,4.46188281310452e-05,33
"20260316_107",2026-03-16,"LPT","TS4",2,"LPT_TS4_2",2.5,"T",317.40192,8.52481229181026e-06,33
"20260316_108",2026-03-16,"LPT","TS4",3,"LPT_TS4_3",2.5,"L",0,0,33
"20260316_108",2026-03-16,"LPT","TS4",3,"LPT_TS4_3",2.5,"P",107.44096,1.23232333559189e-05,33
"20260316_108",2026-03-16,"LPT","TS4",3,"LPT_TS4_3",2.5,"T",0,0,33
"20260317_001",2026-03-17,"DLPT","TS1",3,"DLPT_TS1_3",2.5,"D",0,0,34
"20260317_001",2026-03-17,"DLPT","TS1",3,"DLPT_TS1_3",2.5,"L",25.63,6.1186988079923e-08,34
"20260317_001",2026-03-17,"DLPT","TS1",3,"DLPT_TS1_3",2.5,"P",219.59784,2.08445685298204e-05,34
"20260317_001",2026-03-17,"DLPT","TS1",3,"DLPT_TS1_3",2.5,"T",25.63,4.08867330622032e-08,34
"20260317_002",2026-03-17,"LPT","TS1",1,"LPT_TS1_1",2.5,"L",0,0,34
"20260317_002",2026-03-17,"LPT","TS1",1,"LPT_TS1_1",2.5,"P",111.54176,1.34083933873933e-05,34
"20260317_002",2026-03-17,"LPT","TS1",1,"LPT_TS1_1",2.5,"T",0,0,34
"20260317_003",2026-03-17,"DLPT","TS1",2,"DLPT_TS1_2",2.5,"D",0,0,34
"20260317_003",2026-03-17,"DLPT","TS1",2,"DLPT_TS1_2",2.5,"L",0,0,34
"20260317_003",2026-03-17,"DLPT","TS1",2,"DLPT_TS1_2",2.5,"P",211.80632,2.40769762338566e-05,34
"20260317_003",2026-03-17,"DLPT","TS1",2,"DLPT_TS1_2",2.5,"T",49.2096,7.22054715520395e-07,34
"20260317_004",2026-03-17,"CD","TS1",3,"CD_TS1_3",2.5,"C",70.94384,7.20145392025812e-06,34
"20260317_004",2026-03-17,"CD","TS1",3,"CD_TS1_3",2.5,"D",0,0,34
"20260317_005",2026-03-17,"CLT","TS1",1,"CLT_TS1_1",2.5,"C",25.63,1.32006196095172e-06,34
"20260317_005",2026-03-17,"CLT","TS1",1,"CLT_TS1_1",2.5,"L",39.36768,2.19329831885347e-07,34
"20260317_005",2026-03-17,"CLT","TS1",1,"CLT_TS1_1",2.5,"T",29.52576,2.00560834634499e-07,34
"20260317_006",2026-03-17,"DPT","TS1",3,"DPT_TS1_3",2.5,"D",0,0,34
"20260317_006",2026-03-17,"DPT","TS1",3,"DPT_TS1_3",2.5,"P",205.65512,2.65189740479573e-05,34
"20260317_006",2026-03-17,"DPT","TS1",3,"DPT_TS1_3",2.5,"T",51.26,2.57395007280325e-07,34
"20260317_007",2026-03-17,"CLT","TS1",2,"CLT_TS1_2",2.5,"C",0,0,34
"20260317_007",2026-03-17,"CLT","TS1",2,"CLT_TS1_2",2.5,"L",0,0,34
"20260317_007",2026-03-17,"CLT","TS1",2,"CLT_TS1_2",2.5,"T",25.63,2.60328051299992e-07,34
"20260317_008",2026-03-17,"CDLP","TS1",2,"CDLP_TS1_2",2.5,"C",30.0417213114754,1.44672366531141e-07,34
"20260317_008",2026-03-17,"CDLP","TS1",2,"CDLP_TS1_2",2.5,"D",0,0,34
"20260317_008",2026-03-17,"CDLP","TS1",2,"CDLP_TS1_2",2.5,"L",51.26,1.00640988747759e-06,34
"20260317_008",2026-03-17,"CDLP","TS1",2,"CDLP_TS1_2",2.5,"P",121.17864,1.53553889458505e-05,34
"20260317_009",2026-03-17,"PT","TS1",1,"PT_TS1_1",2.5,"P",182.4856,1.79543562991808e-05,34
"20260317_009",2026-03-17,"PT","TS1",1,"PT_TS1_1",2.5,"T",25.63,6.4794274392667e-08,34
"20260317_010",2026-03-17,"LPT","TS1",2,"LPT_TS1_2",2.5,"L",0,0,34
"20260317_010",2026-03-17,"LPT","TS1",2,"LPT_TS1_2",2.5,"P",187.40656,2.01509778866913e-05,34
"20260317_010",2026-03-17,"LPT","TS1",2,"LPT_TS1_2",2.5,"T",0,0,34
"20260317_011",2026-03-17,"CDLT","TS1",3,"CDLT_TS1_3",2.5,"C",29.5571774193548,9.20848507158939e-07,34
"20260317_011",2026-03-17,"CDLT","TS1",3,"CDLT_TS1_3",2.5,"D",25.63,2.95720438759935e-08,34
"20260317_011",2026-03-17,"CDLT","TS1",3,"CDLT_TS1_3",2.5,"L",25.63,4.30867501865655e-08,34
"20260317_011",2026-03-17,"CDLT","TS1",3,"CDLT_TS1_3",2.5,"T",51.26,1.00459813546239e-06,34
"20260317_012",2026-03-17,"DLPT","TS1",1,"DLPT_TS1_1",2.5,"D",0,0,34
"20260317_012",2026-03-17,"DLPT","TS1",1,"DLPT_TS1_1",2.5,"L",25.63,1.64529814225838e-08,34
"20260317_012",2026-03-17,"DLPT","TS1",1,"DLPT_TS1_1",2.5,"P",345.4924,4.01916925691149e-05,34
"20260317_012",2026-03-17,"DLPT","TS1",1,"DLPT_TS1_1",2.5,"T",56.59104,4.56582729082003e-07,34
"20260317_013",2026-03-17,"LT","TS1",3,"LT_TS1_3",2.5,"L",25.63,2.53952073252654e-07,34
"20260317_013",2026-03-17,"LT","TS1",3,"LT_TS1_3",2.5,"T",25.63,1.8640615657825e-07,34
"20260317_014",2026-03-17,"CDLT","TS1",2,"CDLT_TS1_2",2.5,"C",0,0,34
"20260317_014",2026-03-17,"CDLT","TS1",2,"CDLT_TS1_2",2.5,"D",0,0,34
"20260317_014",2026-03-17,"CDLT","TS1",2,"CDLT_TS1_2",2.5,"L",0,0,34
"20260317_014",2026-03-17,"CDLT","TS1",2,"CDLT_TS1_2",2.5,"T",51.26,2.46355393273331e-07,34
"20260317_015",2026-03-17,"LT","TS1",2,"LT_TS1_2",2.5,"L",413.97576,5.78214345620831e-06,34
"20260317_015",2026-03-17,"LT","TS1",2,"LT_TS1_2",2.5,"T",693.44528,1.01232880965751e-05,34
"20260317_016",2026-03-17,"CDLT","TS1",1,"CDLT_TS1_1",2.5,"C",51.26,5.40953408585368e-06,34
"20260317_016",2026-03-17,"CDLT","TS1",1,"CDLT_TS1_1",2.5,"D",0,0,34
"20260317_016",2026-03-17,"CDLT","TS1",1,"CDLT_TS1_1",2.5,"L",0,0,34
"20260317_016",2026-03-17,"CDLT","TS1",1,"CDLT_TS1_1",2.5,"T",25.63,1.36384438421445e-07,34
"20260317_017",2026-03-17,"DPT","TS1",1,"DPT_TS1_1",2.5,"D",0,0,34
"20260317_017",2026-03-17,"DPT","TS1",1,"DPT_TS1_1",2.5,"P",185.35616,2.31603809044101e-05,34
"20260317_017",2026-03-17,"DPT","TS1",1,"DPT_TS1_1",2.5,"T",51.26,2.45469763835869e-07,34
"20260317_018",2026-03-17,"DPT","TS1",2,"DPT_TS1_2",2.5,"D",0,0,34
"20260317_018",2026-03-17,"DPT","TS1",2,"DPT_TS1_2",2.5,"P",136.3516,1.7498832258405e-05,34
"20260317_018",2026-03-17,"DPT","TS1",2,"DPT_TS1_2",2.5,"T",25.63,2.31845157368115e-07,34
"20260317_019",2026-03-17,"PT","TS1",3,"PT_TS1_3",2.5,"P",93.08816,1.39939584356375e-05,34
"20260317_019",2026-03-17,"PT","TS1",3,"PT_TS1_3",2.5,"T",0,0,34
"20260317_020",2026-03-17,"CDLP","TS1",1,"CDLP_TS1_1",2.5,"C",25.63,6.41288232334742e-08,34
"20260317_020",2026-03-17,"CDLP","TS1",1,"CDLP_TS1_1",2.5,"D",0,0,34
"20260317_020",2026-03-17,"CDLP","TS1",1,"CDLP_TS1_1",2.5,"L",25.63,2.24176983687429e-08,34
"20260317_020",2026-03-17,"CDLP","TS1",1,"CDLP_TS1_1",2.5,"P",142.29776,1.70708303852931e-05,34
"20260317_021",2026-03-17,"CDLP","TS1",3,"CDLP_TS1_3",2.5,"C",41.21304,1.58947265763751e-06,34
"20260317_021",2026-03-17,"CDLP","TS1",3,"CDLP_TS1_3",2.5,"D",25.63,2.58058762246316e-07,34
"20260317_021",2026-03-17,"CDLP","TS1",3,"CDLP_TS1_3",2.5,"L",36.08704,5.47271827014435e-07,34
"20260317_021",2026-03-17,"CDLP","TS1",3,"CDLP_TS1_3",2.5,"P",197.65856,2.28927458628342e-05,34
"20260317_022",2026-03-17,"CD","TS1",1,"CD_TS1_1",2.5,"C",31.2365625,1.68012530702789e-06,34
"20260317_022",2026-03-17,"CD","TS1",1,"CD_TS1_1",2.5,"D",33.01144,1.86177047871406e-07,34
"20260317_023",2026-03-17,"LPT","TS1",3,"LPT_TS1_3",2.5,"L",25.63,3.2992965705618e-07,34
"20260317_023",2026-03-17,"LPT","TS1",3,"LPT_TS1_3",2.5,"P",156.03544,1.86987097116152e-05,34
"20260317_023",2026-03-17,"LPT","TS1",3,"LPT_TS1_3",2.5,"T",0,0,34
"20260317_024",2026-03-17,"LT","TS1",1,"LT_TS1_1",2.5,"L",390.19112,5.33493177625729e-06,34
"20260317_024",2026-03-17,"LT","TS1",1,"LT_TS1_1",2.5,"T",511.36976,7.63787603665859e-06,34
"20260317_025",2026-03-17,"CLT","TS1",3,"CLT_TS1_3",2.5,"C",46.6,1.18936055473492e-06,34
"20260317_025",2026-03-17,"CLT","TS1",3,"CLT_TS1_3",2.5,"L",0,0,34
"20260317_025",2026-03-17,"CLT","TS1",3,"CLT_TS1_3",2.5,"T",25.63,2.04717225870377e-07,34
"20260317_026",2026-03-17,"CD","TS1",2,"CD_TS1_2",2.5,"C",25.63,2.46294754173145e-06,34
"20260317_026",2026-03-17,"CD","TS1",2,"CD_TS1_2",2.5,"D",25.63,2.33207576672071e-08,34
"20260317_027",2026-03-17,"PT","TS1",2,"PT_TS1_2",2.5,"P",124.25424,1.75049598871119e-05,34
"20260317_027",2026-03-17,"PT","TS1",2,"PT_TS1_2",2.5,"T",0,0,34
"20260317_028",2026-03-17,"CLT","TS2",1,"CLT_TS2_1",2.5,"C",0,0,34
"20260317_028",2026-03-17,"CLT","TS2",1,"CLT_TS2_1",2.5,"L",0,0,34
"20260317_028",2026-03-17,"CLT","TS2",1,"CLT_TS2_1",2.5,"T",51.26,7.4585882544483e-07,34
"20260317_029",2026-03-17,"CP","TS2",1,"CP_TS2_1",2.5,"C",25.63,1.96880487512247e-08,34
"20260317_029",2026-03-17,"CP","TS2",1,"CP_TS2_1",2.5,"P",174.48904,1.52853095718384e-05,34
"20260317_030",2026-03-17,"CDPT","TS2",1,"CDPT_TS2_1",2.5,"C",0,0,34
"20260317_030",2026-03-17,"CDPT","TS2",1,"CDPT_TS2_1",2.5,"D",0,0,34
"20260317_030",2026-03-17,"CDPT","TS2",1,"CDPT_TS2_1",2.5,"P",64.79264,9.34076799538798e-06,34
"20260317_030",2026-03-17,"CDPT","TS2",1,"CDPT_TS2_1",2.5,"T",0,0,34
"20260317_031",2026-03-17,"CDPT","TS2",3,"CDPT_TS2_3",2.5,"C",25.63,2.05703673876518e-07,34
"20260317_031",2026-03-17,"CDPT","TS2",3,"CDPT_TS2_3",2.5,"D",0,0,34
"20260317_031",2026-03-17,"CDPT","TS2",3,"CDPT_TS2_3",2.5,"P",303.86928,2.68426968088186e-05,34
"20260317_031",2026-03-17,"CDPT","TS2",3,"CDPT_TS2_3",2.5,"T",0,0,34
"20260317_032",2026-03-17,"LT","TS2",3,"LT_TS2_3",2.5,"L",90.2176,1.42505797571373e-06,34
"20260317_032",2026-03-17,"LT","TS2",3,"LT_TS2_3",2.5,"T",427.30336,8.31508481577234e-06,34
"20260317_033",2026-03-17,"PT","TS2",3,"PT_TS2_3",2.5,"P",39.16264,6.55758575146094e-06,34
"20260317_033",2026-03-17,"PT","TS2",3,"PT_TS2_3",2.5,"T",25.63,2.30610703792804e-07,34
"20260317_034",2026-03-17,"DPT","TS2",3,"DPT_TS2_3",2.5,"D",0,0,34
"20260317_034",2026-03-17,"DPT","TS2",3,"DPT_TS2_3",2.5,"P",144.96328,1.9008635127313e-05,34
"20260317_034",2026-03-17,"DPT","TS2",3,"DPT_TS2_3",2.5,"T",0,0,34
"20260317_035",2026-03-17,"PT","TS2",1,"PT_TS2_1",2.5,"P",204.42488,3.72959579780595e-05,34
"20260317_035",2026-03-17,"PT","TS2",1,"PT_TS2_1",2.5,"T",0,0,34
"20260317_036",2026-03-17,"CDLT","TS2",3,"CDLT_TS2_3",2.5,"C",0,0,34
"20260317_036",2026-03-17,"CDLT","TS2",3,"CDLT_TS2_3",2.5,"D",0,0,34
"20260317_036",2026-03-17,"CDLT","TS2",3,"CDLT_TS2_3",2.5,"L",0,0,34
"20260317_036",2026-03-17,"CDLT","TS2",3,"CDLT_TS2_3",2.5,"T",89.1924,8.75574697266405e-07,34
"20260317_037",2026-03-17,"CDLP","TS2",2,"CDLP_TS2_2",2.5,"C",25.63,1.65249426061363e-07,34
"20260317_037",2026-03-17,"CDLP","TS2",2,"CDLP_TS2_2",2.5,"D",25.63,6.75556245274063e-08,34
"20260317_037",2026-03-17,"CDLP","TS2",2,"CDLP_TS2_2",2.5,"L",36.08704,4.1795978533302e-07,34
"20260317_037",2026-03-17,"CDLP","TS2",2,"CDLP_TS2_2",2.5,"P",108.87624,8.7201116767533e-06,34
"20260317_038",2026-03-17,"CDLT","TS2",2,"CDLT_TS2_2",2.5,"C",0,0,34
"20260317_038",2026-03-17,"CDLT","TS2",2,"CDLT_TS2_2",2.5,"D",0,0,34
"20260317_038",2026-03-17,"CDLT","TS2",2,"CDLT_TS2_2",2.5,"L",0,0,34
"20260317_038",2026-03-17,"CDLT","TS2",2,"CDLT_TS2_2",2.5,"T",76.68496,4.190219618467e-07,34
"20260317_039",2026-03-17,"CDPT","TS2",2,"CDPT_TS2_2",2.5,"C",25.63,1.19607035138863e-07,34
"20260317_039",2026-03-17,"CDPT","TS2",2,"CDPT_TS2_2",2.5,"D",0,0,34
"20260317_039",2026-03-17,"CDPT","TS2",2,"CDPT_TS2_2",2.5,"P",108.05608,1.14321324874081e-05,34
"20260317_039",2026-03-17,"CDPT","TS2",2,"CDPT_TS2_2",2.5,"T",25.63,1.62285408814666e-06,34
"20260317_040",2026-03-17,"CLT","TS2",3,"CLT_TS2_3",2.5,"C",0,0,34
"20260317_040",2026-03-17,"CLT","TS2",3,"CLT_TS2_3",2.5,"L",25.63,1.47725290288572e-07,34
"20260317_040",2026-03-17,"CLT","TS2",3,"CLT_TS2_3",2.5,"T",80.58072,1.29621606731619e-06,34
"20260317_041",2026-03-17,"PT","TS2",2,"PT_TS2_2",2.5,"P",251.37904,3.11088277801161e-05,34
"20260317_041",2026-03-17,"PT","TS2",2,"PT_TS2_2",2.5,"T",0,0,34
"20260317_042",2026-03-17,"DLP","TS2",3,"DLP_TS2_3",2.5,"D",49.00456,3.0424339049569e-06,34
"20260317_042",2026-03-17,"DLP","TS2",3,"DLP_TS2_3",2.5,"L",0,0,34
"20260317_042",2026-03-17,"DLP","TS2",3,"DLP_TS2_3",2.5,"P",191.50736,2.44223687720966e-05,34
"20260317_043",2026-03-17,"CDLP","TS2",1,"CDLP_TS2_1",2.5,"C",25.63,1.31392020651303e-06,34
"20260317_043",2026-03-17,"CDLP","TS2",1,"CDLP_TS2_1",2.5,"D",0,0,34
"20260317_043",2026-03-17,"CDLP","TS2",1,"CDLP_TS2_1",2.5,"L",0,0,34
"20260317_043",2026-03-17,"CDLP","TS2",1,"CDLP_TS2_1",2.5,"P",76.89,1.09331564294227e-05,34
"20260317_044",2026-03-17,"LT","TS2",2,"LT_TS2_2",2.5,"L",25.63,1.84278930156623e-07,34
"20260317_044",2026-03-17,"LT","TS2",2,"LT_TS2_2",2.5,"T",102.31496,9.32779786425421e-07,34
"20260317_045",2026-03-17,"CLT","TS2",2,"CLT_TS2_2",2.5,"C",25.63,2.62791474369829e-07,34
"20260317_045",2026-03-17,"CLT","TS2",2,"CLT_TS2_2",2.5,"L",0,0,34
"20260317_045",2026-03-17,"CLT","TS2",2,"CLT_TS2_2",2.5,"T",51.26,6.28747101990406e-07,34
"20260317_046",2026-03-17,"DPT","TS2",1,"DPT_TS2_1",2.5,"D",0,0,34
"20260317_046",2026-03-17,"DPT","TS2",1,"DPT_TS2_1",2.5,"P",122.81896,1.75791532631679e-05,34
"20260317_046",2026-03-17,"DPT","TS2",1,"DPT_TS2_1",2.5,"T",42.44328,5.46077164012764e-07,34
"20260317_047",2026-03-17,"DLP","TS2",2,"DLP_TS2_2",2.5,"D",0,0,34
"20260317_047",2026-03-17,"DLP","TS2",2,"DLP_TS2_2",2.5,"L",0,0,34
"20260317_047",2026-03-17,"DLP","TS2",2,"DLP_TS2_2",2.5,"P",217.13736,2.13292036256066e-05,34
"20260317_048",2026-03-17,"DPT","TS2",2,"DPT_TS2_2",2.5,"D",25.63,1.32516675993e-07,34
"20260317_048",2026-03-17,"DPT","TS2",2,"DPT_TS2_2",2.5,"P",82.22104,9.03998656003613e-06,34
"20260317_048",2026-03-17,"DPT","TS2",2,"DPT_TS2_2",2.5,"T",25.63,1.65133288291514e-07,34
"20260317_049",2026-03-17,"CP","TS2",3,"CP_TS2_3",2.5,"C",49.82472,3.73033193338565e-06,34
"20260317_049",2026-03-17,"CP","TS2",3,"CP_TS2_3",2.5,"P",73.19928,1.20887550505926e-05,34
"20260317_050",2026-03-17,"CP","TS2",2,"CP_TS2_2",2.5,"C",0,0,34
"20260317_050",2026-03-17,"CP","TS2",2,"CP_TS2_2",2.5,"P",119.74336,1.98875524549134e-05,34
"20260317_051",2026-03-17,"CDLT","TS2",1,"CDLT_TS2_1",2.5,"C",0,0,34
"20260317_051",2026-03-17,"CDLT","TS2",1,"CDLT_TS2_1",2.5,"D",25.63,2.29107066468503e-07,34
"20260317_051",2026-03-17,"CDLT","TS2",1,"CDLT_TS2_1",2.5,"L",0,0,34
"20260317_051",2026-03-17,"CDLT","TS2",1,"CDLT_TS2_1",2.5,"T",25.63,2.83423441724779e-07,34
"20260317_052",2026-03-17,"CDLP","TS2",3,"CDLP_TS2_3",2.5,"C",51.26,1.95584000463961e-06,34
"20260317_052",2026-03-17,"CDLP","TS2",3,"CDLP_TS2_3",2.5,"D",0,0,34
"20260317_052",2026-03-17,"CDLP","TS2",3,"CDLP_TS2_3",2.5,"L",0,0,34
"20260317_052",2026-03-17,"CDLP","TS2",3,"CDLP_TS2_3",2.5,"P",25.63,3.12075016076369e-06,34
"20260317_053",2026-03-17,"DLP","TS2",1,"DLP_TS2_1",2.5,"D",25.63,2.82724614995725e-06,34
"20260317_053",2026-03-17,"DLP","TS2",1,"DLP_TS2_1",2.5,"L",0,0,34
"20260317_053",2026-03-17,"DLP","TS2",1,"DLP_TS2_1",2.5,"P",200.52912,1.81133143996068e-05,34
"20260317_054",2026-03-17,"LT","TS2",1,"LT_TS2_1",2.5,"L",138.402,2.51283363425922e-06,34
"20260317_054",2026-03-17,"LT","TS2",1,"LT_TS2_1",2.5,"T",520.59656,1.09423514149347e-05,34
"20260317_055",2026-03-17,"CDLP","TS3",3,"CDLP_TS3_3",2.5,"C",0,0,34
"20260317_055",2026-03-17,"CDLP","TS3",3,"CDLP_TS3_3",2.5,"D",0,0,34
"20260317_055",2026-03-17,"CDLP","TS3",3,"CDLP_TS3_3",2.5,"L",25.63,1.16824230665158e-07,34
"20260317_055",2026-03-17,"CDLP","TS3",3,"CDLP_TS3_3",2.5,"P",174.89912,1.80581192769899e-05,34
"20260317_056",2026-03-17,"CDPT","TS3",2,"CDPT_TS3_2",2.5,"C",0,0,34
"20260317_056",2026-03-17,"CDPT","TS3",2,"CDPT_TS3_2",2.5,"D",0,0,34
"20260317_056",2026-03-17,"CDPT","TS3",2,"CDPT_TS3_2",2.5,"P",200.32408,3.4821837519549e-05,34
"20260317_056",2026-03-17,"CDPT","TS3",2,"CDPT_TS3_2",2.5,"T",25.63,9.46725328585048e-08,34
"20260317_057",2026-03-17,"CDLT","TS3",2,"CDLT_TS3_2",2.5,"C",0,0,34
"20260317_057",2026-03-17,"CDLT","TS3",2,"CDLT_TS3_2",2.5,"D",0,0,34
"20260317_057",2026-03-17,"CDLT","TS3",2,"CDLT_TS3_2",2.5,"L",0,0,34
"20260317_057",2026-03-17,"CDLT","TS3",2,"CDLT_TS3_2",2.5,"T",76.89,5.26732342536026e-07,34
"20260317_058",2026-03-17,"LT","TS3",1,"LT_TS3_1",2.5,"L",0,0,34
"20260317_058",2026-03-17,"LT","TS3",1,"LT_TS3_1",2.5,"T",51.26,2.60519003012979e-07,34
"20260317_059",2026-03-17,"LT","TS3",3,"LT_TS3_3",2.5,"L",51.8851219512195,2.89251538228186e-07,34
"20260317_059",2026-03-17,"LT","TS3",3,"LT_TS3_3",2.5,"T",162.80176,1.13060787942902e-06,34
"20260317_060",2026-03-17,"CDLT","TS3",1,"CDLT_TS3_1",2.5,"C",0,0,34
"20260317_060",2026-03-17,"CDLT","TS3",1,"CDLT_TS3_1",2.5,"D",0,0,34
"20260317_060",2026-03-17,"CDLT","TS3",1,"CDLT_TS3_1",2.5,"L",0,0,34
"20260317_060",2026-03-17,"CDLT","TS3",1,"CDLT_TS3_1",2.5,"T",31.16608,2.72383607329487e-07,34
"20260317_061",2026-03-17,"DLP","TS3",1,"DLP_TS3_1",2.5,"D",0,0,34
"20260317_061",2026-03-17,"DLP","TS3",1,"DLP_TS3_1",2.5,"L",49.82472,5.83186836580892e-07,34
"20260317_061",2026-03-17,"DLP","TS3",1,"DLP_TS3_1",2.5,"P",245.84296,2.23382915184157e-05,34
"20260317_062",2026-03-17,"DLP","TS3",2,"DLP_TS3_2",2.5,"D",0,0,34
"20260317_062",2026-03-17,"DLP","TS3",2,"DLP_TS3_2",2.5,"L",0,0,34
"20260317_062",2026-03-17,"DLP","TS3",2,"DLP_TS3_2",2.5,"P",171.00336,2.19958313843926e-05,34
"20260317_063",2026-03-17,"DLP","TS3",3,"DLP_TS3_3",2.5,"D",0,0,34
"20260317_063",2026-03-17,"DLP","TS3",3,"DLP_TS3_3",2.5,"L",105.18552,6.61014994018321e-07,34
"20260317_063",2026-03-17,"DLP","TS3",3,"DLP_TS3_3",2.5,"P",440.22088,4.43673768377163e-05,34
"20260317_064",2026-03-17,"DPT","TS3",2,"DPT_TS3_2",2.5,"D",0,0,34
"20260317_064",2026-03-17,"DPT","TS3",2,"DPT_TS3_2",2.5,"P",179.41,2.29329277159739e-05,34
"20260317_064",2026-03-17,"DPT","TS3",2,"DPT_TS3_2",2.5,"T",31.16608,1.51044598202868e-07,34
"20260317_065",2026-03-17,"CD","TS3",2,"CD_TS3_2",2.5,"C",25.63,1.91475781985426e-07,34
"20260317_065",2026-03-17,"CD","TS3",2,"CD_TS3_2",2.5,"D",0,0,34
"20260317_066",2026-03-17,"CDLP","TS3",1,"CDLP_TS3_1",2.5,"C",0,0,34
"20260317_066",2026-03-17,"CDLP","TS3",1,"CDLP_TS3_1",2.5,"D",25.63,9.23092986606489e-08,34
"20260317_066",2026-03-17,"CDLP","TS3",1,"CDLP_TS3_1",2.5,"L",0,0,34
"20260317_066",2026-03-17,"CDLP","TS3",1,"CDLP_TS3_1",2.5,"P",128.15,2.07869019360977e-05,34
"20260317_067",2026-03-17,"CLT","TS3",1,"CLT_TS3_1",2.5,"C",0,0,34
"20260317_067",2026-03-17,"CLT","TS3",1,"CLT_TS3_1",2.5,"L",0,0,34
"20260317_067",2026-03-17,"CLT","TS3",1,"CLT_TS3_1",2.5,"T",76.89,4.263043967756e-07,34
"20260317_068",2026-03-17,"CDLP","TS3",2,"CDLP_TS3_2",2.5,"C",0,0,34
"20260317_068",2026-03-17,"CDLP","TS3",2,"CDLP_TS3_2",2.5,"D",0,0,34
"20260317_068",2026-03-17,"CDLP","TS3",2,"CDLP_TS3_2",2.5,"L",0,0,34
"20260317_068",2026-03-17,"CDLP","TS3",2,"CDLP_TS3_2",2.5,"P",128.15,2.47390557543792e-05,34
"20260317_069",2026-03-17,"PT","TS3",3,"PT_TS3_3",2.5,"P",175.51424,2.59548767207348e-05,34
"20260317_069",2026-03-17,"PT","TS3",3,"PT_TS3_3",2.5,"T",25.63,1.24625557791995e-07,34
"20260317_070",2026-03-17,"CD","TS3",3,"CD_TS3_3",2.5,"C",0,0,34
"20260317_070",2026-03-17,"CD","TS3",3,"CD_TS3_3",2.5,"D",0,0,34
"20260317_071",2026-03-17,"CDLT","TS3",3,"CDLT_TS3_3",2.5,"C",0,0,34
"20260317_071",2026-03-17,"CDLT","TS3",3,"CDLT_TS3_3",2.5,"D",0,0,34
"20260317_071",2026-03-17,"CDLT","TS3",3,"CDLT_TS3_3",2.5,"L",0,0,34
"20260317_071",2026-03-17,"CDLT","TS3",3,"CDLT_TS3_3",2.5,"T",76.89,7.01300942233884e-07,34
"20260317_072",2026-03-17,"DPT","TS3",3,"DPT_TS3_3",2.5,"D",25.63,8.05500647738984e-07,34
"20260317_072",2026-03-17,"DPT","TS3",3,"DPT_TS3_3",2.5,"P",300.3836,2.07497510829657e-05,34
"20260317_072",2026-03-17,"DPT","TS3",3,"DPT_TS3_3",2.5,"T",76.89,1.14956520636025e-06,34
"20260317_073",2026-03-17,"CLT","TS3",3,"CLT_TS3_3",2.5,"C",0,0,34
"20260317_073",2026-03-17,"CLT","TS3",3,"CLT_TS3_3",2.5,"L",25.63,8.13889401887556e-08,34
"20260317_073",2026-03-17,"CLT","TS3",3,"CLT_TS3_3",2.5,"T",81.40088,8.71401694725958e-07,34
"20260317_074",2026-03-17,"CD","TS3",1,"CD_TS3_1",2.5,"C",0,0,34
"20260317_074",2026-03-17,"CD","TS3",1,"CD_TS3_1",2.5,"D",0,0,34
"20260317_075",2026-03-17,"PT","TS3",2,"PT_TS3_2",2.5,"P",74.22448,1.00516161491141e-05,34
"20260317_075",2026-03-17,"PT","TS3",2,"PT_TS3_2",2.5,"T",25.63,1.08871278132205e-07,34
"20260317_076",2026-03-17,"PT","TS3",1,"PT_TS3_1",2.5,"P",103.75024,1.76824167240251e-05,34
"20260317_076",2026-03-17,"PT","TS3",1,"PT_TS3_1",2.5,"T",34.8568,2.48280145811501e-07,34
"20260317_077",2026-03-17,"CDPT","TS3",3,"CDPT_TS3_3",2.5,"C",25.63,7.96344644815864e-07,34
"20260317_077",2026-03-17,"CDPT","TS3",3,"CDPT_TS3_3",2.5,"D",0,0,34
"20260317_077",2026-03-17,"CDPT","TS3",3,"CDPT_TS3_3",2.5,"P",165.0572,2.61745092585906e-05,34
"20260317_077",2026-03-17,"CDPT","TS3",3,"CDPT_TS3_3",2.5,"T",0,0,34
"20260317_078",2026-03-17,"CDPT","TS3",1,"CDPT_TS3_1",2.5,"C",0,0,34
"20260317_078",2026-03-17,"CDPT","TS3",1,"CDPT_TS3_1",2.5,"D",0,0,34
"20260317_078",2026-03-17,"CDPT","TS3",1,"CDPT_TS3_1",2.5,"P",158.49592,2.40832626382511e-05,34
"20260317_078",2026-03-17,"CDPT","TS3",1,"CDPT_TS3_1",2.5,"T",51.26,2.83542195431083e-07,34
"20260317_079",2026-03-17,"DPT","TS3",1,"DPT_TS3_1",2.5,"D",0,0,34
"20260317_079",2026-03-17,"DPT","TS3",1,"DPT_TS3_1",2.5,"P",76.89,1.40061233102132e-05,34
"20260317_079",2026-03-17,"DPT","TS3",1,"DPT_TS3_1",2.5,"T",25.63,1.25282725784261e-07,34
"20260317_080",2026-03-17,"CLT","TS3",2,"CLT_TS3_2",2.5,"C",0,0,34
"20260317_080",2026-03-17,"CLT","TS3",2,"CLT_TS3_2",2.5,"L",0,0,34
"20260317_080",2026-03-17,"CLT","TS3",2,"CLT_TS3_2",2.5,"T",92.47304,1.00816405339569e-06,34
"20260317_081",2026-03-17,"LT","TS3",2,"LT_TS3_2",2.5,"L",111.7468,7.04431666613457e-07,34
"20260317_081",2026-03-17,"LT","TS3",2,"LT_TS3_2",2.5,"T",141.06752,7.66436472067367e-07,34
"20260317_082",2026-03-17,"PT","TS4",1,"PT_TS4_1",2.5,"P",107.23592,1.75321172204876e-05,34
"20260317_082",2026-03-17,"PT","TS4",1,"PT_TS4_1",2.5,"T",25.63,1.25446176874478e-07,34
"20260317_083",2026-03-17,"DPT","TS4",2,"DPT_TS4_2",2.5,"D",0,0,34
"20260317_083",2026-03-17,"DPT","TS4",2,"DPT_TS4_2",2.5,"P",157.26568,2.36372707065064e-05,34
"20260317_083",2026-03-17,"DPT","TS4",2,"DPT_TS4_2",2.5,"T",0,0,34
"20260317_084",2026-03-17,"CDLP","TS4",3,"CDLP_TS4_3",2.5,"C",0,0,34
"20260317_084",2026-03-17,"CDLP","TS4",3,"CDLP_TS4_3",2.5,"D",0,0,34
"20260317_084",2026-03-17,"CDLP","TS4",3,"CDLP_TS4_3",2.5,"L",0,0,34
"20260317_084",2026-03-17,"CDLP","TS4",3,"CDLP_TS4_3",2.5,"P",116.05264,1.7291183694027e-05,34
"20260317_085",2026-03-17,"PT","TS4",2,"PT_TS4_2",2.5,"P",153.78,2.35482894839015e-05,34
"20260317_085",2026-03-17,"PT","TS4",2,"PT_TS4_2",2.5,"T",76.89,3.21443268464827e-07,34
"20260317_086",2026-03-17,"CDPT","TS4",1,"CDPT_TS4_1",2.5,"C",0,0,34
"20260317_086",2026-03-17,"CDPT","TS4",1,"CDPT_TS4_1",2.5,"D",0,0,34
"20260317_086",2026-03-17,"CDPT","TS4",1,"CDPT_TS4_1",2.5,"P",141.88768,3.11717191892114e-05,34
"20260317_086",2026-03-17,"CDPT","TS4",1,"CDPT_TS4_1",2.5,"T",25.63,5.07708039580209e-08,34
"20260317_087",2026-03-17,"PT","TS4",3,"PT_TS4_3",2.5,"P",185.35616,2.30852917820458e-05,34
"20260317_087",2026-03-17,"PT","TS4",3,"PT_TS4_3",2.5,"T",25.63,1.04645725871357e-07,34
"20260317_088",2026-03-17,"DPT","TS4",3,"DPT_TS4_3",2.5,"D",0,0,34
"20260317_088",2026-03-17,"DPT","TS4",3,"DPT_TS4_3",2.5,"P",132.66088,2.21359070140062e-05,34
"20260317_088",2026-03-17,"DPT","TS4",3,"DPT_TS4_3",2.5,"T",0,0,34
"20260317_089",2026-03-17,"CDLT","TS4",2,"CDLT_TS4_2",2.5,"C",25.63,4.05423027487962e-07,34
"20260317_089",2026-03-17,"CDLT","TS4",2,"CDLT_TS4_2",2.5,"D",25.63,3.93417711326436e-07,34
"20260317_089",2026-03-17,"CDLT","TS4",2,"CDLT_TS4_2",2.5,"L",25.63,4.61930088305448e-08,34
"20260317_089",2026-03-17,"CDLT","TS4",2,"CDLT_TS4_2",2.5,"T",25.63,3.36173309886635e-07,34
"20260317_090",2026-03-17,"CDPT","TS4",2,"CDPT_TS4_2",2.5,"C",25.63,1.09704858512097e-06,34
"20260317_090",2026-03-17,"CDPT","TS4",2,"CDPT_TS4_2",2.5,"D",0,0,34
"20260317_090",2026-03-17,"CDPT","TS4",2,"CDPT_TS4_2",2.5,"P",167.72272,3.03717360575676e-05,34
"20260317_090",2026-03-17,"CDPT","TS4",2,"CDPT_TS4_2",2.5,"T",0,0,34
"20260317_091",2026-03-17,"CLT","TS4",1,"CLT_TS4_1",2.5,"C",44.90376,4.34798652775496e-07,34
"20260317_091",2026-03-17,"CLT","TS4",1,"CLT_TS4_1",2.5,"L",0,0,34
"20260317_091",2026-03-17,"CLT","TS4",1,"CLT_TS4_1",2.5,"T",89.60248,7.45092214283407e-07,34
"20260317_092",2026-03-17,"LP","TS4",3,"LP_TS4_3",2.5,"L",38.5526890756302,4.77093353553398e-07,34
"20260317_092",2026-03-17,"LP","TS4",3,"LP_TS4_3",2.5,"P",352.05368,4.64000972090703e-05,34
"20260317_093",2026-03-17,"CLT","TS4",3,"CLT_TS4_3",2.5,"C",0,0,34
"20260317_093",2026-03-17,"CLT","TS4",3,"CLT_TS4_3",2.5,"L",0,0,34
"20260317_093",2026-03-17,"CLT","TS4",3,"CLT_TS4_3",2.5,"T",51.26,6.77881086350681e-07,34
"20260317_094",2026-03-17,"CDLP","TS4",2,"CDLP_TS4_2",2.5,"C",0,0,34
"20260317_094",2026-03-17,"CDLP","TS4",2,"CDLP_TS4_2",2.5,"D",25.63,1.35742671883101e-07,34
"20260317_094",2026-03-17,"CDLP","TS4",2,"CDLP_TS4_2",2.5,"L",0,0,34
"20260317_094",2026-03-17,"CDLP","TS4",2,"CDLP_TS4_2",2.5,"P",66.22792,7.84805966145253e-06,34
"20260317_095",2026-03-17,"LP","TS4",2,"LP_TS4_2",2.5,"L",34.8852777777778,9.5420994804462e-08,34
"20260317_095",2026-03-17,"LP","TS4",2,"LP_TS4_2",2.5,"P",199.29888,2.79481780689691e-05,34
"20260317_096",2026-03-17,"CDLT","TS4",3,"CDLT_TS4_3",2.5,"C",41.008,1.00189251745341e-06,34
"20260317_096",2026-03-17,"CDLT","TS4",3,"CDLT_TS4_3",2.5,"D",0,0,34
"20260317_096",2026-03-17,"CDLT","TS4",3,"CDLT_TS4_3",2.5,"L",0,0,34
"20260317_096",2026-03-17,"CDLT","TS4",3,"CDLT_TS4_3",2.5,"T",0,0,34
"20260317_097",2026-03-17,"LP","TS4",1,"LP_TS4_1",2.5,"L",50.02976,5.04386789293332e-07,34
"20260317_097",2026-03-17,"LP","TS4",1,"LP_TS4_1",2.5,"P",129.58528,1.75690944651405e-05,34
"20260317_098",2026-03-17,"CDLT","TS4",1,"CDLT_TS4_1",2.5,"C",0,0,34
"20260317_098",2026-03-17,"CDLT","TS4",1,"CDLT_TS4_1",2.5,"D",0,0,34
"20260317_098",2026-03-17,"CDLT","TS4",1,"CDLT_TS4_1",2.5,"L",0,0,34
"20260317_098",2026-03-17,"CDLT","TS4",1,"CDLT_TS4_1",2.5,"T",51.26,3.59193616925181e-07,34
"20260317_099",2026-03-17,"CDLP","TS4",1,"CDLP_TS4_1",2.5,"C",0,0,34
"20260317_099",2026-03-17,"CDLP","TS4",1,"CDLP_TS4_1",2.5,"D",0,0,34
"20260317_099",2026-03-17,"CDLP","TS4",1,"CDLP_TS4_1",2.5,"L",0,0,34
"20260317_099",2026-03-17,"CDLP","TS4",1,"CDLP_TS4_1",2.5,"P",25.63,1.83873386945147e-06,34
"20260317_100",2026-03-17,"DPT","TS4",1,"DPT_TS4_1",2.5,"D",0,0,34
"20260317_100",2026-03-17,"DPT","TS4",1,"DPT_TS4_1",2.5,"P",73.8144,8.62863031701842e-06,34
"20260317_100",2026-03-17,"DPT","TS4",1,"DPT_TS4_1",2.5,"T",0,0,34
"20260317_101",2026-03-17,"LT","TS4",1,"LT_TS4_1",2.5,"L",40.39288,6.999971214497e-07,34
"20260317_101",2026-03-17,"LT","TS4",1,"LT_TS4_1",2.5,"T",51.26,5.82873216739756e-07,34
"20260317_102",2026-03-17,"CDPT","TS4",3,"CDPT_TS4_3",2.5,"C",0,0,34
"20260317_102",2026-03-17,"CDPT","TS4",3,"CDPT_TS4_3",2.5,"D",0,0,34
"20260317_102",2026-03-17,"CDPT","TS4",3,"CDPT_TS4_3",2.5,"P",108.05608,1.97863710549041e-05,34
"20260317_102",2026-03-17,"CDPT","TS4",3,"CDPT_TS4_3",2.5,"T",25.63,9.46219278754647e-08,34
"20260317_103",2026-03-17,"LPT","TS4",1,"LPT_TS4_1",2.5,"L",0,0,34
"20260317_103",2026-03-17,"LPT","TS4",1,"LPT_TS4_1",2.5,"P",76.89,9.37319142984864e-06,34
"20260317_103",2026-03-17,"LPT","TS4",1,"LPT_TS4_1",2.5,"T",76.89,3.51489873745912e-07,34
"20260317_104",2026-03-17,"LT","TS4",3,"LT_TS4_3",2.5,"L",0,0,34
"20260317_104",2026-03-17,"LT","TS4",3,"LT_TS4_3",2.5,"T",25.63,1.39007586639988e-07,34
"20260317_105",2026-03-17,"LT","TS4",2,"LT_TS4_2",2.5,"L",0,0,34
"20260317_105",2026-03-17,"LT","TS4",2,"LT_TS4_2",2.5,"T",0,0,34
"20260317_106",2026-03-17,"CLT","TS4",2,"CLT_TS4_2",2.5,"C",25.63,6.81512933507077e-07,34
"20260317_106",2026-03-17,"CLT","TS4",2,"CLT_TS4_2",2.5,"L",25.63,1.24048902899039e-07,34
"20260317_106",2026-03-17,"CLT","TS4",2,"CLT_TS4_2",2.5,"T",25.63,3.83312070116209e-07,34
"20260317_107",2026-03-17,"LPT","TS4",2,"LPT_TS4_2",2.5,"L",25.63,9.30565294278395e-08,34
"20260317_107",2026-03-17,"LPT","TS4",2,"LPT_TS4_2",2.5,"P",165.67232,1.95804295927345e-05,34
"20260317_107",2026-03-17,"LPT","TS4",2,"LPT_TS4_2",2.5,"T",25.63,1.78448319472013e-07,34
"20260317_108",2026-03-17,"LPT","TS4",3,"LPT_TS4_3",2.5,"L",0,0,34
"20260317_108",2026-03-17,"LPT","TS4",3,"LPT_TS4_3",2.5,"P",176.94952,2.09497908807333e-05,34
"20260317_108",2026-03-17,"LPT","TS4",3,"LPT_TS4_3",2.5,"T",0,0,34
"20260318_001",2026-03-18,"DLPT","TS1",3,"DLPT_TS1_3",2.5,"D",0,0,35
"20260318_001",2026-03-18,"DLPT","TS1",3,"DLPT_TS1_3",2.5,"L",25.63,5.47338885004236e-07,35
"20260318_001",2026-03-18,"DLPT","TS1",3,"DLPT_TS1_3",2.5,"P",88.1672,6.06277438716582e-06,35
"20260318_001",2026-03-18,"DLPT","TS1",3,"DLPT_TS1_3",2.5,"T",96.77888,1.15953630904374e-06,35
"20260318_002",2026-03-18,"LPT","TS1",1,"LPT_TS1_1",2.5,"L",25.63,2.98871280659261e-07,35
"20260318_002",2026-03-18,"LPT","TS1",1,"LPT_TS1_1",2.5,"P",186.79144,2.02893160215294e-05,35
"20260318_002",2026-03-18,"LPT","TS1",1,"LPT_TS1_1",2.5,"T",25.63,1.06292235145707e-07,35
"20260318_003",2026-03-18,"DLPT","TS1",2,"DLPT_TS1_2",2.5,"D",0,0,35
"20260318_003",2026-03-18,"DLPT","TS1",2,"DLPT_TS1_2",2.5,"L",0,0,35
"20260318_003",2026-03-18,"DLPT","TS1",2,"DLPT_TS1_2",2.5,"P",141.27256,1.55087921635745e-05,35
"20260318_003",2026-03-18,"DLPT","TS1",2,"DLPT_TS1_2",2.5,"T",25.63,1.42266191678421e-07,35
"20260318_004",2026-03-18,"CD","TS1",3,"CD_TS1_3",2.5,"C",25.63,5.81856579051491e-07,35
"20260318_004",2026-03-18,"CD","TS1",3,"CD_TS1_3",2.5,"D",53.3104,4.42193129698429e-06,35
"20260318_005",2026-03-18,"CLT","TS1",1,"CLT_TS1_1",2.5,"C",25.63,1.57868624104282e-06,35
"20260318_005",2026-03-18,"CLT","TS1",1,"CLT_TS1_1",2.5,"L",0,0,35
"20260318_005",2026-03-18,"CLT","TS1",1,"CLT_TS1_1",2.5,"T",41.4351666666667,2.81829646229491e-07,35
"20260318_006",2026-03-18,"DPT","TS1",3,"DPT_TS1_3",2.5,"D",0,0,35
"20260318_006",2026-03-18,"DPT","TS1",3,"DPT_TS1_3",2.5,"P",167.72272,2.88814863884271e-05,35
"20260318_006",2026-03-18,"DPT","TS1",3,"DPT_TS1_3",2.5,"T",36.9072,2.02675996596227e-07,35
"20260318_007",2026-03-18,"CLT","TS1",2,"CLT_TS1_2",2.5,"C",25.63,2.78449853544354e-06,35
"20260318_007",2026-03-18,"CLT","TS1",2,"CLT_TS1_2",2.5,"L",25.63,1.01832868209355e-07,35
"20260318_007",2026-03-18,"CLT","TS1",2,"CLT_TS1_2",2.5,"T",25.63,2.79137418513308e-08,35
"20260318_008",2026-03-18,"CDLP","TS1",2,"CDLP_TS1_2",2.5,"C",0,0,35
"20260318_008",2026-03-18,"CDLP","TS1",2,"CDLP_TS1_2",2.5,"D",0,0,35
"20260318_008",2026-03-18,"CDLP","TS1",2,"CDLP_TS1_2",2.5,"L",25.63,2.15415827183866e-07,35
"20260318_008",2026-03-18,"CDLP","TS1",2,"CDLP_TS1_2",2.5,"P",120.9736,2.15016805094501e-05,35
"20260318_009",2026-03-18,"PT","TS1",1,"PT_TS1_1",2.5,"P",209.96096,2.55528143732821e-05,35
"20260318_009",2026-03-18,"PT","TS1",1,"PT_TS1_1",2.5,"T",0,0,35
"20260318_010",2026-03-18,"LPT","TS1",2,"LPT_TS1_2",2.5,"L",38.75256,2.32333818691868e-07,35
"20260318_010",2026-03-18,"LPT","TS1",2,"LPT_TS1_2",2.5,"P",312.686,6.09699975037408e-05,35
"20260318_010",2026-03-18,"LPT","TS1",2,"LPT_TS1_2",2.5,"T",25.63,1.03295176842058e-07,35
"20260318_011",2026-03-18,"CDLT","TS1",3,"CDLT_TS1_3",2.5,"C",65.20272,8.38475907999204e-06,35
"20260318_011",2026-03-18,"CDLT","TS1",3,"CDLT_TS1_3",2.5,"D",0,0,35
"20260318_011",2026-03-18,"CDLT","TS1",3,"CDLT_TS1_3",2.5,"L",0,0,35
"20260318_011",2026-03-18,"CDLT","TS1",3,"CDLT_TS1_3",2.5,"T",0,0,35
"20260318_012",2026-03-18,"DLPT","TS1",1,"DLPT_TS1_1",2.5,"D",0,0,35
"20260318_012",2026-03-18,"DLPT","TS1",1,"DLPT_TS1_1",2.5,"L",25.63,2.73064809621352e-07,35
"20260318_012",2026-03-18,"DLPT","TS1",1,"DLPT_TS1_1",2.5,"P",195.8132,2.93081762813436e-05,35
"20260318_012",2026-03-18,"DLPT","TS1",1,"DLPT_TS1_1",2.5,"T",25.63,2.32708349454818e-07,35
"20260318_013",2026-03-18,"LT","TS1",3,"LT_TS1_3",2.5,"L",0,0,35
"20260318_013",2026-03-18,"LT","TS1",3,"LT_TS1_3",2.5,"T",25.63,1.06290524050145e-07,35
"20260318_014",2026-03-18,"CDLT","TS1",2,"CDLT_TS1_2",2.5,"C",0,0,35
"20260318_014",2026-03-18,"CDLT","TS1",2,"CDLT_TS1_2",2.5,"D",25.63,5.28363089247613e-07,35
"20260318_014",2026-03-18,"CDLT","TS1",2,"CDLT_TS1_2",2.5,"L",0,0,35
"20260318_014",2026-03-18,"CDLT","TS1",2,"CDLT_TS1_2",2.5,"T",25.63,1.63499094508686e-07,35
"20260318_015",2026-03-18,"LT","TS1",2,"LT_TS1_2",2.5,"L",126.0996,1.11180685246487e-06,35
"20260318_015",2026-03-18,"LT","TS1",2,"LT_TS1_2",2.5,"T",558.32392,7.20259082316744e-06,35
"20260318_016",2026-03-18,"CDLT","TS1",1,"CDLT_TS1_1",2.5,"C",25.63,1.16223248711595e-06,35
"20260318_016",2026-03-18,"CDLT","TS1",1,"CDLT_TS1_1",2.5,"D",0,0,35
"20260318_016",2026-03-18,"CDLT","TS1",1,"CDLT_TS1_1",2.5,"L",0,0,35
"20260318_016",2026-03-18,"CDLT","TS1",1,"CDLT_TS1_1",2.5,"T",25.63,3.46101827554484e-07,35
"20260318_017",2026-03-18,"DPT","TS1",1,"DPT_TS1_1",2.5,"D",0,0,35
"20260318_017",2026-03-18,"DPT","TS1",1,"DPT_TS1_1",2.5,"P",126.50968,1.52824357518487e-05,35
"20260318_017",2026-03-18,"DPT","TS1",1,"DPT_TS1_1",2.5,"T",33.6131147540984,1.8658723042363e-07,35
"20260318_018",2026-03-18,"DPT","TS1",2,"DPT_TS1_2",2.5,"D",25.63,4.78323023312672e-07,35
"20260318_018",2026-03-18,"DPT","TS1",2,"DPT_TS1_2",2.5,"P",114.61736,1.5112342413384e-05,35
"20260318_018",2026-03-18,"DPT","TS1",2,"DPT_TS1_2",2.5,"T",25.63,1.97415897287808e-07,35
"20260318_019",2026-03-18,"PT","TS1",3,"PT_TS1_3",2.5,"P",157.47072,1.51774840242309e-05,35
"20260318_019",2026-03-18,"PT","TS1",3,"PT_TS1_3",2.5,"T",0,0,35
"20260318_020",2026-03-18,"CDLP","TS1",1,"CDLP_TS1_1",2.5,"C",25.63,1.58606347254712e-06,35
"20260318_020",2026-03-18,"CDLP","TS1",1,"CDLP_TS1_1",2.5,"D",0,0,35
"20260318_020",2026-03-18,"CDLP","TS1",1,"CDLP_TS1_1",2.5,"L",25.63,9.79933873707127e-08,35
"20260318_020",2026-03-18,"CDLP","TS1",1,"CDLP_TS1_1",2.5,"P",108.87624,1.90796435855676e-05,35
"20260318_021",2026-03-18,"CDLP","TS1",3,"CDLP_TS1_3",2.5,"C",0,0,35
"20260318_021",2026-03-18,"CDLP","TS1",3,"CDLP_TS1_3",2.5,"D",0,0,35
"20260318_021",2026-03-18,"CDLP","TS1",3,"CDLP_TS1_3",2.5,"L",27.88544,2.86374579715071e-07,35
"20260318_021",2026-03-18,"CDLP","TS1",3,"CDLP_TS1_3",2.5,"P",295.05256,3.05800603731395e-05,35
"20260318_022",2026-03-18,"CD","TS1",1,"CD_TS1_1",2.5,"C",25.63,2.44825561206842e-06,35
"20260318_022",2026-03-18,"CD","TS1",1,"CD_TS1_1",2.5,"D",25.63,2.36296407557798e-07,35
"20260318_023",2026-03-18,"LPT","TS1",3,"LPT_TS1_3",2.5,"L",25.63,3.1714880471877e-07,35
"20260318_023",2026-03-18,"LPT","TS1",3,"LPT_TS1_3",2.5,"P",203.80976,2.24731436743452e-05,35
"20260318_023",2026-03-18,"LPT","TS1",3,"LPT_TS1_3",2.5,"T",25.63,1.05302298822431e-07,35
"20260318_024",2026-03-18,"LT","TS1",1,"LT_TS1_1",2.5,"L",168.74792,2.14670059448438e-06,35
"20260318_024",2026-03-18,"LT","TS1",1,"LT_TS1_1",2.5,"T",697.136,8.96556845406315e-06,35
"20260318_025",2026-03-18,"CLT","TS1",3,"CLT_TS1_3",2.5,"C",38.34248,1.39565613924733e-06,35
"20260318_025",2026-03-18,"CLT","TS1",3,"CLT_TS1_3",2.5,"L",0,0,35
"20260318_025",2026-03-18,"CLT","TS1",3,"CLT_TS1_3",2.5,"T",25.63,1.38464087751262e-07,35
"20260318_026",2026-03-18,"CD","TS1",2,"CD_TS1_2",2.5,"C",0,0,35
"20260318_026",2026-03-18,"CD","TS1",2,"CD_TS1_2",2.5,"D",51.26,5.3674532905157e-07,35
"20260318_027",2026-03-18,"PT","TS1",2,"PT_TS1_2",2.5,"P",125.68952,1.72034340066643e-05,35
"20260318_027",2026-03-18,"PT","TS1",2,"PT_TS1_2",2.5,"T",25.63,1.10916875847053e-07,35
"20260318_028",2026-03-18,"CLT","TS2",1,"CLT_TS2_1",2.5,"C",25.63,9.98680179305149e-07,35
"20260318_028",2026-03-18,"CLT","TS2",1,"CLT_TS2_1",2.5,"L",25.63,7.69785694571574e-08,35
"20260318_028",2026-03-18,"CLT","TS2",1,"CLT_TS2_1",2.5,"T",25.63,1.89791828550932e-07,35
"20260318_029",2026-03-18,"CP","TS2",1,"CP_TS2_1",2.5,"C",0,0,35
"20260318_029",2026-03-18,"CP","TS2",1,"CP_TS2_1",2.5,"P",66.84304,7.54254754069452e-06,35
"20260318_030",2026-03-18,"CDPT","TS2",1,"CDPT_TS2_1",2.5,"C",0,0,35
"20260318_030",2026-03-18,"CDPT","TS2",1,"CDPT_TS2_1",2.5,"D",0,0,35
"20260318_030",2026-03-18,"CDPT","TS2",1,"CDPT_TS2_1",2.5,"P",49.193064516129,7.0874107066809e-06,35
"20260318_030",2026-03-18,"CDPT","TS2",1,"CDPT_TS2_1",2.5,"T",43.87856,5.04270408224145e-07,35
"20260318_031",2026-03-18,"CDPT","TS2",3,"CDPT_TS2_3",2.5,"C",33.1929508196721,1.38529643745936e-07,35
"20260318_031",2026-03-18,"CDPT","TS2",3,"CDPT_TS2_3",2.5,"D",0,0,35
"20260318_031",2026-03-18,"CDPT","TS2",3,"CDPT_TS2_3",2.5,"P",102.72504,1.28554234002511e-05,35
"20260318_031",2026-03-18,"CDPT","TS2",3,"CDPT_TS2_3",2.5,"T",25.63,2.04603235311947e-07,35
"20260318_032",2026-03-18,"LT","TS2",3,"LT_TS2_3",2.5,"L",330.72952,5.58503106142034e-06,35
"20260318_032",2026-03-18,"LT","TS2",3,"LT_TS2_3",2.5,"T",434.6848,9.73634082501779e-06,35
"20260318_033",2026-03-18,"PT","TS2",3,"PT_TS2_3",2.5,"P",188.6368,1.96193769499803e-05,35
"20260318_033",2026-03-18,"PT","TS2",3,"PT_TS2_3",2.5,"T",25.63,2.06693010856116e-07,35
"20260318_034",2026-03-18,"DPT","TS2",3,"DPT_TS2_3",2.5,"D",0,0,35
"20260318_034",2026-03-18,"DPT","TS2",3,"DPT_TS2_3",2.5,"P",164.23704,3.25671997930011e-05,35
"20260318_034",2026-03-18,"DPT","TS2",3,"DPT_TS2_3",2.5,"T",45.7362931034483,3.84246737892746e-07,35
"20260318_035",2026-03-18,"PT","TS2",1,"PT_TS2_1",2.5,"P",142.91288,2.16517902274143e-05,35
"20260318_035",2026-03-18,"PT","TS2",1,"PT_TS2_1",2.5,"T",25.63,9.27970367456347e-08,35
"20260318_036",2026-03-18,"CDLT","TS2",3,"CDLT_TS2_3",2.5,"C",0,0,35
"20260318_036",2026-03-18,"CDLT","TS2",3,"CDLT_TS2_3",2.5,"D",0,0,35
"20260318_036",2026-03-18,"CDLT","TS2",3,"CDLT_TS2_3",2.5,"L",0,0,35
"20260318_036",2026-03-18,"CDLT","TS2",3,"CDLT_TS2_3",2.5,"T",37.72736,2.9227928971608e-07,35
"20260318_037",2026-03-18,"CDLP","TS2",2,"CDLP_TS2_2",2.5,"C",55.1433333333333,2.13498807264134e-07,35
"20260318_037",2026-03-18,"CDLP","TS2",2,"CDLP_TS2_2",2.5,"D",0,0,35
"20260318_037",2026-03-18,"CDLP","TS2",2,"CDLP_TS2_2",2.5,"L",0,0,35
"20260318_037",2026-03-18,"CDLP","TS2",2,"CDLP_TS2_2",2.5,"P",172.43864,3.20935766293592e-05,35
"20260318_038",2026-03-18,"CDLT","TS2",2,"CDLT_TS2_2",2.5,"C",0,0,35
"20260318_038",2026-03-18,"CDLT","TS2",2,"CDLT_TS2_2",2.5,"D",0,0,35
"20260318_038",2026-03-18,"CDLT","TS2",2,"CDLT_TS2_2",2.5,"L",0,0,35
"20260318_038",2026-03-18,"CDLT","TS2",2,"CDLT_TS2_2",2.5,"T",51.26,6.01914420141679e-07,35
"20260318_039",2026-03-18,"CDPT","TS2",2,"CDPT_TS2_2",2.5,"C",0,0,35
"20260318_039",2026-03-18,"CDPT","TS2",2,"CDPT_TS2_2",2.5,"D",25.63,3.62229242130227e-08,35
"20260318_039",2026-03-18,"CDPT","TS2",2,"CDPT_TS2_2",2.5,"P",76.89,1.34477354446478e-05,35
"20260318_039",2026-03-18,"CDPT","TS2",2,"CDPT_TS2_2",2.5,"T",0,0,35
"20260318_040",2026-03-18,"CLT","TS2",3,"CLT_TS2_3",2.5,"C",25.63,2.05156730009262e-06,35
"20260318_040",2026-03-18,"CLT","TS2",3,"CLT_TS2_3",2.5,"L",0,0,35
"20260318_040",2026-03-18,"CLT","TS2",3,"CLT_TS2_3",2.5,"T",30.34592,6.12653218275809e-07,35
"20260318_041",2026-03-18,"PT","TS2",2,"PT_TS2_2",2.5,"P",183.71584,2.79300642971568e-05,35
"20260318_041",2026-03-18,"PT","TS2",2,"PT_TS2_2",2.5,"T",0,0,35
"20260318_042",2026-03-18,"DLP","TS2",3,"DLP_TS2_3",2.5,"D",0,0,35
"20260318_042",2026-03-18,"DLP","TS2",3,"DLP_TS2_3",2.5,"L",0,0,35
"20260318_042",2026-03-18,"DLP","TS2",3,"DLP_TS2_3",2.5,"P",129.58528,1.73369733814393e-05,35
"20260318_043",2026-03-18,"CDLP","TS2",1,"CDLP_TS2_1",2.5,"C",25.63,1.20064234111594e-06,35
"20260318_043",2026-03-18,"CDLP","TS2",1,"CDLP_TS2_1",2.5,"D",0,0,35
"20260318_043",2026-03-18,"CDLP","TS2",1,"CDLP_TS2_1",2.5,"L",0,0,35
"20260318_043",2026-03-18,"CDLP","TS2",1,"CDLP_TS2_1",2.5,"P",136.14656,1.65327597520093e-05,35
"20260318_044",2026-03-18,"LT","TS2",2,"LT_TS2_2",2.5,"L",25.63,9.65440578183754e-08,35
"20260318_044",2026-03-18,"LT","TS2",2,"LT_TS2_2",2.5,"T",25.63,9.66506768656329e-08,35
"20260318_045",2026-03-18,"CLT","TS2",2,"CLT_TS2_2",2.5,"C",0,0,35
"20260318_045",2026-03-18,"CLT","TS2",2,"CLT_TS2_2",2.5,"L",0,0,35
"20260318_045",2026-03-18,"CLT","TS2",2,"CLT_TS2_2",2.5,"T",102.52,1.75136073677941e-06,35
"20260318_046",2026-03-18,"DPT","TS2",1,"DPT_TS2_1",2.5,"D",0,0,35
"20260318_046",2026-03-18,"DPT","TS2",1,"DPT_TS2_1",2.5,"P",226.97928,2.82294613220722e-05,35
"20260318_046",2026-03-18,"DPT","TS2",1,"DPT_TS2_1",2.5,"T",0,0,35
"20260318_047",2026-03-18,"DLP","TS2",2,"DLP_TS2_2",2.5,"D",25.63,3.07219616907891e-07,35
"20260318_047",2026-03-18,"DLP","TS2",2,"DLP_TS2_2",2.5,"L",0,0,35
"20260318_047",2026-03-18,"DLP","TS2",2,"DLP_TS2_2",2.5,"P",147.42376,2.00858980163504e-05,35
"20260318_048",2026-03-18,"DPT","TS2",2,"DPT_TS2_2",2.5,"D",0,0,35
"20260318_048",2026-03-18,"DPT","TS2",2,"DPT_TS2_2",2.5,"P",226.5692,4.56777897309731e-05,35
"20260318_048",2026-03-18,"DPT","TS2",2,"DPT_TS2_2",2.5,"T",25.63,5.60877325194868e-08,35
"20260318_049",2026-03-18,"CP","TS2",3,"CP_TS2_3",2.5,"C",0,0,35
"20260318_049",2026-03-18,"CP","TS2",3,"CP_TS2_3",2.5,"P",148.85904,1.97688135937861e-05,35
"20260318_050",2026-03-18,"CP","TS2",2,"CP_TS2_2",2.5,"C",25.63,1.51117575200144e-06,35
"20260318_050",2026-03-18,"CP","TS2",2,"CP_TS2_2",2.5,"P",195.60816,2.76983471813105e-05,35
"20260318_051",2026-03-18,"CDLT","TS2",1,"CDLT_TS2_1",2.5,"C",0,0,35
"20260318_051",2026-03-18,"CDLT","TS2",1,"CDLT_TS2_1",2.5,"D",0,0,35
"20260318_051",2026-03-18,"CDLT","TS2",1,"CDLT_TS2_1",2.5,"L",25.63,5.51370971823067e-08,35
"20260318_051",2026-03-18,"CDLT","TS2",1,"CDLT_TS2_1",2.5,"T",43.0584,4.26852136665048e-07,35
"20260318_052",2026-03-18,"CDLP","TS2",3,"CDLP_TS2_3",2.5,"C",51.9088607594937,7.74596485055081e-07,35
"20260318_052",2026-03-18,"CDLP","TS2",3,"CDLP_TS2_3",2.5,"D",0,0,35
"20260318_052",2026-03-18,"CDLP","TS2",3,"CDLP_TS2_3",2.5,"L",0,0,35
"20260318_052",2026-03-18,"CDLP","TS2",3,"CDLP_TS2_3",2.5,"P",58.23136,2.46236482180126e-06,35
"20260318_053",2026-03-18,"DLP","TS2",1,"DLP_TS2_1",2.5,"D",0,0,35
"20260318_053",2026-03-18,"DLP","TS2",1,"DLP_TS2_1",2.5,"L",25.63,6.1474834196224e-07,35
"20260318_053",2026-03-18,"DLP","TS2",1,"DLP_TS2_1",2.5,"P",252.40424,3.19358452173373e-05,35
"20260318_054",2026-03-18,"LT","TS2",1,"LT_TS2_1",2.5,"L",230.67,3.33643904279822e-06,35
"20260318_054",2026-03-18,"LT","TS2",1,"LT_TS2_1",2.5,"T",388.96088,7.79308642917509e-06,35
"20260318_055",2026-03-18,"CDLP","TS3",3,"CDLP_TS3_3",2.5,"C",50.02976,6.23725036315101e-07,35
"20260318_055",2026-03-18,"CDLP","TS3",3,"CDLP_TS3_3",2.5,"D",0,0,35
"20260318_055",2026-03-18,"CDLP","TS3",3,"CDLP_TS3_3",2.5,"L",46.134,6.99435934880112e-07,35
"20260318_055",2026-03-18,"CDLP","TS3",3,"CDLP_TS3_3",2.5,"P",193.7628,3.05156359076197e-05,35
"20260318_056",2026-03-18,"CDPT","TS3",2,"CDPT_TS3_2",2.5,"C",0,0,35
"20260318_056",2026-03-18,"CDPT","TS3",2,"CDPT_TS3_2",2.5,"D",0,0,35
"20260318_056",2026-03-18,"CDPT","TS3",2,"CDPT_TS3_2",2.5,"P",111.54176,2.18335502644892e-05,35
"20260318_056",2026-03-18,"CDPT","TS3",2,"CDPT_TS3_2",2.5,"T",25.63,9.66388959001508e-08,35
"20260318_057",2026-03-18,"CDLT","TS3",2,"CDLT_TS3_2",2.5,"C",0,0,35
"20260318_057",2026-03-18,"CDLT","TS3",2,"CDLT_TS3_2",2.5,"D",25.63,1.40733564036891e-07,35
"20260318_057",2026-03-18,"CDLT","TS3",2,"CDLT_TS3_2",2.5,"L",0,0,35
"20260318_057",2026-03-18,"CDLT","TS3",2,"CDLT_TS3_2",2.5,"T",51.26,6.74786684099141e-07,35
"20260318_058",2026-03-18,"LT","TS3",1,"LT_TS3_1",2.5,"L",0,0,35
"20260318_058",2026-03-18,"LT","TS3",1,"LT_TS3_1",2.5,"T",0,0,35
"20260318_059",2026-03-18,"LT","TS3",3,"LT_TS3_3",2.5,"L",69.50856,5.45457889927031e-07,35
"20260318_059",2026-03-18,"LT","TS3",3,"LT_TS3_3",2.5,"T",246.25304,1.75535968919475e-06,35
"20260318_060",2026-03-18,"CDLT","TS3",1,"CDLT_TS3_1",2.5,"C",25.63,6.23502437065368e-07,35
"20260318_060",2026-03-18,"CDLT","TS3",1,"CDLT_TS3_1",2.5,"D",0,0,35
"20260318_060",2026-03-18,"CDLT","TS3",1,"CDLT_TS3_1",2.5,"L",25.63,6.91845574958841e-08,35
"20260318_060",2026-03-18,"CDLT","TS3",1,"CDLT_TS3_1",2.5,"T",76.47992,1.20928127858237e-06,35
"20260318_061",2026-03-18,"DLP","TS3",1,"DLP_TS3_1",2.5,"D",25.63,5.37785515093545e-09,35
"20260318_061",2026-03-18,"DLP","TS3",1,"DLP_TS3_1",2.5,"L",50.43984,7.06947632282701e-07,35
"20260318_061",2026-03-18,"DLP","TS3",1,"DLP_TS3_1",2.5,"P",200.73416,2.44615118073766e-05,35
"20260318_062",2026-03-18,"DLP","TS3",2,"DLP_TS3_2",2.5,"D",0,0,35
"20260318_062",2026-03-18,"DLP","TS3",2,"DLP_TS3_2",2.5,"L",25.63,1.00258314380874e-07,35
"20260318_062",2026-03-18,"DLP","TS3",2,"DLP_TS3_2",2.5,"P",84.27144,1.13284385569951e-05,35
"20260318_063",2026-03-18,"DLP","TS3",3,"DLP_TS3_3",2.5,"D",0,0,35
"20260318_063",2026-03-18,"DLP","TS3",3,"DLP_TS3_3",2.5,"L",149.06408,2.61239868237185e-06,35
"20260318_063",2026-03-18,"DLP","TS3",3,"DLP_TS3_3",2.5,"P",237.64136,2.60397909570756e-05,35
"20260318_064",2026-03-18,"DPT","TS3",2,"DPT_TS3_2",2.5,"D",0,0,35
"20260318_064",2026-03-18,"DPT","TS3",2,"DPT_TS3_2",2.5,"P",203.80976,3.07979025168116e-05,35
"20260318_064",2026-03-18,"DPT","TS3",2,"DPT_TS3_2",2.5,"T",31.5609090909091,1.8704267037281e-07,35
"20260318_065",2026-03-18,"CD","TS3",2,"CD_TS3_2",2.5,"C",0,0,35
"20260318_065",2026-03-18,"CD","TS3",2,"CD_TS3_2",2.5,"D",25.63,1.7093487332944e-07,35
"20260318_066",2026-03-18,"CDLP","TS3",1,"CDLP_TS3_1",2.5,"C",25.63,1.11984221559917e-07,35
"20260318_066",2026-03-18,"CDLP","TS3",1,"CDLP_TS3_1",2.5,"D",0,0,35
"20260318_066",2026-03-18,"CDLP","TS3",1,"CDLP_TS3_1",2.5,"L",0,0,35
"20260318_066",2026-03-18,"CDLP","TS3",1,"CDLP_TS3_1",2.5,"P",84.68152,1.07128029724995e-05,35
"20260318_067",2026-03-18,"CLT","TS3",1,"CLT_TS3_1",2.5,"C",0,0,35
"20260318_067",2026-03-18,"CLT","TS3",1,"CLT_TS3_1",2.5,"L",0,0,35
"20260318_067",2026-03-18,"CLT","TS3",1,"CLT_TS3_1",2.5,"T",63.97248,6.13501764970292e-07,35
"20260318_068",2026-03-18,"CDLP","TS3",2,"CDLP_TS3_2",2.5,"C",25.63,1.56812673980199e-06,35
"20260318_068",2026-03-18,"CDLP","TS3",2,"CDLP_TS3_2",2.5,"D",25.63,7.21505823095009e-08,35
"20260318_068",2026-03-18,"CDLP","TS3",2,"CDLP_TS3_2",2.5,"L",0,0,35
"20260318_068",2026-03-18,"CDLP","TS3",2,"CDLP_TS3_2",2.5,"P",74.42952,9.91952554100757e-06,35
"20260318_069",2026-03-18,"PT","TS3",3,"PT_TS3_3",2.5,"P",135.94152,1.59552948428244e-05,35
"20260318_069",2026-03-18,"PT","TS3",3,"PT_TS3_3",2.5,"T",25.63,1.23496463919484e-07,35
"20260318_070",2026-03-18,"CD","TS3",3,"CD_TS3_3",2.5,"C",25.63,9.49455114121897e-07,35
"20260318_070",2026-03-18,"CD","TS3",3,"CD_TS3_3",2.5,"D",0,0,35
"20260318_071",2026-03-18,"CDLT","TS3",3,"CDLT_TS3_3",2.5,"C",0,0,35
"20260318_071",2026-03-18,"CDLT","TS3",3,"CDLT_TS3_3",2.5,"D",0,0,35
"20260318_071",2026-03-18,"CDLT","TS3",3,"CDLT_TS3_3",2.5,"L",0,0,35
"20260318_071",2026-03-18,"CDLT","TS3",3,"CDLT_TS3_3",2.5,"T",76.89,9.49380949118249e-07,35
"20260318_072",2026-03-18,"DPT","TS3",3,"DPT_TS3_3",2.5,"D",0,0,35
"20260318_072",2026-03-18,"DPT","TS3",3,"DPT_TS3_3",2.5,"P",226.15912,2.45231337922438e-05,35
"20260318_072",2026-03-18,"DPT","TS3",3,"DPT_TS3_3",2.5,"T",0,0,35
"20260318_073",2026-03-18,"CLT","TS3",3,"CLT_TS3_3",2.5,"C",57.4112,3.79905242145154e-06,35
"20260318_073",2026-03-18,"CLT","TS3",3,"CLT_TS3_3",2.5,"L",0,0,35
"20260318_073",2026-03-18,"CLT","TS3",3,"CLT_TS3_3",2.5,"T",25.63,4.50010239920284e-07,35
"20260318_074",2026-03-18,"CD","TS3",1,"CD_TS3_1",2.5,"C",0,0,35
"20260318_074",2026-03-18,"CD","TS3",1,"CD_TS3_1",2.5,"D",0,0,35
"20260318_075",2026-03-18,"PT","TS3",2,"PT_TS3_2",2.5,"P",159.9312,2.50776437996739e-05,35
"20260318_075",2026-03-18,"PT","TS3",2,"PT_TS3_2",2.5,"T",0,0,35
"20260318_076",2026-03-18,"PT","TS3",1,"PT_TS3_1",2.5,"P",185.35616,3.15361392567379e-05,35
"20260318_076",2026-03-18,"PT","TS3",1,"PT_TS3_1",2.5,"T",25.63,1.60885256127417e-06,35
"20260318_077",2026-03-18,"CDPT","TS3",3,"CDPT_TS3_3",2.5,"C",25.63,1.25550033311716e-07,35
"20260318_077",2026-03-18,"CDPT","TS3",3,"CDPT_TS3_3",2.5,"D",0,0,35
"20260318_077",2026-03-18,"CDPT","TS3",3,"CDPT_TS3_3",2.5,"P",119.33328,1.83148325507696e-05,35
"20260318_077",2026-03-18,"CDPT","TS3",3,"CDPT_TS3_3",2.5,"T",25.63,9.41838468477693e-08,35
"20260318_078",2026-03-18,"CDPT","TS3",1,"CDPT_TS3_1",2.5,"C",25.63,4.78981006026419e-06,35
"20260318_078",2026-03-18,"CDPT","TS3",1,"CDPT_TS3_1",2.5,"D",0,0,35
"20260318_078",2026-03-18,"CDPT","TS3",1,"CDPT_TS3_1",2.5,"P",166.0824,1.71418452599469e-05,35
"20260318_078",2026-03-18,"CDPT","TS3",1,"CDPT_TS3_1",2.5,"T",51.26,3.0112886580419e-07,35
"20260318_079",2026-03-18,"DPT","TS3",1,"DPT_TS3_1",2.5,"D",0,0,35
"20260318_079",2026-03-18,"DPT","TS3",1,"DPT_TS3_1",2.5,"P",293.00216,5.02747338092542e-05,35
"20260318_079",2026-03-18,"DPT","TS3",1,"DPT_TS3_1",2.5,"T",25.63,7.25314492928976e-08,35
"20260318_080",2026-03-18,"CLT","TS3",2,"CLT_TS3_2",2.5,"C",0,0,35
"20260318_080",2026-03-18,"CLT","TS3",2,"CLT_TS3_2",2.5,"L",0,0,35
"20260318_080",2026-03-18,"CLT","TS3",2,"CLT_TS3_2",2.5,"T",76.89,6.74910917684108e-07,35
"20260318_081",2026-03-18,"LT","TS3",2,"LT_TS3_2",2.5,"L",30.220447761194,1.27577478663888e-07,35
"20260318_081",2026-03-18,"LT","TS3",2,"LT_TS3_2",2.5,"T",364.76616,2.02382532838202e-06,35
"20260318_082",2026-03-18,"PT","TS4",1,"PT_TS4_1",2.5,"P",222.05832,4.36773306813691e-05,35
"20260318_082",2026-03-18,"PT","TS4",1,"PT_TS4_1",2.5,"T",0,0,35
"20260318_083",2026-03-18,"DPT","TS4",2,"DPT_TS4_2",2.5,"D",0,0,35
"20260318_083",2026-03-18,"DPT","TS4",2,"DPT_TS4_2",2.5,"P",165.0572,2.37826912757173e-05,35
"20260318_083",2026-03-18,"DPT","TS4",2,"DPT_TS4_2",2.5,"T",0,0,35
"20260318_084",2026-03-18,"CDLP","TS4",3,"CDLP_TS4_3",2.5,"C",25.63,2.74878910142286e-08,35
"20260318_084",2026-03-18,"CDLP","TS4",3,"CDLP_TS4_3",2.5,"D",0,0,35
"20260318_084",2026-03-18,"CDLP","TS4",3,"CDLP_TS4_3",2.5,"L",0,0,35
"20260318_084",2026-03-18,"CDLP","TS4",3,"CDLP_TS4_3",2.5,"P",122.81896,2.21147444785788e-05,35
"20260318_085",2026-03-18,"PT","TS4",2,"PT_TS4_2",2.5,"P",163.0068,1.44311682040627e-05,35
"20260318_085",2026-03-18,"PT","TS4",2,"PT_TS4_2",2.5,"T",49.82472,3.49368959015314e-07,35
"20260318_086",2026-03-18,"CDPT","TS4",1,"CDPT_TS4_1",2.5,"C",0,0,35
"20260318_086",2026-03-18,"CDPT","TS4",1,"CDPT_TS4_1",2.5,"D",0,0,35
"20260318_086",2026-03-18,"CDPT","TS4",1,"CDPT_TS4_1",2.5,"P",214.88192,2.77797082437719e-05,35
"20260318_086",2026-03-18,"CDPT","TS4",1,"CDPT_TS4_1",2.5,"T",51.26,2.84122171106999e-07,35
"20260318_087",2026-03-18,"PT","TS4",3,"PT_TS4_3",2.5,"P",102.93008,9.67802601225071e-06,35
"20260318_087",2026-03-18,"PT","TS4",3,"PT_TS4_3",2.5,"T",0,0,35
"20260318_088",2026-03-18,"DPT","TS4",3,"DPT_TS4_3",2.5,"D",0,0,35
"20260318_088",2026-03-18,"DPT","TS4",3,"DPT_TS4_3",2.5,"P",96.3688,1.58218284501088e-05,35
"20260318_088",2026-03-18,"DPT","TS4",3,"DPT_TS4_3",2.5,"T",0,0,35
"20260318_089",2026-03-18,"CDLT","TS4",2,"CDLT_TS4_2",2.5,"C",0,0,35
"20260318_089",2026-03-18,"CDLT","TS4",2,"CDLT_TS4_2",2.5,"D",25.63,2.76125922899779e-07,35
"20260318_089",2026-03-18,"CDLT","TS4",2,"CDLT_TS4_2",2.5,"L",0,0,35
"20260318_089",2026-03-18,"CDLT","TS4",2,"CDLT_TS4_2",2.5,"T",49.61968,8.95091182439648e-07,35
"20260318_090",2026-03-18,"CDPT","TS4",2,"CDPT_TS4_2",2.5,"C",0,0,35
"20260318_090",2026-03-18,"CDPT","TS4",2,"CDPT_TS4_2",2.5,"D",0,0,35
"20260318_090",2026-03-18,"CDPT","TS4",2,"CDPT_TS4_2",2.5,"P",143.73304,2.17017697400678e-05,35
"20260318_090",2026-03-18,"CDPT","TS4",2,"CDPT_TS4_2",2.5,"T",0,0,35
"20260318_091",2026-03-18,"CLT","TS4",1,"CLT_TS4_1",2.5,"C",0,0,35
"20260318_091",2026-03-18,"CLT","TS4",1,"CLT_TS4_1",2.5,"L",0,0,35
"20260318_091",2026-03-18,"CLT","TS4",1,"CLT_TS4_1",2.5,"T",27.47536,2.22848312195988e-07,35
"20260318_092",2026-03-18,"LP","TS4",3,"LP_TS4_3",2.5,"L",25.63,9.63876650570789e-08,35
"20260318_092",2026-03-18,"LP","TS4",3,"LP_TS4_3",2.5,"P",202.78456,1.60841224362941e-05,35
"20260318_093",2026-03-18,"CLT","TS4",3,"CLT_TS4_3",2.5,"C",0,0,35
"20260318_093",2026-03-18,"CLT","TS4",3,"CLT_TS4_3",2.5,"L",0,0,35
"20260318_093",2026-03-18,"CLT","TS4",3,"CLT_TS4_3",2.5,"T",25.63,1.46157707913159e-07,35
"20260318_094",2026-03-18,"CDLP","TS4",2,"CDLP_TS4_2",2.5,"C",0,0,35
"20260318_094",2026-03-18,"CDLP","TS4",2,"CDLP_TS4_2",2.5,"D",0,0,35
"20260318_094",2026-03-18,"CDLP","TS4",2,"CDLP_TS4_2",2.5,"L",50.3336144578313,1.50811501283615e-07,35
"20260318_094",2026-03-18,"CDLP","TS4",2,"CDLP_TS4_2",2.5,"P",250.55888,3.16086719413138e-05,35
"20260318_095",2026-03-18,"LP","TS4",2,"LP_TS4_2",2.5,"L",53.7403225806452,3.48406058679854e-07,35
"20260318_095",2026-03-18,"LP","TS4",2,"LP_TS4_2",2.5,"P",239.48672,3.58992379478947e-05,35
"20260318_096",2026-03-18,"CDLT","TS4",3,"CDLT_TS4_3",2.5,"C",0,0,35
"20260318_096",2026-03-18,"CDLT","TS4",3,"CDLT_TS4_3",2.5,"D",0,0,35
"20260318_096",2026-03-18,"CDLT","TS4",3,"CDLT_TS4_3",2.5,"L",0,0,35
"20260318_096",2026-03-18,"CDLT","TS4",3,"CDLT_TS4_3",2.5,"T",51.26,4.50522637170508e-07,35
"20260318_097",2026-03-18,"LP","TS4",1,"LP_TS4_1",2.5,"L",49.82472,3.87998512047652e-07,35
"20260318_097",2026-03-18,"LP","TS4",1,"LP_TS4_1",2.5,"P",62.94728,9.6166425620522e-06,35
"20260318_098",2026-03-18,"CDLT","TS4",1,"CDLT_TS4_1",2.5,"C",0,0,35
"20260318_098",2026-03-18,"CDLT","TS4",1,"CDLT_TS4_1",2.5,"D",0,0,35
"20260318_098",2026-03-18,"CDLT","TS4",1,"CDLT_TS4_1",2.5,"L",0,0,35
"20260318_098",2026-03-18,"CDLT","TS4",1,"CDLT_TS4_1",2.5,"T",51.26,7.09775261783969e-07,35
"20260318_099",2026-03-18,"CDLP","TS4",1,"CDLP_TS4_1",2.5,"C",0,0,35
"20260318_099",2026-03-18,"CDLP","TS4",1,"CDLP_TS4_1",2.5,"D",0,0,35
"20260318_099",2026-03-18,"CDLP","TS4",1,"CDLP_TS4_1",2.5,"L",0,0,35
"20260318_099",2026-03-18,"CDLP","TS4",1,"CDLP_TS4_1",2.5,"P",231.90024,2.69038304167588e-05,35
"20260318_100",2026-03-18,"DPT","TS4",1,"DPT_TS4_1",2.5,"D",0,0,35
"20260318_100",2026-03-18,"DPT","TS4",1,"DPT_TS4_1",2.5,"P",224.31376,3.01724956581806e-05,35
"20260318_100",2026-03-18,"DPT","TS4",1,"DPT_TS4_1",2.5,"T",66.02288,2.56283907496342e-07,35
"20260318_101",2026-03-18,"LT","TS4",1,"LT_TS4_1",2.5,"L",0,0,35
"20260318_101",2026-03-18,"LT","TS4",1,"LT_TS4_1",2.5,"T",124.0492,2.03915276605455e-06,35
"20260318_102",2026-03-18,"CDPT","TS4",3,"CDPT_TS4_3",2.5,"C",0,0,35
"20260318_102",2026-03-18,"CDPT","TS4",3,"CDPT_TS4_3",2.5,"D",0,0,35
"20260318_102",2026-03-18,"CDPT","TS4",3,"CDPT_TS4_3",2.5,"P",78.9404,1.24480848981137e-05,35
"20260318_102",2026-03-18,"CDPT","TS4",3,"CDPT_TS4_3",2.5,"T",0,0,35
"20260318_103",2026-03-18,"LPT","TS4",1,"LPT_TS4_1",2.5,"L",0,0,35
"20260318_103",2026-03-18,"LPT","TS4",1,"LPT_TS4_1",2.5,"P",132.86592,1.27951703164406e-05,35
"20260318_103",2026-03-18,"LPT","TS4",1,"LPT_TS4_1",2.5,"T",25.63,1.23517597780367e-07,35
"20260318_104",2026-03-18,"LT","TS4",3,"LT_TS4_3",2.5,"L",25.63,2.59513252673586e-07,35
"20260318_104",2026-03-18,"LT","TS4",3,"LT_TS4_3",2.5,"T",25.63,1.70093713752841e-07,35
"20260318_105",2026-03-18,"LT","TS4",2,"LT_TS4_2",2.5,"L",0,0,35
"20260318_105",2026-03-18,"LT","TS4",2,"LT_TS4_2",2.5,"T",0,0,35
"20260318_106",2026-03-18,"CLT","TS4",2,"CLT_TS4_2",2.5,"C",25.63,1.53212761705672e-07,35
"20260318_106",2026-03-18,"CLT","TS4",2,"CLT_TS4_2",2.5,"L",0,0,35
"20260318_106",2026-03-18,"CLT","TS4",2,"CLT_TS4_2",2.5,"T",39.57272,3.74711188708153e-07,35
"20260318_107",2026-03-18,"LPT","TS4",2,"LPT_TS4_2",2.5,"L",25.63,1.16022124419463e-07,35
"20260318_107",2026-03-18,"LPT","TS4",2,"LPT_TS4_2",2.5,"P",190.27712,2.27133105668333e-05,35
"20260318_107",2026-03-18,"LPT","TS4",2,"LPT_TS4_2",2.5,"T",0,0,35
"20260318_108",2026-03-18,"LPT","TS4",3,"LPT_TS4_3",2.5,"L",0,0,35
"20260318_108",2026-03-18,"LPT","TS4",3,"LPT_TS4_3",2.5,"P",133.276,2.82006753677291e-05,35
"20260318_108",2026-03-18,"LPT","TS4",3,"LPT_TS4_3",2.5,"T",25.63,1.38650546060502e-07,35
"20260319_001",2026-03-19,"DLPT","TS1",3,"DLPT_TS1_3",2.5,"D",0,0,36
"20260319_001",2026-03-19,"DLPT","TS1",3,"DLPT_TS1_3",2.5,"L",51.26,3.09087077878417e-07,36
"20260319_001",2026-03-19,"DLPT","TS1",3,"DLPT_TS1_3",2.5,"P",375.2232,3.64796719217294e-05,36
"20260319_001",2026-03-19,"DLPT","TS1",3,"DLPT_TS1_3",2.5,"T",0,0,36
"20260319_002",2026-03-19,"LPT","TS1",1,"LPT_TS1_1",2.5,"L",0,0,36
"20260319_002",2026-03-19,"LPT","TS1",1,"LPT_TS1_1",2.5,"P",120.56352,1.34340641965006e-05,36
"20260319_002",2026-03-19,"LPT","TS1",1,"LPT_TS1_1",2.5,"T",0,0,36
"20260319_003",2026-03-19,"DLPT","TS1",2,"DLPT_TS1_2",2.5,"D",0,0,36
"20260319_003",2026-03-19,"DLPT","TS1",2,"DLPT_TS1_2",2.5,"L",0,0,36
"20260319_003",2026-03-19,"DLPT","TS1",2,"DLPT_TS1_2",2.5,"P",167.31264,1.77867026255211e-05,36
"20260319_003",2026-03-19,"DLPT","TS1",2,"DLPT_TS1_2",2.5,"T",25.63,2.75692396403213e-07,36
"20260319_004",2026-03-19,"CD","TS1",3,"CD_TS1_3",2.5,"C",0,0,36
"20260319_004",2026-03-19,"CD","TS1",3,"CD_TS1_3",2.5,"D",0,0,36
"20260319_005",2026-03-19,"CLT","TS1",1,"CLT_TS1_1",2.5,"C",0,0,36
"20260319_005",2026-03-19,"CLT","TS1",1,"CLT_TS1_1",2.5,"L",0,0,36
"20260319_005",2026-03-19,"CLT","TS1",1,"CLT_TS1_1",2.5,"T",101.90488,7.30591751315618e-07,36
"20260319_006",2026-03-19,"DPT","TS1",3,"DPT_TS1_3",2.5,"D",0,0,36
"20260319_006",2026-03-19,"DPT","TS1",3,"DPT_TS1_3",2.5,"P",51.46504,6.4333185033435e-06,36
"20260319_006",2026-03-19,"DPT","TS1",3,"DPT_TS1_3",2.5,"T",25.63,2.49492284460729e-07,36
"20260319_007",2026-03-19,"CLT","TS1",2,"CLT_TS1_2",2.5,"C",25.63,1.51930367366065e-06,36
"20260319_007",2026-03-19,"CLT","TS1",2,"CLT_TS1_2",2.5,"L",0,0,36
"20260319_007",2026-03-19,"CLT","TS1",2,"CLT_TS1_2",2.5,"T",25.63,3.13099965110653e-07,36
"20260319_008",2026-03-19,"CDLP","TS1",2,"CDLP_TS1_2",2.5,"C",25.63,9.45564819321911e-07,36
"20260319_008",2026-03-19,"CDLP","TS1",2,"CDLP_TS1_2",2.5,"D",0,0,36
"20260319_008",2026-03-19,"CDLP","TS1",2,"CDLP_TS1_2",2.5,"L",0,0,36
"20260319_008",2026-03-19,"CDLP","TS1",2,"CDLP_TS1_2",2.5,"P",83.86136,9.14956597492546e-06,36
"20260319_009",2026-03-19,"PT","TS1",1,"PT_TS1_1",2.5,"P",102.10992,1.40480005514312e-05,36
"20260319_009",2026-03-19,"PT","TS1",1,"PT_TS1_1",2.5,"T",25.63,9.72761248342102e-08,36
"20260319_010",2026-03-19,"LPT","TS1",2,"LPT_TS1_2",2.5,"L",25.63,1.25485295175928e-08,36
"20260319_010",2026-03-19,"LPT","TS1",2,"LPT_TS1_2",2.5,"P",67.25312,5.75867838711402e-06,36
"20260319_010",2026-03-19,"LPT","TS1",2,"LPT_TS1_2",2.5,"T",25.63,1.24322401638891e-07,36
"20260319_011",2026-03-19,"CDLT","TS1",3,"CDLT_TS1_3",2.5,"C",0,0,36
"20260319_011",2026-03-19,"CDLT","TS1",3,"CDLT_TS1_3",2.5,"D",0,0,36
"20260319_011",2026-03-19,"CDLT","TS1",3,"CDLT_TS1_3",2.5,"L",0,0,36
"20260319_011",2026-03-19,"CDLT","TS1",3,"CDLT_TS1_3",2.5,"T",25.63,2.17221684179212e-07,36
"20260319_012",2026-03-19,"DLPT","TS1",1,"DLPT_TS1_1",2.5,"D",0,0,36
"20260319_012",2026-03-19,"DLPT","TS1",1,"DLPT_TS1_1",2.5,"L",0,0,36
"20260319_012",2026-03-19,"DLPT","TS1",1,"DLPT_TS1_1",2.5,"P",204.42488,2.35578128784579e-05,36
"20260319_012",2026-03-19,"DLPT","TS1",1,"DLPT_TS1_1",2.5,"T",51.26,3.02111065602417e-07,36
"20260319_013",2026-03-19,"LT","TS1",3,"LT_TS1_3",2.5,"L",0,0,36
"20260319_013",2026-03-19,"LT","TS1",3,"LT_TS1_3",2.5,"T",25.63,8.48051508325927e-08,36
"20260319_014",2026-03-19,"CDLT","TS1",2,"CDLT_TS1_2",2.5,"C",0,0,36
"20260319_014",2026-03-19,"CDLT","TS1",2,"CDLT_TS1_2",2.5,"D",0,0,36
"20260319_014",2026-03-19,"CDLT","TS1",2,"CDLT_TS1_2",2.5,"L",0,0,36
"20260319_014",2026-03-19,"CDLT","TS1",2,"CDLT_TS1_2",2.5,"T",76.89,8.83190096376873e-07,36
"20260319_015",2026-03-19,"LT","TS1",2,"LT_TS1_2",2.5,"L",144.34816,1.35903732382786e-06,36
"20260319_015",2026-03-19,"LT","TS1",2,"LT_TS1_2",2.5,"T",872.4452,8.7797196180993e-06,36
"20260319_016",2026-03-19,"CDLT","TS1",1,"CDLT_TS1_1",2.5,"C",25.63,2.74982024237182e-06,36
"20260319_016",2026-03-19,"CDLT","TS1",1,"CDLT_TS1_1",2.5,"D",0,0,36
"20260319_016",2026-03-19,"CDLT","TS1",1,"CDLT_TS1_1",2.5,"L",0,0,36
"20260319_016",2026-03-19,"CDLT","TS1",1,"CDLT_TS1_1",2.5,"T",0,0,36
"20260319_017",2026-03-19,"DPT","TS1",1,"DPT_TS1_1",2.5,"D",25.63,2.62457545803571e-08,36
"20260319_017",2026-03-19,"DPT","TS1",1,"DPT_TS1_1",2.5,"P",193.55776,2.77309107592412e-05,36
"20260319_017",2026-03-19,"DPT","TS1",1,"DPT_TS1_1",2.5,"T",35.67696,1.74660986087085e-07,36
"20260319_018",2026-03-19,"DPT","TS1",2,"DPT_TS1_2",2.5,"D",25.63,9.39491229959579e-09,36
"20260319_018",2026-03-19,"DPT","TS1",2,"DPT_TS1_2",2.5,"P",76.89,8.591436667702e-06,36
"20260319_018",2026-03-19,"DPT","TS1",2,"DPT_TS1_2",2.5,"T",25.63,1.99707577975738e-08,36
"20260319_019",2026-03-19,"PT","TS1",3,"PT_TS1_3",2.5,"P",151.52456,1.81292121285117e-05,36
"20260319_019",2026-03-19,"PT","TS1",3,"PT_TS1_3",2.5,"T",0,0,36
"20260319_020",2026-03-19,"CDLP","TS1",1,"CDLP_TS1_1",2.5,"C",63.35736,4.54305511508346e-07,36
"20260319_020",2026-03-19,"CDLP","TS1",1,"CDLP_TS1_1",2.5,"D",25.63,1.10069009198232e-07,36
"20260319_020",2026-03-19,"CDLP","TS1",1,"CDLP_TS1_1",2.5,"L",0,0,36
"20260319_020",2026-03-19,"CDLP","TS1",1,"CDLP_TS1_1",2.5,"P",137.78688,1.56308996699994e-05,36
"20260319_021",2026-03-19,"CDLP","TS1",3,"CDLP_TS1_3",2.5,"C",25.63,7.71037963517093e-07,36
"20260319_021",2026-03-19,"CDLP","TS1",3,"CDLP_TS1_3",2.5,"D",0,0,36
"20260319_021",2026-03-19,"CDLP","TS1",3,"CDLP_TS1_3",2.5,"L",0,0,36
"20260319_021",2026-03-19,"CDLP","TS1",3,"CDLP_TS1_3",2.5,"P",68.89344,1.02978323628298e-05,36
"20260319_022",2026-03-19,"CD","TS1",1,"CD_TS1_1",2.5,"C",0,0,36
"20260319_022",2026-03-19,"CD","TS1",1,"CD_TS1_1",2.5,"D",25.63,4.12000158752562e-07,36
"20260319_023",2026-03-19,"LPT","TS1",3,"LPT_TS1_3",2.5,"L",25.63,6.2483503982924e-08,36
"20260319_023",2026-03-19,"LPT","TS1",3,"LPT_TS1_3",2.5,"P",211.80632,2.45027332213808e-05,36
"20260319_023",2026-03-19,"LPT","TS1",3,"LPT_TS1_3",2.5,"T",0,0,36
"20260319_024",2026-03-19,"LT","TS1",1,"LT_TS1_1",2.5,"L",113.88814516129,8.87078690387105e-07,36
"20260319_024",2026-03-19,"LT","TS1",1,"LT_TS1_1",2.5,"T",606.50832,7.65471378309977e-06,36
"20260319_025",2026-03-19,"CLT","TS1",3,"CLT_TS1_3",2.5,"C",0,0,36
"20260319_025",2026-03-19,"CLT","TS1",3,"CLT_TS1_3",2.5,"L",0,0,36
"20260319_025",2026-03-19,"CLT","TS1",3,"CLT_TS1_3",2.5,"T",0,0,36
"20260319_026",2026-03-19,"CD","TS1",2,"CD_TS1_2",2.5,"C",0,0,36
"20260319_026",2026-03-19,"CD","TS1",2,"CD_TS1_2",2.5,"D",0,0,36
"20260319_027",2026-03-19,"PT","TS1",2,"PT_TS1_2",2.5,"P",111.95184,1.50709862723101e-05,36
"20260319_027",2026-03-19,"PT","TS1",2,"PT_TS1_2",2.5,"T",0,0,36
"20260319_028",2026-03-19,"CLT","TS2",1,"CLT_TS2_1",2.5,"C",0,0,36
"20260319_028",2026-03-19,"CLT","TS2",1,"CLT_TS2_1",2.5,"L",0,0,36
"20260319_028",2026-03-19,"CLT","TS2",1,"CLT_TS2_1",2.5,"T",51.26,3.17336733766198e-07,36
"20260319_029",2026-03-19,"CP","TS2",1,"CP_TS2_1",2.5,"C",0,0,36
"20260319_029",2026-03-19,"CP","TS2",1,"CP_TS2_1",2.5,"P",65.40776,2.70942496309247e-06,36
"20260319_030",2026-03-19,"CDPT","TS2",1,"CDPT_TS2_1",2.5,"C",61.5540163934426,2.45573784783601e-07,36
"20260319_030",2026-03-19,"CDPT","TS2",1,"CDPT_TS2_1",2.5,"D",0,0,36
"20260319_030",2026-03-19,"CDPT","TS2",1,"CDPT_TS2_1",2.5,"P",157.8808,9.62853982446686e-06,36
"20260319_030",2026-03-19,"CDPT","TS2",1,"CDPT_TS2_1",2.5,"T",0,0,36
"20260319_031",2026-03-19,"CDPT","TS2",3,"CDPT_TS2_3",2.5,"C",0,0,36
"20260319_031",2026-03-19,"CDPT","TS2",3,"CDPT_TS2_3",2.5,"D",0,0,36
"20260319_031",2026-03-19,"CDPT","TS2",3,"CDPT_TS2_3",2.5,"P",102.52,1.59258642372705e-05,36
"20260319_031",2026-03-19,"CDPT","TS2",3,"CDPT_TS2_3",2.5,"T",0,0,36
"20260319_032",2026-03-19,"LT","TS2",3,"LT_TS2_3",2.5,"L",170.59328,2.93023455492218e-06,36
"20260319_032",2026-03-19,"LT","TS2",3,"LT_TS2_3",2.5,"T",552.17272,9.72119334075218e-06,36
"20260319_033",2026-03-19,"PT","TS2",3,"PT_TS2_3",2.5,"P",116.8728,2.18650215069972e-05,36
"20260319_033",2026-03-19,"PT","TS2",3,"PT_TS2_3",2.5,"T",25.63,2.70410942673038e-07,36
"20260319_034",2026-03-19,"DPT","TS2",3,"DPT_TS2_3",2.5,"D",0,0,36
"20260319_034",2026-03-19,"DPT","TS2",3,"DPT_TS2_3",2.5,"P",101.90488,1.99334108006091e-05,36
"20260319_034",2026-03-19,"DPT","TS2",3,"DPT_TS2_3",2.5,"T",51.26,2.15885568739038e-06,36
"20260319_035",2026-03-19,"PT","TS2",1,"PT_TS2_1",2.5,"P",151.31952,1.96513470412179e-05,36
"20260319_035",2026-03-19,"PT","TS2",1,"PT_TS2_1",2.5,"T",0,0,36
"20260319_036",2026-03-19,"CDLT","TS2",3,"CDLT_TS2_3",2.5,"C",25.63,1.62591900398958e-06,36
"20260319_036",2026-03-19,"CDLT","TS2",3,"CDLT_TS2_3",2.5,"D",0,0,36
"20260319_036",2026-03-19,"CDLT","TS2",3,"CDLT_TS2_3",2.5,"L",25.63,3.60394603940782e-08,36
"20260319_036",2026-03-19,"CDLT","TS2",3,"CDLT_TS2_3",2.5,"T",25.63,2.20120950304344e-07,36
"20260319_037",2026-03-19,"CDLP","TS2",2,"CDLP_TS2_2",2.5,"C",25.63,6.65515074834976e-07,36
"20260319_037",2026-03-19,"CDLP","TS2",2,"CDLP_TS2_2",2.5,"D",0,0,36
"20260319_037",2026-03-19,"CDLP","TS2",2,"CDLP_TS2_2",2.5,"L",0,0,36
"20260319_037",2026-03-19,"CDLP","TS2",2,"CDLP_TS2_2",2.5,"P",64.99768,5.74158958446372e-06,36
"20260319_038",2026-03-19,"CDLT","TS2",2,"CDLT_TS2_2",2.5,"C",0,0,36
"20260319_038",2026-03-19,"CDLT","TS2",2,"CDLT_TS2_2",2.5,"D",0,0,36
"20260319_038",2026-03-19,"CDLT","TS2",2,"CDLT_TS2_2",2.5,"L",0,0,36
"20260319_038",2026-03-19,"CDLT","TS2",2,"CDLT_TS2_2",2.5,"T",102.52,9.20367484730081e-07,36
"20260319_039",2026-03-19,"CDPT","TS2",2,"CDPT_TS2_2",2.5,"C",0,0,36
"20260319_039",2026-03-19,"CDPT","TS2",2,"CDPT_TS2_2",2.5,"D",0,0,36
"20260319_039",2026-03-19,"CDPT","TS2",2,"CDPT_TS2_2",2.5,"P",76.89,8.16556665263882e-06,36
"20260319_039",2026-03-19,"CDPT","TS2",2,"CDPT_TS2_2",2.5,"T",25.63,1.3467203331842e-07,36
"20260319_040",2026-03-19,"CLT","TS2",3,"CLT_TS2_3",2.5,"C",0,0,36
"20260319_040",2026-03-19,"CLT","TS2",3,"CLT_TS2_3",2.5,"L",0,0,36
"20260319_040",2026-03-19,"CLT","TS2",3,"CLT_TS2_3",2.5,"T",76.89,6.42289148665136e-07,36
"20260319_041",2026-03-19,"PT","TS2",2,"PT_TS2_2",2.5,"P",197.04344,3.0773494832738e-05,36
"20260319_041",2026-03-19,"PT","TS2",2,"PT_TS2_2",2.5,"T",0,0,36
"20260319_042",2026-03-19,"DLP","TS2",3,"DLP_TS2_3",2.5,"D",0,0,36
"20260319_042",2026-03-19,"DLP","TS2",3,"DLP_TS2_3",2.5,"L",41.41808,5.80962459535737e-07,36
"20260319_042",2026-03-19,"DLP","TS2",3,"DLP_TS2_3",2.5,"P",102.93008,1.30824061491651e-05,36
"20260319_043",2026-03-19,"CDLP","TS2",1,"CDLP_TS2_1",2.5,"C",0,0,36
"20260319_043",2026-03-19,"CDLP","TS2",1,"CDLP_TS2_1",2.5,"D",0,0,36
"20260319_043",2026-03-19,"CDLP","TS2",1,"CDLP_TS2_1",2.5,"L",0,0,36
"20260319_043",2026-03-19,"CDLP","TS2",1,"CDLP_TS2_1",2.5,"P",70.94384,9.25956451945021e-06,36
"20260319_044",2026-03-19,"LT","TS2",2,"LT_TS2_2",2.5,"L",0,0,36
"20260319_044",2026-03-19,"LT","TS2",2,"LT_TS2_2",2.5,"T",50.2348,2.25204544013769e-07,36
"20260319_045",2026-03-19,"CLT","TS2",2,"CLT_TS2_2",2.5,"C",0,0,36
"20260319_045",2026-03-19,"CLT","TS2",2,"CLT_TS2_2",2.5,"L",0,0,36
"20260319_045",2026-03-19,"CLT","TS2",2,"CLT_TS2_2",2.5,"T",0,0,36
"20260319_046",2026-03-19,"DPT","TS2",1,"DPT_TS2_1",2.5,"D",0,0,36
"20260319_046",2026-03-19,"DPT","TS2",1,"DPT_TS2_1",2.5,"P",319.04224,2.36781562734973e-05,36
"20260319_046",2026-03-19,"DPT","TS2",1,"DPT_TS2_1",2.5,"T",0,0,36
"20260319_047",2026-03-19,"DLP","TS2",2,"DLP_TS2_2",2.5,"D",25.63,1.77098047467683e-07,36
"20260319_047",2026-03-19,"DLP","TS2",2,"DLP_TS2_2",2.5,"L",0,0,36
"20260319_047",2026-03-19,"DLP","TS2",2,"DLP_TS2_2",2.5,"P",160.9564,2.49849483941378e-05,36
"20260319_048",2026-03-19,"DPT","TS2",2,"DPT_TS2_2",2.5,"D",25.63,1.36274989976479e-07,36
"20260319_048",2026-03-19,"DPT","TS2",2,"DPT_TS2_2",2.5,"P",49.61968,5.91187099189866e-06,36
"20260319_048",2026-03-19,"DPT","TS2",2,"DPT_TS2_2",2.5,"T",25.63,1.30213282640872e-07,36
"20260319_049",2026-03-19,"CP","TS2",3,"CP_TS2_3",2.5,"C",25.63,9.0890094431413e-08,36
"20260319_049",2026-03-19,"CP","TS2",3,"CP_TS2_3",2.5,"P",202.78456,1.83670217487151e-05,36
"20260319_050",2026-03-19,"CP","TS2",2,"CP_TS2_2",2.5,"C",0,0,36
"20260319_050",2026-03-19,"CP","TS2",2,"CP_TS2_2",2.5,"P",170.1832,3.06949156300916e-05,36
"20260319_051",2026-03-19,"CDLT","TS2",1,"CDLT_TS2_1",2.5,"C",0,0,36
"20260319_051",2026-03-19,"CDLT","TS2",1,"CDLT_TS2_1",2.5,"D",0,0,36
"20260319_051",2026-03-19,"CDLT","TS2",1,"CDLT_TS2_1",2.5,"L",0,0,36
"20260319_051",2026-03-19,"CDLT","TS2",1,"CDLT_TS2_1",2.5,"T",25.63,5.21961687337188e-07,36
"20260319_052",2026-03-19,"CDLP","TS2",3,"CDLP_TS2_3",2.5,"C",32.8642741935484,1.47738026135468e-07,36
"20260319_052",2026-03-19,"CDLP","TS2",3,"CDLP_TS2_3",2.5,"D",0,0,36
"20260319_052",2026-03-19,"CDLP","TS2",3,"CDLP_TS2_3",2.5,"L",0,0,36
"20260319_052",2026-03-19,"CDLP","TS2",3,"CDLP_TS2_3",2.5,"P",67.45816,7.03252639830766e-06,36
"20260319_053",2026-03-19,"DLP","TS2",1,"DLP_TS2_1",2.5,"D",25.63,3.48529409318567e-08,36
"20260319_053",2026-03-19,"DLP","TS2",1,"DLP_TS2_1",2.5,"L",0,0,36
"20260319_053",2026-03-19,"DLP","TS2",1,"DLP_TS2_1",2.5,"P",184.33096,1.74017648777811e-05,36
"20260319_054",2026-03-19,"LT","TS2",1,"LT_TS2_1",2.5,"L",383.01472,5.53124957644065e-06,36
"20260319_054",2026-03-19,"LT","TS2",1,"LT_TS2_1",2.5,"T",427.30336,7.15473787969391e-06,36
"20260319_055",2026-03-19,"CDLP","TS3",3,"CDLP_TS3_3",2.5,"C",0,0,36
"20260319_055",2026-03-19,"CDLP","TS3",3,"CDLP_TS3_3",2.5,"D",0,0,36
"20260319_055",2026-03-19,"CDLP","TS3",3,"CDLP_TS3_3",2.5,"L",0,0,36
"20260319_055",2026-03-19,"CDLP","TS3",3,"CDLP_TS3_3",2.5,"P",60.28176,1.05401741610659e-05,36
"20260319_056",2026-03-19,"CDPT","TS3",2,"CDPT_TS3_2",2.5,"C",0,0,36
"20260319_056",2026-03-19,"CDPT","TS3",2,"CDPT_TS3_2",2.5,"D",0,0,36
"20260319_056",2026-03-19,"CDPT","TS3",2,"CDPT_TS3_2",2.5,"P",191.50736,2.15277870668672e-05,36
"20260319_056",2026-03-19,"CDPT","TS3",2,"CDPT_TS3_2",2.5,"T",25.63,1.42064586715153e-07,36
"20260319_057",2026-03-19,"CDLT","TS3",2,"CDLT_TS3_2",2.5,"C",0,0,36
"20260319_057",2026-03-19,"CDLT","TS3",2,"CDLT_TS3_2",2.5,"D",0,0,36
"20260319_057",2026-03-19,"CDLT","TS3",2,"CDLT_TS3_2",2.5,"L",0,0,36
"20260319_057",2026-03-19,"CDLT","TS3",2,"CDLT_TS3_2",2.5,"T",25.63,1.3422804810787e-07,36
"20260319_058",2026-03-19,"LT","TS3",1,"LT_TS3_1",2.5,"L",25.63,1.44177594541974e-07,36
"20260319_058",2026-03-19,"LT","TS3",1,"LT_TS3_1",2.5,"T",0,0,36
"20260319_059",2026-03-19,"LT","TS3",3,"LT_TS3_3",2.5,"L",35.0495726495726,1.49785127944251e-07,36
"20260319_059",2026-03-19,"LT","TS3",3,"LT_TS3_3",2.5,"T",275.7788,2.27381401188552e-06,36
"20260319_060",2026-03-19,"CDLT","TS3",1,"CDLT_TS3_1",2.5,"C",0,0,36
"20260319_060",2026-03-19,"CDLT","TS3",1,"CDLT_TS3_1",2.5,"D",0,0,36
"20260319_060",2026-03-19,"CDLT","TS3",1,"CDLT_TS3_1",2.5,"L",0,0,36
"20260319_060",2026-03-19,"CDLT","TS3",1,"CDLT_TS3_1",2.5,"T",51.26,4.10041653693392e-07,36
"20260319_061",2026-03-19,"DLP","TS3",1,"DLP_TS3_1",2.5,"D",0,0,36
"20260319_061",2026-03-19,"DLP","TS3",1,"DLP_TS3_1",2.5,"L",32.8589743589744,2.55741630413313e-07,36
"20260319_061",2026-03-19,"DLP","TS3",1,"DLP_TS3_1",2.5,"P",187.40656,2.22906680161587e-05,36
"20260319_062",2026-03-19,"DLP","TS3",2,"DLP_TS3_2",2.5,"D",0,0,36
"20260319_062",2026-03-19,"DLP","TS3",2,"DLP_TS3_2",2.5,"L",0,0,36
"20260319_062",2026-03-19,"DLP","TS3",2,"DLP_TS3_2",2.5,"P",128.15,1.77445048993425e-05,36
"20260319_063",2026-03-19,"DLP","TS3",3,"DLP_TS3_3",2.5,"D",0,0,36
"20260319_063",2026-03-19,"DLP","TS3",3,"DLP_TS3_3",2.5,"L",74.8396,6.08841186408963e-07,36
"20260319_063",2026-03-19,"DLP","TS3",3,"DLP_TS3_3",2.5,"P",223.4936,1.93536965214398e-05,36
"20260319_064",2026-03-19,"DPT","TS3",2,"DPT_TS3_2",2.5,"D",0,0,36
"20260319_064",2026-03-19,"DPT","TS3",2,"DPT_TS3_2",2.5,"P",246.45808,2.1424934513603e-05,36
"20260319_064",2026-03-19,"DPT","TS3",2,"DPT_TS3_2",2.5,"T",25.63,2.00118570279605e-07,36
"20260319_065",2026-03-19,"CD","TS3",2,"CD_TS3_2",2.5,"C",0,0,36
"20260319_065",2026-03-19,"CD","TS3",2,"CD_TS3_2",2.5,"D",0,0,36
"20260319_066",2026-03-19,"CDLP","TS3",1,"CDLP_TS3_1",2.5,"C",0,0,36
"20260319_066",2026-03-19,"CDLP","TS3",1,"CDLP_TS3_1",2.5,"D",0,0,36
"20260319_066",2026-03-19,"CDLP","TS3",1,"CDLP_TS3_1",2.5,"L",0,0,36
"20260319_066",2026-03-19,"CDLP","TS3",1,"CDLP_TS3_1",2.5,"P",166.28744,2.04778976946939e-05,36
"20260319_067",2026-03-19,"CLT","TS3",1,"CLT_TS3_1",2.5,"C",0,0,36
"20260319_067",2026-03-19,"CLT","TS3",1,"CLT_TS3_1",2.5,"L",25.63,9.53961377895496e-08,36
"20260319_067",2026-03-19,"CLT","TS3",1,"CLT_TS3_1",2.5,"T",51.26,4.46352559901103e-07,36
"20260319_068",2026-03-19,"CDLP","TS3",2,"CDLP_TS3_2",2.5,"C",0,0,36
"20260319_068",2026-03-19,"CDLP","TS3",2,"CDLP_TS3_2",2.5,"D",0,0,36
"20260319_068",2026-03-19,"CDLP","TS3",2,"CDLP_TS3_2",2.5,"L",0,0,36
"20260319_068",2026-03-19,"CDLP","TS3",2,"CDLP_TS3_2",2.5,"P",108.05608,1.79991139879608e-05,36
"20260319_069",2026-03-19,"PT","TS3",3,"PT_TS3_3",2.5,"P",143.528,2.11349205214996e-05,36
"20260319_069",2026-03-19,"PT","TS3",3,"PT_TS3_3",2.5,"T",25.63,1.09072459895163e-07,36
"20260319_070",2026-03-19,"CD","TS3",3,"CD_TS3_3",2.5,"C",0,0,36
"20260319_070",2026-03-19,"CD","TS3",3,"CD_TS3_3",2.5,"D",0,0,36
"20260319_071",2026-03-19,"CDLT","TS3",3,"CDLT_TS3_3",2.5,"C",0,0,36
"20260319_071",2026-03-19,"CDLT","TS3",3,"CDLT_TS3_3",2.5,"D",25.63,3.73568460138378e-07,36
"20260319_071",2026-03-19,"CDLT","TS3",3,"CDLT_TS3_3",2.5,"L",25.63,5.73752986789869e-08,36
"20260319_071",2026-03-19,"CDLT","TS3",3,"CDLT_TS3_3",2.5,"T",0,0,36
"20260319_072",2026-03-19,"DPT","TS3",3,"DPT_TS3_3",2.5,"D",0,0,36
"20260319_072",2026-03-19,"DPT","TS3",3,"DPT_TS3_3",2.5,"P",241.9472,3.41538100904433e-05,36
"20260319_072",2026-03-19,"DPT","TS3",3,"DPT_TS3_3",2.5,"T",0,0,36
"20260319_073",2026-03-19,"CLT","TS3",3,"CLT_TS3_3",2.5,"C",0,0,36
"20260319_073",2026-03-19,"CLT","TS3",3,"CLT_TS3_3",2.5,"L",0,0,36
"20260319_073",2026-03-19,"CLT","TS3",3,"CLT_TS3_3",2.5,"T",76.89,8.04547461316549e-07,36
"20260319_074",2026-03-19,"CD","TS3",1,"CD_TS3_1",2.5,"C",0,0,36
"20260319_074",2026-03-19,"CD","TS3",1,"CD_TS3_1",2.5,"D",0,0,36
"20260319_075",2026-03-19,"PT","TS3",2,"PT_TS3_2",2.5,"P",171.00336,1.79933257397205e-05,36
"20260319_075",2026-03-19,"PT","TS3",2,"PT_TS3_2",2.5,"T",25.63,1.45535613263436e-07,36
"20260319_076",2026-03-19,"PT","TS3",1,"PT_TS3_1",2.5,"P",112.97704,1.12749865723569e-05,36
"20260319_076",2026-03-19,"PT","TS3",1,"PT_TS3_1",2.5,"T",25.63,1.34277944164071e-07,36
"20260319_077",2026-03-19,"CDPT","TS3",3,"CDPT_TS3_3",2.5,"C",0,0,36
"20260319_077",2026-03-19,"CDPT","TS3",3,"CDPT_TS3_3",2.5,"D",0,0,36
"20260319_077",2026-03-19,"CDPT","TS3",3,"CDPT_TS3_3",2.5,"P",146.6036,2.32979608501492e-05,36
"20260319_077",2026-03-19,"CDPT","TS3",3,"CDPT_TS3_3",2.5,"T",25.63,1.12662171032159e-07,36
"20260319_078",2026-03-19,"CDPT","TS3",1,"CDPT_TS3_1",2.5,"C",0,0,36
"20260319_078",2026-03-19,"CDPT","TS3",1,"CDPT_TS3_1",2.5,"D",0,0,36
"20260319_078",2026-03-19,"CDPT","TS3",1,"CDPT_TS3_1",2.5,"P",120.35848,1.74459286348911e-05,36
"20260319_078",2026-03-19,"CDPT","TS3",1,"CDPT_TS3_1",2.5,"T",63.35736,3.6277463193904e-07,36
"20260319_079",2026-03-19,"DPT","TS3",1,"DPT_TS3_1",2.5,"D",0,0,36
"20260319_079",2026-03-19,"DPT","TS3",1,"DPT_TS3_1",2.5,"P",178.17976,1.99017649286979e-05,36
"20260319_079",2026-03-19,"DPT","TS3",1,"DPT_TS3_1",2.5,"T",25.63,1.42383684452473e-07,36
"20260319_080",2026-03-19,"CLT","TS3",2,"CLT_TS3_2",2.5,"C",25.63,1.11484307902763e-07,36
"20260319_080",2026-03-19,"CLT","TS3",2,"CLT_TS3_2",2.5,"L",0,0,36
"20260319_080",2026-03-19,"CLT","TS3",2,"CLT_TS3_2",2.5,"T",25.63,1.39093350954467e-07,36
"20260319_081",2026-03-19,"LT","TS3",2,"LT_TS3_2",2.5,"L",38.678,8.98016886907123e-08,36
"20260319_081",2026-03-19,"LT","TS3",2,"LT_TS3_2",2.5,"T",326.42368,2.50955472202783e-06,36
"20260319_082",2026-03-19,"PT","TS4",1,"PT_TS4_1",2.5,"P",170.79832,2.3726305538126e-05,36
"20260319_082",2026-03-19,"PT","TS4",1,"PT_TS4_1",2.5,"T",51.05496,3.13391054817011e-07,36
"20260319_083",2026-03-19,"DPT","TS4",2,"DPT_TS4_2",2.5,"D",0,0,36
"20260319_083",2026-03-19,"DPT","TS4",2,"DPT_TS4_2",2.5,"P",190.6872,3.29524206422273e-05,36
"20260319_083",2026-03-19,"DPT","TS4",2,"DPT_TS4_2",2.5,"T",25.63,1.29694595575093e-07,36
"20260319_084",2026-03-19,"CDLP","TS4",3,"CDLP_TS4_3",2.5,"C",0,0,36
"20260319_084",2026-03-19,"CDLP","TS4",3,"CDLP_TS4_3",2.5,"D",0,0,36
"20260319_084",2026-03-19,"CDLP","TS4",3,"CDLP_TS4_3",2.5,"L",0,0,36
"20260319_084",2026-03-19,"CDLP","TS4",3,"CDLP_TS4_3",2.5,"P",101.4948,1.25781197431157e-05,36
"20260319_085",2026-03-19,"PT","TS4",2,"PT_TS4_2",2.5,"P",83.24624,1.14169723839493e-05,36
"20260319_085",2026-03-19,"PT","TS4",2,"PT_TS4_2",2.5,"T",0,0,36
"20260319_086",2026-03-19,"CDPT","TS4",1,"CDPT_TS4_1",2.5,"C",37.31728,5.91554935238448e-07,36
"20260319_086",2026-03-19,"CDPT","TS4",1,"CDPT_TS4_1",2.5,"D",0,0,36
"20260319_086",2026-03-19,"CDPT","TS4",1,"CDPT_TS4_1",2.5,"P",231.90024,2.2361091519212e-05,36
"20260319_086",2026-03-19,"CDPT","TS4",1,"CDPT_TS4_1",2.5,"T",0,0,36
"20260319_087",2026-03-19,"PT","TS4",3,"PT_TS4_3",2.5,"P",114.8224,1.90909450092906e-05,36
"20260319_087",2026-03-19,"PT","TS4",3,"PT_TS4_3",2.5,"T",25.63,1.82469578377317e-07,36
"20260319_088",2026-03-19,"DPT","TS4",3,"DPT_TS4_3",2.5,"D",0,0,36
"20260319_088",2026-03-19,"DPT","TS4",3,"DPT_TS4_3",2.5,"P",238.25648,2.98191212219599e-05,36
"20260319_088",2026-03-19,"DPT","TS4",3,"DPT_TS4_3",2.5,"T",49.41464,2.24322950758222e-07,36
"20260319_089",2026-03-19,"CDLT","TS4",2,"CDLT_TS4_2",2.5,"C",0,0,36
"20260319_089",2026-03-19,"CDLT","TS4",2,"CDLT_TS4_2",2.5,"D",25.63,2.72159356137667e-07,36
"20260319_089",2026-03-19,"CDLT","TS4",2,"CDLT_TS4_2",2.5,"L",0,0,36
"20260319_089",2026-03-19,"CDLT","TS4",2,"CDLT_TS4_2",2.5,"T",70.12368,8.85265554643023e-07,36
"20260319_090",2026-03-19,"CDPT","TS4",2,"CDPT_TS4_2",2.5,"C",0,0,36
"20260319_090",2026-03-19,"CDPT","TS4",2,"CDPT_TS4_2",2.5,"D",0,0,36
"20260319_090",2026-03-19,"CDPT","TS4",2,"CDPT_TS4_2",2.5,"P",154.8052,2.16439735906852e-05,36
"20260319_090",2026-03-19,"CDPT","TS4",2,"CDPT_TS4_2",2.5,"T",0,0,36
"20260319_091",2026-03-19,"CLT","TS4",1,"CLT_TS4_1",2.5,"C",28.1569014084507,5.20277087513861e-08,36
"20260319_091",2026-03-19,"CLT","TS4",1,"CLT_TS4_1",2.5,"L",0,0,36
"20260319_091",2026-03-19,"CLT","TS4",1,"CLT_TS4_1",2.5,"T",0,0,36
"20260319_092",2026-03-19,"LP","TS4",3,"LP_TS4_3",2.5,"L",0,0,36
"20260319_092",2026-03-19,"LP","TS4",3,"LP_TS4_3",2.5,"P",147.6288,9.08172446612618e-06,36
"20260319_093",2026-03-19,"CLT","TS4",3,"CLT_TS4_3",2.5,"C",0,0,36
"20260319_093",2026-03-19,"CLT","TS4",3,"CLT_TS4_3",2.5,"L",0,0,36
"20260319_093",2026-03-19,"CLT","TS4",3,"CLT_TS4_3",2.5,"T",101.69984,7.70113067568238e-07,36
"20260319_094",2026-03-19,"CDLP","TS4",2,"CDLP_TS4_2",2.5,"C",0,0,36
"20260319_094",2026-03-19,"CDLP","TS4",2,"CDLP_TS4_2",2.5,"D",0,0,36
"20260319_094",2026-03-19,"CDLP","TS4",2,"CDLP_TS4_2",2.5,"L",25.63,4.69595850174879e-08,36
"20260319_094",2026-03-19,"CDLP","TS4",2,"CDLP_TS4_2",2.5,"P",133.89112,2.28997184287192e-05,36
"20260319_095",2026-03-19,"LP","TS4",2,"LP_TS4_2",2.5,"L",32.3526229508197,1.92174680014812e-07,36
"20260319_095",2026-03-19,"LP","TS4",2,"LP_TS4_2",2.5,"P",288.28624,4.99684281823948e-05,36
"20260319_096",2026-03-19,"CDLT","TS4",3,"CDLT_TS4_3",2.5,"C",96.98392,2.26561538130727e-06,36
"20260319_096",2026-03-19,"CDLT","TS4",3,"CDLT_TS4_3",2.5,"D",0,0,36
"20260319_096",2026-03-19,"CDLT","TS4",3,"CDLT_TS4_3",2.5,"L",0,0,36
"20260319_096",2026-03-19,"CDLT","TS4",3,"CDLT_TS4_3",2.5,"T",38.54752,2.88206385921845e-07,36
"20260319_097",2026-03-19,"LP","TS4",1,"LP_TS4_1",2.5,"L",75.8648,8.09532613632742e-06,36
"20260319_097",2026-03-19,"LP","TS4",1,"LP_TS4_1",2.5,"P",162.18664,1.68761237887244e-05,36
"20260319_098",2026-03-19,"CDLT","TS4",1,"CDLT_TS4_1",2.5,"C",0,0,36
"20260319_098",2026-03-19,"CDLT","TS4",1,"CDLT_TS4_1",2.5,"D",0,0,36
"20260319_098",2026-03-19,"CDLT","TS4",1,"CDLT_TS4_1",2.5,"L",0,0,36
"20260319_098",2026-03-19,"CDLT","TS4",1,"CDLT_TS4_1",2.5,"T",25.63,7.53043957855101e-08,36
"20260319_099",2026-03-19,"CDLP","TS4",1,"CDLP_TS4_1",2.5,"C",113.38712,1.51803328011002e-06,36
"20260319_099",2026-03-19,"CDLP","TS4",1,"CDLP_TS4_1",2.5,"D",25.63,1.43450724911727e-07,36
"20260319_099",2026-03-19,"CDLP","TS4",1,"CDLP_TS4_1",2.5,"L",32.5414606741573,4.43612916484234e-07,36
"20260319_099",2026-03-19,"CDLP","TS4",1,"CDLP_TS4_1",2.5,"P",203.19464,2.36801843596671e-05,36
"20260319_100",2026-03-19,"DPT","TS4",1,"DPT_TS4_1",2.5,"D",0,0,36
"20260319_100",2026-03-19,"DPT","TS4",1,"DPT_TS4_1",2.5,"P",175.3092,2.82000810993612e-05,36
"20260319_100",2026-03-19,"DPT","TS4",1,"DPT_TS4_1",2.5,"T",25.63,3.17661350763379e-08,36
"20260319_101",2026-03-19,"LT","TS4",1,"LT_TS4_1",2.5,"L",87.55208,1.15512306870568e-06,36
"20260319_101",2026-03-19,"LT","TS4",1,"LT_TS4_1",2.5,"T",282.34008,5.69218578999914e-06,36
"20260319_102",2026-03-19,"CDPT","TS4",3,"CDPT_TS4_3",2.5,"C",25.63,4.19380215235331e-08,36
"20260319_102",2026-03-19,"CDPT","TS4",3,"CDPT_TS4_3",2.5,"D",0,0,36
"20260319_102",2026-03-19,"CDPT","TS4",3,"CDPT_TS4_3",2.5,"P",92.47304,1.67816945322651e-05,36
"20260319_102",2026-03-19,"CDPT","TS4",3,"CDPT_TS4_3",2.5,"T",25.63,2.00877235835123e-07,36
"20260319_103",2026-03-19,"LPT","TS4",1,"LPT_TS4_1",2.5,"L",0,0,36
"20260319_103",2026-03-19,"LPT","TS4",1,"LPT_TS4_1",2.5,"P",49.61968,1.03296075258825e-05,36
"20260319_103",2026-03-19,"LPT","TS4",1,"LPT_TS4_1",2.5,"T",25.63,1.12824500895567e-07,36
"20260319_104",2026-03-19,"LT","TS4",3,"LT_TS4_3",2.5,"L",0,0,36
"20260319_104",2026-03-19,"LT","TS4",3,"LT_TS4_3",2.5,"T",47.1592,2.51396939859949e-07,36
"20260319_105",2026-03-19,"LT","TS4",2,"LT_TS4_2",2.5,"L",25.63,4.27831872595365e-08,36
"20260319_105",2026-03-19,"LT","TS4",2,"LT_TS4_2",2.5,"T",0,0,36
"20260319_106",2026-03-19,"CLT","TS4",2,"CLT_TS4_2",2.5,"C",0,0,36
"20260319_106",2026-03-19,"CLT","TS4",2,"CLT_TS4_2",2.5,"L",25.63,2.313255813401e-07,36
"20260319_106",2026-03-19,"CLT","TS4",2,"CLT_TS4_2",2.5,"T",25.63,1.76424017612218e-07,36
"20260319_107",2026-03-19,"LPT","TS4",2,"LPT_TS4_2",2.5,"L",0,0,36
"20260319_107",2026-03-19,"LPT","TS4",2,"LPT_TS4_2",2.5,"P",89.60248,1.31740320914066e-05,36
"20260319_107",2026-03-19,"LPT","TS4",2,"LPT_TS4_2",2.5,"T",51.26,4.26130915456024e-07,36
"20260319_108",2026-03-19,"LPT","TS4",3,"LPT_TS4_3",2.5,"L",0,0,36
"20260319_108",2026-03-19,"LPT","TS4",3,"LPT_TS4_3",2.5,"P",184.12592,1.35357849677704e-05,36
"20260319_108",2026-03-19,"LPT","TS4",3,"LPT_TS4_3",2.5,"T",0,0,36
"20260320_001",2026-03-20,"DLPT","TS1",3,"DLPT_TS1_3",2.5,"D",0,0,37
"20260320_001",2026-03-20,"DLPT","TS1",3,"DLPT_TS1_3",2.5,"L",25.63,1.08702231212701e-06,37
"20260320_001",2026-03-20,"DLPT","TS1",3,"DLPT_TS1_3",2.5,"P",210.78112,3.14231397522787e-05,37
"20260320_001",2026-03-20,"DLPT","TS1",3,"DLPT_TS1_3",2.5,"T",34.0927358490566,1.96175567959769e-07,37
"20260320_002",2026-03-20,"LPT","TS1",1,"LPT_TS1_1",2.5,"L",0,0,37
"20260320_002",2026-03-20,"LPT","TS1",1,"LPT_TS1_1",2.5,"P",180.84528,1.67791520304975e-05,37
"20260320_002",2026-03-20,"LPT","TS1",1,"LPT_TS1_1",2.5,"T",25.63,4.63933248504354e-08,37
"20260320_003",2026-03-20,"DLPT","TS1",2,"DLPT_TS1_2",2.5,"D",0,0,37
"20260320_003",2026-03-20,"DLPT","TS1",2,"DLPT_TS1_2",2.5,"L",0,0,37
"20260320_003",2026-03-20,"DLPT","TS1",2,"DLPT_TS1_2",2.5,"P",247.0732,3.68592200594226e-05,37
"20260320_003",2026-03-20,"DLPT","TS1",2,"DLPT_TS1_2",2.5,"T",0,0,37
"20260320_004",2026-03-20,"CD","TS1",3,"CD_TS1_3",2.5,"C",37.11224,1.95893451257598e-06,37
"20260320_004",2026-03-20,"CD","TS1",3,"CD_TS1_3",2.5,"D",25.63,2.4221131205152e-07,37
"20260320_005",2026-03-20,"CLT","TS1",1,"CLT_TS1_1",2.5,"C",25.63,1.63714660370412e-06,37
"20260320_005",2026-03-20,"CLT","TS1",1,"CLT_TS1_1",2.5,"L",25.63,5.61408553996077e-08,37
"20260320_005",2026-03-20,"CLT","TS1",1,"CLT_TS1_1",2.5,"T",0,0,37
"20260320_006",2026-03-20,"DPT","TS1",3,"DPT_TS1_3",2.5,"D",0,0,37
"20260320_006",2026-03-20,"DPT","TS1",3,"DPT_TS1_3",2.5,"P",453.75352,5.69193425721694e-05,37
"20260320_006",2026-03-20,"DPT","TS1",3,"DPT_TS1_3",2.5,"T",0,0,37
"20260320_007",2026-03-20,"CLT","TS1",2,"CLT_TS1_2",2.5,"C",0,0,37
"20260320_007",2026-03-20,"CLT","TS1",2,"CLT_TS1_2",2.5,"L",0,0,37
"20260320_007",2026-03-20,"CLT","TS1",2,"CLT_TS1_2",2.5,"T",92.67808,2.24050621515274e-06,37
"20260320_008",2026-03-20,"CDLP","TS1",2,"CDLP_TS1_2",2.5,"C",0,0,37
"20260320_008",2026-03-20,"CDLP","TS1",2,"CDLP_TS1_2",2.5,"D",0,0,37
"20260320_008",2026-03-20,"CDLP","TS1",2,"CDLP_TS1_2",2.5,"L",0,0,37
"20260320_008",2026-03-20,"CDLP","TS1",2,"CDLP_TS1_2",2.5,"P",179.61504,3.68297060688644e-05,37
"20260320_009",2026-03-20,"PT","TS1",1,"PT_TS1_1",2.5,"P",115.8476,1.20465202470216e-05,37
"20260320_009",2026-03-20,"PT","TS1",1,"PT_TS1_1",2.5,"T",0,0,37
"20260320_010",2026-03-20,"LPT","TS1",2,"LPT_TS1_2",2.5,"L",51.26,3.69071302468652e-07,37
"20260320_010",2026-03-20,"LPT","TS1",2,"LPT_TS1_2",2.5,"P",270.24272,3.42353729619818e-05,37
"20260320_010",2026-03-20,"LPT","TS1",2,"LPT_TS1_2",2.5,"T",25.63,1.12069364394745e-07,37
"20260320_011",2026-03-20,"CDLT","TS1",3,"CDLT_TS1_3",2.5,"C",34.8568,2.42993708946106e-06,37
"20260320_011",2026-03-20,"CDLT","TS1",3,"CDLT_TS1_3",2.5,"D",0,0,37
"20260320_011",2026-03-20,"CDLT","TS1",3,"CDLT_TS1_3",2.5,"L",51.26,7.05346045874744e-07,37
"20260320_011",2026-03-20,"CDLT","TS1",3,"CDLT_TS1_3",2.5,"T",50.84992,5.85995240292749e-07,37
"20260320_012",2026-03-20,"DLPT","TS1",1,"DLPT_TS1_1",2.5,"D",25.63,2.04228723246452e-07,37
"20260320_012",2026-03-20,"DLPT","TS1",1,"DLPT_TS1_1",2.5,"L",40.80296,4.28023796920951e-07,37
"20260320_012",2026-03-20,"DLPT","TS1",1,"DLPT_TS1_1",2.5,"P",115.8476,1.7197796978373e-05,37
"20260320_012",2026-03-20,"DLPT","TS1",1,"DLPT_TS1_1",2.5,"T",0,0,37
"20260320_013",2026-03-20,"LT","TS1",3,"LT_TS1_3",2.5,"L",0,0,37
"20260320_013",2026-03-20,"LT","TS1",3,"LT_TS1_3",2.5,"T",0,0,37
"20260320_014",2026-03-20,"CDLT","TS1",2,"CDLT_TS1_2",2.5,"C",39.36768,1.97029398110439e-06,37
"20260320_014",2026-03-20,"CDLT","TS1",2,"CDLT_TS1_2",2.5,"D",0,0,37
"20260320_014",2026-03-20,"CDLT","TS1",2,"CDLT_TS1_2",2.5,"L",0,0,37
"20260320_014",2026-03-20,"CDLT","TS1",2,"CDLT_TS1_2",2.5,"T",0,0,37
"20260320_015",2026-03-20,"LT","TS1",2,"LT_TS1_2",2.5,"L",84.88656,6.05595471794372e-07,37
"20260320_015",2026-03-20,"LT","TS1",2,"LT_TS1_2",2.5,"T",829.18176,8.7915458677023e-06,37
"20260320_016",2026-03-20,"CDLT","TS1",1,"CDLT_TS1_1",2.5,"C",25.63,1.77944431963542e-06,37
"20260320_016",2026-03-20,"CDLT","TS1",1,"CDLT_TS1_1",2.5,"D",0,0,37
"20260320_016",2026-03-20,"CDLT","TS1",1,"CDLT_TS1_1",2.5,"L",0,0,37
"20260320_016",2026-03-20,"CDLT","TS1",1,"CDLT_TS1_1",2.5,"T",25.63,3.44536509946742e-07,37
"20260320_017",2026-03-20,"DPT","TS1",1,"DPT_TS1_1",2.5,"D",0,0,37
"20260320_017",2026-03-20,"DPT","TS1",1,"DPT_TS1_1",2.5,"P",265.32176,3.47013042581504e-05,37
"20260320_017",2026-03-20,"DPT","TS1",1,"DPT_TS1_1",2.5,"T",25.63,4.51152403957197e-08,37
"20260320_018",2026-03-20,"DPT","TS1",2,"DPT_TS1_2",2.5,"D",0,0,37
"20260320_018",2026-03-20,"DPT","TS1",2,"DPT_TS1_2",2.5,"P",353.07888,1.82548707890074e-05,37
"20260320_018",2026-03-20,"DPT","TS1",2,"DPT_TS1_2",2.5,"T",0,0,37
"20260320_019",2026-03-20,"PT","TS1",3,"PT_TS1_3",2.5,"P",313.7112,4.11058112867731e-05,37
"20260320_019",2026-03-20,"PT","TS1",3,"PT_TS1_3",2.5,"T",0,0,37
"20260320_020",2026-03-20,"CDLP","TS1",1,"CDLP_TS1_1",2.5,"C",25.63,1.07412915347469e-06,37
"20260320_020",2026-03-20,"CDLP","TS1",1,"CDLP_TS1_1",2.5,"D",0,0,37
"20260320_020",2026-03-20,"CDLP","TS1",1,"CDLP_TS1_1",2.5,"L",0,0,37
"20260320_020",2026-03-20,"CDLP","TS1",1,"CDLP_TS1_1",2.5,"P",129.38024,1.81248978356887e-05,37
"20260320_021",2026-03-20,"CDLP","TS1",3,"CDLP_TS1_3",2.5,"C",0,0,37
"20260320_021",2026-03-20,"CDLP","TS1",3,"CDLP_TS1_3",2.5,"D",25.63,1.16219431033597e-08,37
"20260320_021",2026-03-20,"CDLP","TS1",3,"CDLP_TS1_3",2.5,"L",0,0,37
"20260320_021",2026-03-20,"CDLP","TS1",3,"CDLP_TS1_3",2.5,"P",152.34472,2.25118091319948e-05,37
"20260320_022",2026-03-20,"CD","TS1",1,"CD_TS1_1",2.5,"C",25.63,3.29970652755811e-07,37
"20260320_022",2026-03-20,"CD","TS1",1,"CD_TS1_1",2.5,"D",29.93584,6.18122144616026e-07,37
"20260320_023",2026-03-20,"LPT","TS1",3,"LPT_TS1_3",2.5,"L",0,0,37
"20260320_023",2026-03-20,"LPT","TS1",3,"LPT_TS1_3",2.5,"P",112.56696,1.61019863096618e-05,37
"20260320_023",2026-03-20,"LPT","TS1",3,"LPT_TS1_3",2.5,"T",0,0,37
"20260320_024",2026-03-20,"LT","TS1",1,"LT_TS1_1",2.5,"L",121.38368,8.75195912790249e-07,37
"20260320_024",2026-03-20,"LT","TS1",1,"LT_TS1_1",2.5,"T",1031.14616,1.08395402689626e-05,37
"20260320_025",2026-03-20,"CLT","TS1",3,"CLT_TS1_3",2.5,"C",78.73536,2.72724859587209e-06,37
"20260320_025",2026-03-20,"CLT","TS1",3,"CLT_TS1_3",2.5,"L",32.154,6.23223879729123e-07,37
"20260320_025",2026-03-20,"CLT","TS1",3,"CLT_TS1_3",2.5,"T",50.02976,2.76755650171356e-07,37
"20260320_026",2026-03-20,"CD","TS1",2,"CD_TS1_2",2.5,"C",51.26,5.40016393286054e-06,37
"20260320_026",2026-03-20,"CD","TS1",2,"CD_TS1_2",2.5,"D",0,0,37
"20260320_027",2026-03-20,"PT","TS1",2,"PT_TS1_2",2.5,"P",101.4948,6.68519207063115e-06,37
"20260320_027",2026-03-20,"PT","TS1",2,"PT_TS1_2",2.5,"T",25.63,1.05586252266454e-07,37
"20260320_028",2026-03-20,"CLT","TS2",1,"CLT_TS2_1",2.5,"C",0,0,37
"20260320_028",2026-03-20,"CLT","TS2",1,"CLT_TS2_1",2.5,"L",25.63,2.39245153820032e-08,37
"20260320_028",2026-03-20,"CLT","TS2",1,"CLT_TS2_1",2.5,"T",102.52,9.91332983748092e-07,37
"20260320_029",2026-03-20,"CP","TS2",1,"CP_TS2_1",2.5,"C",25.63,1.28043744901322e-07,37
"20260320_029",2026-03-20,"CP","TS2",1,"CP_TS2_1",2.5,"P",248.0984,4.15047134375193e-05,37
"20260320_030",2026-03-20,"CDPT","TS2",1,"CDPT_TS2_1",2.5,"C",0,0,37
"20260320_030",2026-03-20,"CDPT","TS2",1,"CDPT_TS2_1",2.5,"D",0,0,37
"20260320_030",2026-03-20,"CDPT","TS2",1,"CDPT_TS2_1",2.5,"P",101.4948,1.64114316043431e-05,37
"20260320_030",2026-03-20,"CDPT","TS2",1,"CDPT_TS2_1",2.5,"T",0,0,37
"20260320_031",2026-03-20,"CDPT","TS2",3,"CDPT_TS2_3",2.5,"C",0,0,37
"20260320_031",2026-03-20,"CDPT","TS2",3,"CDPT_TS2_3",2.5,"D",0,0,37
"20260320_031",2026-03-20,"CDPT","TS2",3,"CDPT_TS2_3",2.5,"P",148.44896,2.43672417836191e-05,37
"20260320_031",2026-03-20,"CDPT","TS2",3,"CDPT_TS2_3",2.5,"T",0,0,37
"20260320_032",2026-03-20,"LT","TS2",3,"LT_TS2_3",2.5,"L",282.34008,3.7044036623441e-06,37
"20260320_032",2026-03-20,"LT","TS2",3,"LT_TS2_3",2.5,"T",365.17624,6.45315133200728e-06,37
"20260320_033",2026-03-20,"PT","TS2",3,"PT_TS2_3",2.5,"P",120.76856,2.08579501281797e-05,37
"20260320_033",2026-03-20,"PT","TS2",3,"PT_TS2_3",2.5,"T",0,0,37
"20260320_034",2026-03-20,"DPT","TS2",3,"DPT_TS2_3",2.5,"D",0,0,37
"20260320_034",2026-03-20,"DPT","TS2",3,"DPT_TS2_3",2.5,"P",141.4776,1.49211996973122e-05,37
"20260320_034",2026-03-20,"DPT","TS2",3,"DPT_TS2_3",2.5,"T",25.63,2.16009959181723e-06,37
"20260320_035",2026-03-20,"PT","TS2",1,"PT_TS2_1",2.5,"P",162.39168,2.76928676045563e-05,37
"20260320_035",2026-03-20,"PT","TS2",1,"PT_TS2_1",2.5,"T",0,0,37
"20260320_036",2026-03-20,"CDLT","TS2",3,"CDLT_TS2_3",2.5,"C",25.63,2.03275057364952e-06,37
"20260320_036",2026-03-20,"CDLT","TS2",3,"CDLT_TS2_3",2.5,"D",0,0,37
"20260320_036",2026-03-20,"CDLT","TS2",3,"CDLT_TS2_3",2.5,"L",0,0,37
"20260320_036",2026-03-20,"CDLT","TS2",3,"CDLT_TS2_3",2.5,"T",25.63,3.21036833626278e-08,37
"20260320_037",2026-03-20,"CDLP","TS2",2,"CDLP_TS2_2",2.5,"C",25.63,1.04000715478285e-07,37
"20260320_037",2026-03-20,"CDLP","TS2",2,"CDLP_TS2_2",2.5,"D",0,0,37
"20260320_037",2026-03-20,"CDLP","TS2",2,"CDLP_TS2_2",2.5,"L",0,0,37
"20260320_037",2026-03-20,"CDLP","TS2",2,"CDLP_TS2_2",2.5,"P",108.46616,1.26544460262048e-05,37
"20260320_038",2026-03-20,"CDLT","TS2",2,"CDLT_TS2_2",2.5,"C",0,0,37
"20260320_038",2026-03-20,"CDLT","TS2",2,"CDLT_TS2_2",2.5,"D",0,0,37
"20260320_038",2026-03-20,"CDLT","TS2",2,"CDLT_TS2_2",2.5,"L",0,0,37
"20260320_038",2026-03-20,"CDLT","TS2",2,"CDLT_TS2_2",2.5,"T",0,0,37
"20260320_039",2026-03-20,"CDPT","TS2",2,"CDPT_TS2_2",2.5,"C",0,0,37
"20260320_039",2026-03-20,"CDPT","TS2",2,"CDPT_TS2_2",2.5,"D",0,0,37
"20260320_039",2026-03-20,"CDPT","TS2",2,"CDPT_TS2_2",2.5,"P",95.13856,1.37757314451664e-05,37
"20260320_039",2026-03-20,"CDPT","TS2",2,"CDPT_TS2_2",2.5,"T",59.25656,3.89494276594655e-07,37
"20260320_040",2026-03-20,"CLT","TS2",3,"CLT_TS2_3",2.5,"C",41.3387096774194,9.06148587990841e-08,37
"20260320_040",2026-03-20,"CLT","TS2",3,"CLT_TS2_3",2.5,"L",25.63,4.95510279936833e-08,37
"20260320_040",2026-03-20,"CLT","TS2",3,"CLT_TS2_3",2.5,"T",25.63,1.13230495785974e-07,37
"20260320_041",2026-03-20,"PT","TS2",2,"PT_TS2_2",2.5,"P",251.58408,5.16691461922201e-05,37
"20260320_041",2026-03-20,"PT","TS2",2,"PT_TS2_2",2.5,"T",0,0,37
"20260320_042",2026-03-20,"DLP","TS2",3,"DLP_TS2_3",2.5,"D",25.63,2.64916478832462e-07,37
"20260320_042",2026-03-20,"DLP","TS2",3,"DLP_TS2_3",2.5,"L",69.7136,9.50042935944073e-07,37
"20260320_042",2026-03-20,"DLP","TS2",3,"DLP_TS2_3",2.5,"P",426.27816,3.32754212320112e-05,37
"20260320_043",2026-03-20,"CDLP","TS2",1,"CDLP_TS2_1",2.5,"C",25.63,9.29941021554866e-07,37
"20260320_043",2026-03-20,"CDLP","TS2",1,"CDLP_TS2_1",2.5,"D",0,0,37
"20260320_043",2026-03-20,"CDLP","TS2",1,"CDLP_TS2_1",2.5,"L",25.63,8.4223217140502e-07,37
"20260320_043",2026-03-20,"CDLP","TS2",1,"CDLP_TS2_1",2.5,"P",148.85904,2.71709836383729e-05,37
"20260320_044",2026-03-20,"LT","TS2",2,"LT_TS2_2",2.5,"L",0,0,37
"20260320_044",2026-03-20,"LT","TS2",2,"LT_TS2_2",2.5,"T",25.63,1.06554493980143e-07,37
"20260320_045",2026-03-20,"CLT","TS2",2,"CLT_TS2_2",2.5,"C",0,0,37
"20260320_045",2026-03-20,"CLT","TS2",2,"CLT_TS2_2",2.5,"L",0,0,37
"20260320_045",2026-03-20,"CLT","TS2",2,"CLT_TS2_2",2.5,"T",51.26,3.05314232762041e-07,37
"20260320_046",2026-03-20,"DPT","TS2",1,"DPT_TS2_1",2.5,"D",0,0,37
"20260320_046",2026-03-20,"DPT","TS2",1,"DPT_TS2_1",2.5,"P",114.00224,1.83192389537337e-05,37
"20260320_046",2026-03-20,"DPT","TS2",1,"DPT_TS2_1",2.5,"T",25.63,1.22414575537502e-07,37
"20260320_047",2026-03-20,"DLP","TS2",2,"DLP_TS2_2",2.5,"D",0,0,37
"20260320_047",2026-03-20,"DLP","TS2",2,"DLP_TS2_2",2.5,"L",0,0,37
"20260320_047",2026-03-20,"DLP","TS2",2,"DLP_TS2_2",2.5,"P",302.22896,5.44887084657433e-05,37
"20260320_048",2026-03-20,"DPT","TS2",2,"DPT_TS2_2",2.5,"D",0,0,37
"20260320_048",2026-03-20,"DPT","TS2",2,"DPT_TS2_2",2.5,"P",154.19008,2.09865333618004e-05,37
"20260320_048",2026-03-20,"DPT","TS2",2,"DPT_TS2_2",2.5,"T",0,0,37
"20260320_049",2026-03-20,"CP","TS2",3,"CP_TS2_3",2.5,"C",0,0,37
"20260320_049",2026-03-20,"CP","TS2",3,"CP_TS2_3",2.5,"P",144.96328,2.54607589935808e-05,37
"20260320_050",2026-03-20,"CP","TS2",2,"CP_TS2_2",2.5,"C",58.02632,3.128214185521e-07,37
"20260320_050",2026-03-20,"CP","TS2",2,"CP_TS2_2",2.5,"P",202.9896,2.48964672971467e-05,37
"20260320_051",2026-03-20,"CDLT","TS2",1,"CDLT_TS2_1",2.5,"C",25.63,9.58838469246526e-07,37
"20260320_051",2026-03-20,"CDLT","TS2",1,"CDLT_TS2_1",2.5,"D",0,0,37
"20260320_051",2026-03-20,"CDLT","TS2",1,"CDLT_TS2_1",2.5,"L",0,0,37
"20260320_051",2026-03-20,"CDLT","TS2",1,"CDLT_TS2_1",2.5,"T",25.63,4.51453774362684e-07,37
"20260320_052",2026-03-20,"CDLP","TS2",3,"CDLP_TS2_3",2.5,"C",0,0,37
"20260320_052",2026-03-20,"CDLP","TS2",3,"CDLP_TS2_3",2.5,"D",0,0,37
"20260320_052",2026-03-20,"CDLP","TS2",3,"CDLP_TS2_3",2.5,"L",29.7308,1.61961230078205e-07,37
"20260320_052",2026-03-20,"CDLP","TS2",3,"CDLP_TS2_3",2.5,"P",105.5956,2.04047224846187e-05,37
"20260320_053",2026-03-20,"DLP","TS2",1,"DLP_TS2_1",2.5,"D",0,0,37
"20260320_053",2026-03-20,"DLP","TS2",1,"DLP_TS2_1",2.5,"L",0,0,37
"20260320_053",2026-03-20,"DLP","TS2",1,"DLP_TS2_1",2.5,"P",199.09384,2.79065973368954e-05,37
"20260320_054",2026-03-20,"LT","TS2",1,"LT_TS2_1",2.5,"L",232.31032,3.05681654961345e-06,37
"20260320_054",2026-03-20,"LT","TS2",1,"LT_TS2_1",2.5,"T",457.2392,7.91024650617068e-06,37
"20260320_055",2026-03-20,"CDLP","TS3",3,"CDLP_TS3_3",2.5,"C",47.4977981651376,3.49291205328027e-07,37
"20260320_055",2026-03-20,"CDLP","TS3",3,"CDLP_TS3_3",2.5,"D",0,0,37
"20260320_055",2026-03-20,"CDLP","TS3",3,"CDLP_TS3_3",2.5,"L",25.63,3.80190046368579e-07,37
"20260320_055",2026-03-20,"CDLP","TS3",3,"CDLP_TS3_3",2.5,"P",136.76168,2.33549095425967e-05,37
"20260320_056",2026-03-20,"CDPT","TS3",2,"CDPT_TS3_2",2.5,"C",0,0,37
"20260320_056",2026-03-20,"CDPT","TS3",2,"CDPT_TS3_2",2.5,"D",0,0,37
"20260320_056",2026-03-20,"CDPT","TS3",2,"CDPT_TS3_2",2.5,"P",127.32984,1.87307356780906e-05,37
"20260320_056",2026-03-20,"CDPT","TS3",2,"CDPT_TS3_2",2.5,"T",0,0,37
"20260320_057",2026-03-20,"CDLT","TS3",2,"CDLT_TS3_2",2.5,"C",0,0,37
"20260320_057",2026-03-20,"CDLT","TS3",2,"CDLT_TS3_2",2.5,"D",0,0,37
"20260320_057",2026-03-20,"CDLT","TS3",2,"CDLT_TS3_2",2.5,"L",0,0,37
"20260320_057",2026-03-20,"CDLT","TS3",2,"CDLT_TS3_2",2.5,"T",0,0,37
"20260320_058",2026-03-20,"LT","TS3",1,"LT_TS3_1",2.5,"L",0,0,37
"20260320_058",2026-03-20,"LT","TS3",1,"LT_TS3_1",2.5,"T",0,0,37
"20260320_059",2026-03-20,"LT","TS3",3,"LT_TS3_3",2.5,"L",65.20272,3.81666137867063e-07,37
"20260320_059",2026-03-20,"LT","TS3",3,"LT_TS3_3",2.5,"T",171.82352,1.85754392911881e-06,37
"20260320_060",2026-03-20,"CDLT","TS3",1,"CDLT_TS3_1",2.5,"C",0,0,37
"20260320_060",2026-03-20,"CDLT","TS3",1,"CDLT_TS3_1",2.5,"D",0,0,37
"20260320_060",2026-03-20,"CDLT","TS3",1,"CDLT_TS3_1",2.5,"L",0,0,37
"20260320_060",2026-03-20,"CDLT","TS3",1,"CDLT_TS3_1",2.5,"T",76.68496,4.83087242497764e-07,37
"20260320_061",2026-03-20,"DLP","TS3",1,"DLP_TS3_1",2.5,"D",0,0,37
"20260320_061",2026-03-20,"DLP","TS3",1,"DLP_TS3_1",2.5,"L",25.63,3.13075631886296e-08,37
"20260320_061",2026-03-20,"DLP","TS3",1,"DLP_TS3_1",2.5,"P",274.54856,5.20905120924403e-05,37
"20260320_062",2026-03-20,"DLP","TS3",2,"DLP_TS3_2",2.5,"D",0,0,37
"20260320_062",2026-03-20,"DLP","TS3",2,"DLP_TS3_2",2.5,"L",25.63,1.28687826409523e-07,37
"20260320_062",2026-03-20,"DLP","TS3",2,"DLP_TS3_2",2.5,"P",230.05488,2.93053984959201e-05,37
"20260320_063",2026-03-20,"DLP","TS3",3,"DLP_TS3_3",2.5,"D",0,0,37
"20260320_063",2026-03-20,"DLP","TS3",3,"DLP_TS3_3",2.5,"L",0,0,37
"20260320_063",2026-03-20,"DLP","TS3",3,"DLP_TS3_3",2.5,"P",164.23704,1.92936384179332e-05,37
"20260320_064",2026-03-20,"DPT","TS3",2,"DPT_TS3_2",2.5,"D",0,0,37
"20260320_064",2026-03-20,"DPT","TS3",2,"DPT_TS3_2",2.5,"P",169.77312,2.52557017166677e-05,37
"20260320_064",2026-03-20,"DPT","TS3",2,"DPT_TS3_2",2.5,"T",0,0,37
"20260320_065",2026-03-20,"CD","TS3",2,"CD_TS3_2",2.5,"C",0,0,37
"20260320_065",2026-03-20,"CD","TS3",2,"CD_TS3_2",2.5,"D",0,0,37
"20260320_066",2026-03-20,"CDLP","TS3",1,"CDLP_TS3_1",2.5,"C",66.43296,8.6143486671376e-07,37
"20260320_066",2026-03-20,"CDLP","TS3",1,"CDLP_TS3_1",2.5,"D",0,0,37
"20260320_066",2026-03-20,"CDLP","TS3",1,"CDLP_TS3_1",2.5,"L",0,0,37
"20260320_066",2026-03-20,"CDLP","TS3",1,"CDLP_TS3_1",2.5,"P",57.4112,1.0266319519406e-05,37
"20260320_067",2026-03-20,"CLT","TS3",1,"CLT_TS3_1",2.5,"C",0,0,37
"20260320_067",2026-03-20,"CLT","TS3",1,"CLT_TS3_1",2.5,"L",0,0,37
"20260320_067",2026-03-20,"CLT","TS3",1,"CLT_TS3_1",2.5,"T",50.2348,2.95000252948957e-07,37
"20260320_068",2026-03-20,"CDLP","TS3",2,"CDLP_TS3_2",2.5,"C",25.63,5.81612330617984e-08,37
"20260320_068",2026-03-20,"CDLP","TS3",2,"CDLP_TS3_2",2.5,"D",0,0,37
"20260320_068",2026-03-20,"CDLP","TS3",2,"CDLP_TS3_2",2.5,"L",0,0,37
"20260320_068",2026-03-20,"CDLP","TS3",2,"CDLP_TS3_2",2.5,"P",171.41344,2.36017571485263e-05,37
"20260320_069",2026-03-20,"PT","TS3",3,"PT_TS3_3",2.5,"P",92.88312,1.46503119452271e-05,37
"20260320_069",2026-03-20,"PT","TS3",3,"PT_TS3_3",2.5,"T",51.05496,2.82279389770492e-07,37
"20260320_070",2026-03-20,"CD","TS3",3,"CD_TS3_3",2.5,"C",0,0,37
"20260320_070",2026-03-20,"CD","TS3",3,"CD_TS3_3",2.5,"D",0,0,37
"20260320_071",2026-03-20,"CDLT","TS3",3,"CDLT_TS3_3",2.5,"C",0,0,37
"20260320_071",2026-03-20,"CDLT","TS3",3,"CDLT_TS3_3",2.5,"D",0,0,37
"20260320_071",2026-03-20,"CDLT","TS3",3,"CDLT_TS3_3",2.5,"L",0,0,37
"20260320_071",2026-03-20,"CDLT","TS3",3,"CDLT_TS3_3",2.5,"T",25.63,2.12083772553286e-07,37
"20260320_072",2026-03-20,"DPT","TS3",3,"DPT_TS3_3",2.5,"D",0,0,37
"20260320_072",2026-03-20,"DPT","TS3",3,"DPT_TS3_3",2.5,"P",66.638,1.17756240316516e-05,37
"20260320_072",2026-03-20,"DPT","TS3",3,"DPT_TS3_3",2.5,"T",0,0,37
"20260320_073",2026-03-20,"CLT","TS3",3,"CLT_TS3_3",2.5,"C",0,0,37
"20260320_073",2026-03-20,"CLT","TS3",3,"CLT_TS3_3",2.5,"L",25.63,1.44512212436771e-07,37
"20260320_073",2026-03-20,"CLT","TS3",3,"CLT_TS3_3",2.5,"T",76.89,1.26006343463232e-06,37
"20260320_074",2026-03-20,"CD","TS3",1,"CD_TS3_1",2.5,"C",51.05496,3.75073801020355e-07,37
"20260320_074",2026-03-20,"CD","TS3",1,"CD_TS3_1",2.5,"D",25.63,1.38486595144341e-07,37
"20260320_075",2026-03-20,"PT","TS3",2,"PT_TS3_2",2.5,"P",58.02632,1.00986621784625e-05,37
"20260320_075",2026-03-20,"PT","TS3",2,"PT_TS3_2",2.5,"T",0,0,37
"20260320_076",2026-03-20,"PT","TS3",1,"PT_TS3_1",2.5,"P",138.19696,1.77132631560061e-05,37
"20260320_076",2026-03-20,"PT","TS3",1,"PT_TS3_1",2.5,"T",0,0,37
"20260320_077",2026-03-20,"CDPT","TS3",3,"CDPT_TS3_3",2.5,"C",0,0,37
"20260320_077",2026-03-20,"CDPT","TS3",3,"CDPT_TS3_3",2.5,"D",0,0,37
"20260320_077",2026-03-20,"CDPT","TS3",3,"CDPT_TS3_3",2.5,"P",93.70328,1.24857298310081e-05,37
"20260320_077",2026-03-20,"CDPT","TS3",3,"CDPT_TS3_3",2.5,"T",25.63,9.7606050200826e-08,37
"20260320_078",2026-03-20,"CDPT","TS3",1,"CDPT_TS3_1",2.5,"C",0,0,37
"20260320_078",2026-03-20,"CDPT","TS3",1,"CDPT_TS3_1",2.5,"D",0,0,37
"20260320_078",2026-03-20,"CDPT","TS3",1,"CDPT_TS3_1",2.5,"P",84.47648,1.26886337230625e-05,37
"20260320_078",2026-03-20,"CDPT","TS3",1,"CDPT_TS3_1",2.5,"T",55.97592,2.93066683912663e-07,37
"20260320_079",2026-03-20,"DPT","TS3",1,"DPT_TS3_1",2.5,"D",0,0,37
"20260320_079",2026-03-20,"DPT","TS3",1,"DPT_TS3_1",2.5,"P",163.62192,2.04596725490215e-05,37
"20260320_079",2026-03-20,"DPT","TS3",1,"DPT_TS3_1",2.5,"T",25.63,1.54819590882038e-07,37
"20260320_080",2026-03-20,"CLT","TS3",2,"CLT_TS3_2",2.5,"C",0,0,37
"20260320_080",2026-03-20,"CLT","TS3",2,"CLT_TS3_2",2.5,"L",0,0,37
"20260320_080",2026-03-20,"CLT","TS3",2,"CLT_TS3_2",2.5,"T",76.89,7.07685527859829e-07,37
"20260320_081",2026-03-20,"LT","TS3",2,"LT_TS3_2",2.5,"L",36.9072,3.3665386860036e-07,37
"20260320_081",2026-03-20,"LT","TS3",2,"LT_TS3_2",2.5,"T",254.45464,2.64676395366005e-06,37
"20260320_082",2026-03-20,"PT","TS4",1,"PT_TS4_1",2.5,"P",113.7972,2.57242536959151e-05,37
"20260320_082",2026-03-20,"PT","TS4",1,"PT_TS4_1",2.5,"T",25.63,1.0984734283816e-07,37
"20260320_083",2026-03-20,"DPT","TS4",2,"DPT_TS4_2",2.5,"D",0,0,37
"20260320_083",2026-03-20,"DPT","TS4",2,"DPT_TS4_2",2.5,"P",179.41,2.09906600826193e-05,37
"20260320_083",2026-03-20,"DPT","TS4",2,"DPT_TS4_2",2.5,"T",0,0,37
"20260320_084",2026-03-20,"CDLP","TS4",3,"CDLP_TS4_3",2.5,"C",0,0,37
"20260320_084",2026-03-20,"CDLP","TS4",3,"CDLP_TS4_3",2.5,"D",0,0,37
"20260320_084",2026-03-20,"CDLP","TS4",3,"CDLP_TS4_3",2.5,"L",25.63,2.31109397149434e-07,37
"20260320_084",2026-03-20,"CDLP","TS4",3,"CDLP_TS4_3",2.5,"P",110.92664,2.0135096348485e-05,37
"20260320_085",2026-03-20,"PT","TS4",2,"PT_TS4_2",2.5,"P",147.42376,2.36958247245496e-05,37
"20260320_085",2026-03-20,"PT","TS4",2,"PT_TS4_2",2.5,"T",25.63,2.52321955877447e-07,37
"20260320_086",2026-03-20,"CDPT","TS4",1,"CDPT_TS4_1",2.5,"C",0,0,37
"20260320_086",2026-03-20,"CDPT","TS4",1,"CDPT_TS4_1",2.5,"D",0,0,37
"20260320_086",2026-03-20,"CDPT","TS4",1,"CDPT_TS4_1",2.5,"P",101.69984,2.59078140711746e-05,37
"20260320_086",2026-03-20,"CDPT","TS4",1,"CDPT_TS4_1",2.5,"T",0,0,37
"20260320_087",2026-03-20,"PT","TS4",3,"PT_TS4_3",2.5,"P",166.28744,2.54938769907414e-05,37
"20260320_087",2026-03-20,"PT","TS4",3,"PT_TS4_3",2.5,"T",25.63,7.88868011271789e-08,37
"20260320_088",2026-03-20,"DPT","TS4",3,"DPT_TS4_3",2.5,"D",0,0,37
"20260320_088",2026-03-20,"DPT","TS4",3,"DPT_TS4_3",2.5,"P",183.30576,2.32803856492579e-05,37
"20260320_088",2026-03-20,"DPT","TS4",3,"DPT_TS4_3",2.5,"T",0,0,37
"20260320_089",2026-03-20,"CDLT","TS4",2,"CDLT_TS4_2",2.5,"C",25.83504,1.75703434104369e-06,37
"20260320_089",2026-03-20,"CDLT","TS4",2,"CDLT_TS4_2",2.5,"D",0,0,37
"20260320_089",2026-03-20,"CDLT","TS4",2,"CDLT_TS4_2",2.5,"L",0,0,37
"20260320_089",2026-03-20,"CDLT","TS4",2,"CDLT_TS4_2",2.5,"T",0,0,37
"20260320_090",2026-03-20,"CDPT","TS4",2,"CDPT_TS4_2",2.5,"C",0,0,37
"20260320_090",2026-03-20,"CDPT","TS4",2,"CDPT_TS4_2",2.5,"D",25.63,5.09126306358116e-08,37
"20260320_090",2026-03-20,"CDPT","TS4",2,"CDPT_TS4_2",2.5,"P",127.94496,1.07483272185197e-05,37
"20260320_090",2026-03-20,"CDPT","TS4",2,"CDPT_TS4_2",2.5,"T",25.63,1.15777355578142e-07,37
"20260320_091",2026-03-20,"CLT","TS4",1,"CLT_TS4_1",2.5,"C",0,0,37
"20260320_091",2026-03-20,"CLT","TS4",1,"CLT_TS4_1",2.5,"L",0,0,37
"20260320_091",2026-03-20,"CLT","TS4",1,"CLT_TS4_1",2.5,"T",69.50856,7.85284955743892e-07,37
"20260320_092",2026-03-20,"LP","TS4",3,"LP_TS4_3",2.5,"L",25.63,1.13504757556239e-07,37
"20260320_092",2026-03-20,"LP","TS4",3,"LP_TS4_3",2.5,"P",95.75368,1.29756973959811e-05,37
"20260320_093",2026-03-20,"CLT","TS4",3,"CLT_TS4_3",2.5,"C",25.63,1.8875576687988e-07,37
"20260320_093",2026-03-20,"CLT","TS4",3,"CLT_TS4_3",2.5,"L",0,0,37
"20260320_093",2026-03-20,"CLT","TS4",3,"CLT_TS4_3",2.5,"T",102.52,5.89442679636095e-07,37
"20260320_094",2026-03-20,"CDLP","TS4",2,"CDLP_TS4_2",2.5,"C",36.6738211382114,1.05913171986048e-07,37
"20260320_094",2026-03-20,"CDLP","TS4",2,"CDLP_TS4_2",2.5,"D",0,0,37
"20260320_094",2026-03-20,"CDLP","TS4",2,"CDLP_TS4_2",2.5,"L",25.63,2.49699613707076e-07,37
"20260320_094",2026-03-20,"CDLP","TS4",2,"CDLP_TS4_2",2.5,"P",164.032,2.88799514684589e-05,37
"20260320_095",2026-03-20,"LP","TS4",2,"LP_TS4_2",2.5,"L",25.63,1.64410400601e-07,37
"20260320_095",2026-03-20,"LP","TS4",2,"LP_TS4_2",2.5,"P",120.56352,1.3565902271852e-05,37
"20260320_096",2026-03-20,"CDLT","TS4",3,"CDLT_TS4_3",2.5,"C",0,0,37
"20260320_096",2026-03-20,"CDLT","TS4",3,"CDLT_TS4_3",2.5,"D",0,0,37
"20260320_096",2026-03-20,"CDLT","TS4",3,"CDLT_TS4_3",2.5,"L",0,0,37
"20260320_096",2026-03-20,"CDLT","TS4",3,"CDLT_TS4_3",2.5,"T",51.26,5.31532830523824e-07,37
"20260320_097",2026-03-20,"LP","TS4",1,"LP_TS4_1",2.5,"L",30.96104,1.22691609876007e-07,37
"20260320_097",2026-03-20,"LP","TS4",1,"LP_TS4_1",2.5,"P",270.85784,3.13165484932129e-05,37
"20260320_098",2026-03-20,"CDLT","TS4",1,"CDLT_TS4_1",2.5,"C",0,0,37
"20260320_098",2026-03-20,"CDLT","TS4",1,"CDLT_TS4_1",2.5,"D",0,0,37
"20260320_098",2026-03-20,"CDLT","TS4",1,"CDLT_TS4_1",2.5,"L",0,0,37
"20260320_098",2026-03-20,"CDLT","TS4",1,"CDLT_TS4_1",2.5,"T",25.63,2.311134104896e-07,37
"20260320_099",2026-03-20,"CDLP","TS4",1,"CDLP_TS4_1",2.5,"C",25.63,3.47214454049359e-08,37
"20260320_099",2026-03-20,"CDLP","TS4",1,"CDLP_TS4_1",2.5,"D",0,0,37
"20260320_099",2026-03-20,"CDLP","TS4",1,"CDLP_TS4_1",2.5,"L",0,0,37
"20260320_099",2026-03-20,"CDLP","TS4",1,"CDLP_TS4_1",2.5,"P",76.47992,9.45011107893217e-06,37
"20260320_100",2026-03-20,"DPT","TS4",1,"DPT_TS4_1",2.5,"D",0,0,37
"20260320_100",2026-03-20,"DPT","TS4",1,"DPT_TS4_1",2.5,"P",207.70552,1.92025310182885e-05,37
"20260320_100",2026-03-20,"DPT","TS4",1,"DPT_TS4_1",2.5,"T",0,0,37
"20260320_101",2026-03-20,"LT","TS4",1,"LT_TS4_1",2.5,"L",117.48792,2.64507780351983e-06,37
"20260320_101",2026-03-20,"LT","TS4",1,"LT_TS4_1",2.5,"T",272.90824,5.53223119391558e-06,37
"20260320_102",2026-03-20,"CDPT","TS4",3,"CDPT_TS4_3",2.5,"C",25.63,8.83976066235044e-08,37
"20260320_102",2026-03-20,"CDPT","TS4",3,"CDPT_TS4_3",2.5,"D",0,0,37
"20260320_102",2026-03-20,"CDPT","TS4",3,"CDPT_TS4_3",2.5,"P",137.78688,1.50083283800399e-05,37
"20260320_102",2026-03-20,"CDPT","TS4",3,"CDPT_TS4_3",2.5,"T",0,0,37
"20260320_103",2026-03-20,"LPT","TS4",1,"LPT_TS4_1",2.5,"L",0,0,37
"20260320_103",2026-03-20,"LPT","TS4",1,"LPT_TS4_1",2.5,"P",75.8648,9.01785379412203e-06,37
"20260320_103",2026-03-20,"LPT","TS4",1,"LPT_TS4_1",2.5,"T",0,0,37
"20260320_104",2026-03-20,"LT","TS4",3,"LT_TS4_3",2.5,"L",0,0,37
"20260320_104",2026-03-20,"LT","TS4",3,"LT_TS4_3",2.5,"T",0,0,37
"20260320_105",2026-03-20,"LT","TS4",2,"LT_TS4_2",2.5,"L",0,0,37
"20260320_105",2026-03-20,"LT","TS4",2,"LT_TS4_2",2.5,"T",0,0,37
"20260320_106",2026-03-20,"CLT","TS4",2,"CLT_TS4_2",2.5,"C",0,0,37
"20260320_106",2026-03-20,"CLT","TS4",2,"CLT_TS4_2",2.5,"L",0,0,37
"20260320_106",2026-03-20,"CLT","TS4",2,"CLT_TS4_2",2.5,"T",0,0,37
"20260320_107",2026-03-20,"LPT","TS4",2,"LPT_TS4_2",2.5,"L",0,0,37
"20260320_107",2026-03-20,"LPT","TS4",2,"LPT_TS4_2",2.5,"P",145.5784,2.37745413505356e-05,37
"20260320_107",2026-03-20,"LPT","TS4",2,"LPT_TS4_2",2.5,"T",25.63,1.25349435913959e-07,37
"20260320_108",2026-03-20,"LPT","TS4",3,"LPT_TS4_3",2.5,"L",0,0,37
"20260320_108",2026-03-20,"LPT","TS4",3,"LPT_TS4_3",2.5,"P",51.26,1.41953597932913e-05,37
"20260320_108",2026-03-20,"LPT","TS4",3,"LPT_TS4_3",2.5,"T",0,0,37
