"file","mean.dens.ml","date","species","temperature","replicate","sample_ID","magnification","biomass","day","log_biomass"
"20260126_002",25.63,"2026-01-26","D","T15",3,"T15_D_3",2.5,6.56842439893966e-06,1,-5.18253879435344
"20260126_003",25.63,"2026-01-26","S","T15",1,"T15_S_1",2.5,1.51755165270919e-06,1,-5.81885651797606
"20260126_004",49.61968,"2026-01-26","P","T15",2,"T15_P_2",2.5,3.51537375308755e-05,1,-4.45402849417919
"20260126_005",65.40776,"2026-01-26","D","T15",1,"T15_D_1",2.5,1.05122487553685e-05,1,-4.97830437078604
"20260126_006",118.71816,"2026-01-26","T","T15",1,"T15_T_1",2.5,1.13577726892664e-05,1,-4.94470682739276
"20260126_007",34.0297478991597,"2026-01-26","C","T15",2,"T15_C_2",2.5,6.48469949161483e-06,1,-5.1881101448162
"20260126_008",25.63,"2026-01-26","C","T15",1,"T15_C_1",2.5,1.66520587176238e-05,1,-4.77853206639594
"20260126_009",41.41808,"2026-01-26","P","T15",1,"T15_P_1",2.5,6.05842618329231e-05,1,-4.2176401792465
"20260126_010",214.06176,"2026-01-26","L","T15",3,"T15_L_3",2.5,4.19388513290304e-05,1,-4.37738346867981
"20260126_011",76.89,"2026-01-26","L","T15",1,"T15_L_1",2.5,1.34494556007329e-05,1,-4.87129529442608
"20260126_012",31.98624,"2026-01-26","C","T15",3,"T15_C_3",2.5,1.48688975645494e-05,1,-4.82772123049498
"20260126_014",97.59904,"2026-01-26","T","T15",2,"T15_T_2",2.5,9.20376894671996e-06,1,-5.03603429248319
"20260126_016",102.52,"2026-01-26","T","T15",3,"T15_T_3",2.5,9.99645911288377e-06,1,-5.00015380600565
"20260126_017",45.92896,"2026-01-26","D","T15",2,"T15_D_2",2.5,1.25820203824501e-05,1,-4.90024961560798
"20260126_018",51.26,"2026-01-26","L","T15",2,"T15_L_2",2.5,1.02578821726943e-05,1,-4.9889422937712
"20260126_021",76.89,"2026-01-26","D","T18",2,"T18_D_2",2.5,1.43132628605149e-05,1,-4.84426135290761
"20260126_022",25.63,"2026-01-26","P","T18",2,"T18_P_2",2.5,4.28943577762169e-06,1,-5.36759983014177
"20260126_023",80.58072,"2026-01-26","L","T18",2,"T18_L_2",2.5,1.83158121869951e-05,1,-4.73717381844036
"20260126_025",290.33664,"2026-01-26","T","T18",3,"T18_T_3",2.5,2.11671308617749e-05,1,-4.67433800524673
"20260126_026",131.63568,"2026-01-26","C","T18",3,"T18_C_3",2.5,3.95191059288351e-05,1,-4.40319288935176
"20260126_028",179.41,"2026-01-26","L","T18",1,"T18_L_1",2.5,3.15227683737318e-05,1,-4.50137564915708
"20260126_029",25.63,"2026-01-26","C","T18",2,"T18_C_2",2.5,1.49467584094474e-07,1,-6.82545298510129
"20260126_031",25.63,"2026-01-26","C","T18",1,"T18_C_1",2.5,7.68179675626953e-06,1,-5.11453718751168
"20260126_032",86.93696,"2026-01-26","L","T18",3,"T18_L_3",2.5,1.42698554134264e-05,1,-4.84558042726862
"20260126_034",189.25192,"2026-01-26","D","T18",1,"T18_D_1",2.5,5.6739576806527e-05,1,-4.24611390772373
"20260126_035",424.02272,"2026-01-26","T","T18",2,"T18_T_2",2.5,2.77586686627184e-05,1,-4.55660136697439
"20260126_036",177.3596,"2026-01-26","T","T18",1,"T18_T_1",2.5,1.24582823463625e-05,1,-4.90454183078426
"20260126_038",804.57696,"2026-01-26","T","T21",3,"T21_T_3",2.5,4.36834203832617e-05,1,-4.35968336399792
"20260126_039",39.61,"2026-01-26","P","T21",2,"T21_P_2",2.5,5.13946540931556e-05,1,-4.28908205257256
"20260126_040",213.03656,"2026-01-26","L","T21",2,"T21_L_2",2.5,3.47395898186049e-05,1,-4.45917531371184
"20260126_041",51.26,"2026-01-26","C","T21",2,"T21_C_2",2.5,2.17116575875204e-05,1,-4.66330701884715
"20260126_042",753.72704,"2026-01-26","T","T21",2,"T21_T_2",2.5,3.81329704818429e-05,1,-4.41869936274036
"20260126_043",50.64488,"2026-01-26","C","T21",1,"T21_C_1",2.5,2.37699976299232e-05,1,-4.62397086157478
"20260126_045",300.58864,"2026-01-26","L","T21",3,"T21_L_3",2.5,5.65440235523971e-05,1,-4.24761329127573
"20260126_046",343.442,"2026-01-26","T","T21",1,"T21_T_1",2.5,1.68046700986707e-05,1,-4.77457000897452
"20260126_047",271.26792,"2026-01-26","L","T21",1,"T21_L_1",2.5,6.02003272317423e-05,1,-4.2204011480353
"20260126_048",88.98736,"2026-01-26","D","T21",1,"T21_D_1",2.5,2.45679076573151e-05,1,-4.60963182893205
"20260126_050",42.85336,"2026-01-26","C","T21",3,"T21_C_3",2.5,1.91154063813331e-05,1,-4.71861646472345
"20260126_052",291.56688,"2026-01-26","S","T21",1,"T21_S_1",2.5,1.74756468939924e-05,1,-4.75756673905631
"20260126_053",169.36304,"2026-01-26","D","T21",2,"T21_D_2",2.5,4.23782559292554e-05,1,-4.37285692058149
"20260126_054",128.56008,"2026-01-26","D","T21",3,"T21_D_3",2.5,2.7402579992535e-05,1,-4.56220854580106
"20260126_055",670.68584,"2026-01-26","L","T24",1,"T24_L_1",2.5,0.0001335691166351,1,-3.87429394624244
"20260126_056",693.0352,"2026-01-26","T","T24",1,"T24_T_1",2.5,2.85819162467087e-05,1,-4.54390865771883
"20260126_057",45.8859677419355,"2026-01-26","C","T24",1,"T24_C_1",2.5,3.57942601718658e-05,1,-4.44618660954442
"20260126_059",44.3678991596639,"2026-01-26","S","T24",2,"T24_S_2",2.5,0.00047366108585944,1,-3.32453229374095
"20260126_060",29.641652173913,"2026-01-26","P","T24",2,"T24_P_2",2.5,1.86859781989619e-05,1,-4.72848416218194
"20260126_061",409.66992,"2026-01-26","T","T24",2,"T24_T_2",2.5,1.72762179930021e-05,1,-4.76255132461987
"20260126_062",61.1812903225807,"2026-01-26","P","T24",1,"T24_P_1",2.5,3.64429620465683e-05,1,-4.43838633125448
"20260126_063",100.67464,"2026-01-26","C","T24",3,"T24_C_3",2.5,5.06114417007821e-05,1,-4.2957512913461
"20260126_064",105.18552,"2026-01-26","D","T24",2,"T24_D_2",2.5,2.61314005085138e-05,1,-4.58283731370092
"20260126_065",579.44304,"2026-01-26","L","T24",3,"T24_L_3",2.5,0.00010874662518472,1,-3.96358421194938
"20260126_066",154.60016,"2026-01-26","D","T24",3,"T24_D_3",2.5,4.87049285328418e-05,1,-4.31242708957969
"20260126_067",499.2724,"2026-01-26","T","T24",3,"T24_T_3",2.5,2.25719442529854e-05,1,-4.64643103099861
"20260126_068",182.28056,"2026-01-26","D","T24",1,"T24_D_1",2.5,4.56551831285821e-05,1,-4.34050991087094
"20260126_069",630.498,"2026-01-26","L","T24",2,"T24_L_2",2.5,0.00011358254621588,1,-3.94468839982661
"20260126_070",83.86136,"2026-01-26","P","T24",3,"T24_P_3",2.5,7.91679341394761e-05,1,-4.10145068768037
"20260126_072",129.1752,"2026-01-26","C","T24",2,"T24_C_2",2.5,1.93668949072582e-05,1,-4.7129400040998
"20260126_073",83.0412,"2026-01-26","C","T27",1,"T27_C_1",2.5,5.76697229091954e-05,1,-4.2390521352771
"20260126_074",200.9392,"2026-01-26","D","T27",3,"T27_D_3",2.5,6.0811012499751e-05,1,-4.21601776554977
"20260126_076",482.8692,"2026-01-26","L","T27",2,"T27_L_2",2.5,9.72002089313367e-05,1,-4.01233280155902
"20260126_077",25.63,"2026-01-26","S","T27",1,"T27_S_1",2.5,7.61819241004862e-08,1,-7.11814806271116
"20260126_078",239.28168,"2026-01-26","D","T27",2,"T27_D_2",2.5,7.74264011365358e-05,1,-4.11111092674793
"20260126_079",3555.3936,"2026-01-26","T","T27",2,"T27_T_2",2.5,0.00016717264547079,1,-3.77683478486947
"20260126_080",98.4192,"2026-01-26","P","T27",3,"T27_P_3",2.5,0.00010348793744869,1,-3.98511026861065
"20260126_081",109.49136,"2026-01-26","C","T27",3,"T27_C_3",2.5,4.54874677350911e-05,1,-4.34210823945686
"20260126_082",25.63,"2026-01-26","S","T27",3,"T27_S_3",2.5,9.19584290840919e-07,1,-6.0364084563451
"20260126_083",297.51304,"2026-01-26","P","T27",2,"T27_P_2",2.5,0.00032263528275014,1,-3.49128814077282
"20260126_084",50.0198387096774,"2026-01-26","C","T27",2,"T27_C_2",2.5,2.16785452918931e-05,1,-4.66396986387259
"20260126_085",1256.8952,"2026-01-26","T","T27",1,"T27_T_1",2.5,5.77150522022065e-05,1,-4.23871090719363
"20260126_086",421.56224,"2026-01-26","D","T27",1,"T27_D_1",2.5,9.59823653749105e-05,1,-4.01780855158412
"20260126_087",852.14624,"2026-01-26","L","T27",3,"T27_L_3",2.5,0.00016736959142737,1,-3.77632344404237
"20260126_088",510.13952,"2026-01-26","L","T27",1,"T27_L_1",2.5,0.00010352175078907,1,-3.9849683917024
"20260126_089",139.22216,"2026-01-26","P","T27",1,"T27_P_1",2.5,0.00012354371070359,1,-3.90817935852778
"20260126_090",1958.74712,"2026-01-26","T","T27",3,"T27_T_3",2.5,9.04391239004838e-05,1,-4.04364365339245
"20260126_001",5,"2026-01-26","S","T15",3,"T15_S_3",2.5,0,1,-Inf
"20260126_013",10,"2026-01-26","P","T15",3,"T15_P_3",2.5,0,1,-Inf
"20260126_015",5,"2026-01-26","S","T15",2,"T15_S_2",2.5,0,1,-Inf
"20260126_019",5,"2026-01-26","S","T18",2,"T18_S_2",2.5,0,1,-Inf
"20260126_020",5,"2026-01-26","S","T18",1,"T18_S_1",2.5,0,1,-Inf
"20260126_024",5,"2026-01-26","S","T18",3,"T18_S_3",2.5,0,1,-Inf
"20260126_027",10,"2026-01-26","P","T18",1,"T18_P_1",2.5,0,1,-Inf
"20260126_030",50,"2026-01-26","D","T18",3,"T18_D_3",2.5,0,1,-Inf
"20260126_033",10,"2026-01-26","P","T18",3,"T18_P_3",2.5,0,1,-Inf
"20260126_037",5,"2026-01-26","S","T21",2,"T21_S_2",2.5,0,1,-Inf
"20260126_044",5,"2026-01-26","S","T21",3,"T21_S_3",2.5,0,1,-Inf
"20260126_049",10,"2026-01-26","P","T21",3,"T21_P_3",2.5,0,1,-Inf
"20260126_051",10,"2026-01-26","P","T21",1,"T21_P_1",2.5,0,1,-Inf
"20260126_058",5,"2026-01-26","S","T24",3,"T24_S_3",2.5,0,1,-Inf
"20260126_071",5,"2026-01-26","S","T24",1,"T24_S_1",2.5,0,1,-Inf
"20260126_075",5,"2026-01-26","S","T27",2,"T27_S_2",2.5,0,1,-Inf
"20260127_002",416.2312,"2026-01-27","D","T15",3,"T15_D_3",2.5,8.89884138202795e-05,2,-4.05066653427051
"20260127_003",47.0254782608696,"2026-01-27","S","T15",1,"T15_S_1",2.5,0.00051701343863866,2,-3.28649816821986
"20260127_004",47.56928,"2026-01-27","P","T15",2,"T15_P_2",2.5,4.38565052515909e-05,2,-4.35796597845922
"20260127_005",271.678,"2026-01-27","D","T15",1,"T15_D_1",2.5,5.05349831509456e-05,2,-4.29640787476289
"20260127_006",178.79488,"2026-01-27","T","T15",1,"T15_T_1",2.5,1.02079637849959e-05,2,-4.99106087937569
"20260127_007",84.68152,"2026-01-27","C","T15",2,"T15_C_2",2.5,5.09296022265709e-05,2,-4.29302971576335
"20260127_008",122.61392,"2026-01-27","C","T15",1,"T15_C_1",2.5,7.36806246973555e-05,2,-4.13264670065236
"20260127_009",55.3608,"2026-01-27","P","T15",1,"T15_P_1",2.5,4.57398065872023e-05,2,-4.33970567615884
"20260127_010",628.85768,"2026-01-27","L","T15",3,"T15_L_3",2.5,0.00011186544117609,2,-3.95130406025111
"20260127_011",687.70416,"2026-01-27","L","T15",1,"T15_L_1",2.5,0.00010740636639172,2,-3.96896997555593
"20260127_012",35.1618181818182,"2026-01-27","C","T15",3,"T15_C_3",2.5,2.40459336183347e-05,2,-4.61895835614811
"20260127_013",49.2096,"2026-01-27","P","T15",3,"T15_P_3",2.5,4.63074653309971e-05,2,-4.33434898974433
"20260127_014",362.9208,"2026-01-27","T","T15",2,"T15_T_2",2.5,1.93234715034868e-05,2,-4.71391484896745
"20260127_016",822.82552,"2026-01-27","T","T15",3,"T15_T_3",2.5,5.74351431215796e-05,2,-4.24082229238483
"20260127_017",634.39376,"2026-01-27","D","T15",2,"T15_D_2",2.5,0.00013255334437664,2,-3.87760931036018
"20260127_018",587.23456,"2026-01-27","L","T15",2,"T15_L_2",2.5,0.00012253868806615,2,-3.91172677365872
"20260127_019",39.4784677419355,"2026-01-27","S","T18",2,"T18_S_2",2.5,0.00053667850704728,2,-3.27028579703209
"20260127_020",29.9016666666667,"2026-01-27","S","T18",1,"T18_S_1",2.5,1.57479734692031e-07,2,-6.80277532554223
"20260127_021",490.0456,"2026-01-27","D","T18",2,"T18_D_2",2.5,0.00010764459514467,2,-3.96800777130054
"20260127_022",74.22448,"2026-01-27","P","T18",2,"T18_P_2",2.5,9.93602251239817e-05,2,-4.00278743316999
"20260127_023",2566.89576,"2026-01-27","L","T18",2,"T18_L_2",2.5,0.00040460138988352,2,-3.39297262967765
"20260127_025",3032.74664,"2026-01-27","T","T18",3,"T18_T_3",2.5,0.00016361695074279,2,-3.78617170535472
"20260127_026",101.08472,"2026-01-27","C","T18",3,"T18_C_3",2.5,6.50410252200531e-05,2,-4.18681262172053
"20260127_027",71.96904,"2026-01-27","P","T18",1,"T18_P_1",2.5,7.98279776875407e-05,2,-4.09784487273655
"20260127_028",1847.20536,"2026-01-27","L","T18",1,"T18_L_1",2.5,0.00031298012463818,2,-3.50448324083704
"20260127_029",52.90032,"2026-01-27","C","T18",2,"T18_C_2",2.5,2.62022436454737e-05,2,-4.58166151932417
"20260127_030",859.73272,"2026-01-27","D","T18",3,"T18_D_3",2.5,0.00018714150774097,2,-3.72782987586944
"20260127_031",194.788,"2026-01-27","C","T18",1,"T18_C_1",2.5,0.00010546749679593,2,-3.97688136157096
"20260127_032",2035.84216,"2026-01-27","L","T18",3,"T18_L_3",2.5,0.0003444520279641,2,-3.46287125399203
"20260127_033",90.62768,"2026-01-27","P","T18",3,"T18_P_3",2.5,9.1850517697843e-05,2,-4.03691839153364
"20260127_034",889.8736,"2026-01-27","D","T18",1,"T18_D_1",2.5,0.00020005385997332,2,-3.69885306463519
"20260127_035",1136.53672,"2026-01-27","T","T18",2,"T18_T_2",2.5,5.72624638087881e-05,2,-4.24212996970001
"20260127_036",822.00536,"2026-01-27","T","T18",1,"T18_T_1",2.5,3.52236809530238e-05,2,-4.45316526125761
"20260127_038",990.54824,"2026-01-27","T","T21",3,"T21_T_3",2.5,4.2762524816922e-05,2,-4.36893666076715
"20260127_039",342.4168,"2026-01-27","P","T21",2,"T21_P_2",2.5,0.0003242934365174,2,-3.48906184106838
"20260127_040",5084.992,"2026-01-27","L","T21",2,"T21_L_2",2.5,0.00040541922313801,2,-3.39209566288318
"20260127_041",168.74792,"2026-01-27","C","T21",2,"T21_C_2",2.5,0.00013105800664945,2,-3.88253644181043
"20260127_042",674.99168,"2026-01-27","T","T21",2,"T21_T_2",2.5,2.88500823783733e-05,2,-4.5398529424243
"20260127_043",89.80752,"2026-01-27","C","T21",1,"T21_C_1",2.5,6.17521829844306e-05,2,-4.20934768517219
"20260127_044",25.63,"2026-01-27","S","T21",3,"T21_S_3",2.5,4.28153795196272e-07,2,-6.36840020199723
"20260127_045",5810.42352,"2026-01-27","L","T21",3,"T21_L_3",2.5,0.0003261888988,2,-3.48653082340593
"20260127_046",825.90112,"2026-01-27","T","T21",1,"T21_T_1",2.5,3.81384005777358e-05,2,-4.41863752405427
"20260127_047",4886.30824,"2026-01-27","L","T21",1,"T21_L_1",2.5,0.00037806431838014,2,-3.42243430931257
"20260127_048",2128.11016,"2026-01-27","D","T21",1,"T21_D_1",2.5,0.0003984433109562,2,-3.39963345968876
"20260127_049",171.41344,"2026-01-27","P","T21",3,"T21_P_3",2.5,0.00016108002404154,2,-3.79295831424522
"20260127_050",124.0492,"2026-01-27","C","T21",3,"T21_C_3",2.5,9.25393945383576e-05,2,-4.03367334630479
"20260127_051",206.0652,"2026-01-27","P","T21",1,"T21_P_1",2.5,0.00023012886686101,2,-3.63802890096576
"20260127_053",1576.14248,"2026-01-27","D","T21",2,"T21_D_2",2.5,0.00033735471140667,2,-3.47191322022447
"20260127_054",1421.33728,"2026-01-27","D","T21",3,"T21_D_3",2.5,0.00030284627236564,2,-3.51877776755457
"20260127_055",5955.79688,"2026-01-27","L","T24",1,"T24_L_1",2.5,0.00031239706536532,2,-3.50529305450547
"20260127_056",838.40856,"2026-01-27","T","T24",1,"T24_T_1",2.5,3.33398219110257e-05,2,-4.47703672434201
"20260127_057",136.76168,"2026-01-27","C","T24",1,"T24_C_1",2.5,0.00010560854639249,2,-3.97630093501327
"20260127_058",25.63,"2026-01-27","S","T24",3,"T24_S_3",2.5,0.00052299843855273,2,-3.28149960774639
"20260127_060",566.32048,"2026-01-27","P","T24",2,"T24_P_2",2.5,0.00047640035782294,2,-3.3220279209918
"20260127_061",1057.18624,"2026-01-27","T","T24",2,"T24_T_2",2.5,4.49060065866368e-05,2,-4.34769556427597
"20260127_062",454.77872,"2026-01-27","P","T24",1,"T24_P_1",2.5,0.00039106593404535,2,-3.40775001401589
"20260127_063",197.45352,"2026-01-27","C","T24",3,"T24_C_3",2.5,0.00012726912807092,2,-3.8952769312596
"20260127_064",2483.85456,"2026-01-27","D","T24",2,"T24_D_2",2.5,0.00039390734514001,2,-3.40460592088156
"20260127_065",5295.97816,"2026-01-27","L","T24",3,"T24_L_3",2.5,0.00022710504490117,2,-3.64377321827518
"20260127_066",4158.41624,"2026-01-27","D","T24",3,"T24_D_3",2.5,0.00059264877668277,2,-3.22720260771182
"20260127_067",710.4636,"2026-01-27","T","T24",3,"T24_T_3",2.5,3.06189563231018e-05,2,-4.51400961673517
"20260127_068",3766.17472,"2026-01-27","D","T24",1,"T24_D_1",2.5,0.00054720463676843,2,-3.26185023125429
"20260127_069",6379.8196,"2026-01-27","L","T24",2,"T24_L_2",2.5,0.00032369098706815,2,-3.48986939303197
"20260127_070",455.59888,"2026-01-27","P","T24",3,"T24_P_3",2.5,0.00043695504687218,2,-3.35956324014528
"20260127_072",101.90488,"2026-01-27","C","T24",2,"T24_C_2",2.5,8.44638416906697e-05,2,-4.07332916933408
"20260127_073",25.63,"2026-01-27","C","T27",1,"T27_C_1",2.5,1.14793521764647e-06,2,-5.9400826201371
"20260127_074",3635.56424,"2026-01-27","D","T27",3,"T27_D_3",2.5,0.00049412321638184,2,-3.30616474030275
"20260127_076",4641.49048,"2026-01-27","L","T27",2,"T27_L_2",2.5,0.00021788957470838,2,-3.66176354880348
"20260127_078",3625.1072,"2026-01-27","D","T27",2,"T27_D_2",2.5,0.00041783143528976,2,-3.37899888924965
"20260127_079",10235.80184,"2026-01-27","T","T27",2,"T27_T_2",2.5,0.00032672475100848,2,-3.48581796433313
"20260127_080",723.7912,"2026-01-27","P","T27",3,"T27_P_3",2.5,0.0004048001196262,2,-3.39275936782589
"20260127_083",751.67664,"2026-01-27","P","T27",2,"T27_P_2",2.5,0.00039574443743089,2,-3.40258518084981
"20260127_084",25.63,"2026-01-27","C","T27",2,"T27_C_2",2.5,1.62158410735581e-05,2,-4.79006052068006
"20260127_085",5844.87024,"2026-01-27","T","T27",1,"T27_T_1",2.5,0.00024244356410795,2,-3.61538934015024
"20260127_086",3552.72808,"2026-01-27","D","T27",1,"T27_D_1",2.5,0.00035883019385501,2,-3.44511102027426
"20260127_087",5321.19808,"2026-01-27","L","T27",3,"T27_L_3",2.5,0.00025579284121027,2,-3.59211161414346
"20260127_088",4714.8948,"2026-01-27","L","T27",1,"T27_L_1",2.5,0.00021012371065777,2,-3.67752493842307
"20260127_089",676.42696,"2026-01-27","P","T27",1,"T27_P_1",2.5,0.00037469405610373,2,-3.42632319620918
"20260127_090",7471.86264,"2026-01-27","T","T27",3,"T27_T_3",2.5,0.00026166656619766,2,-3.58225176472528
"20260127_001",5,"2026-01-27","S","T15",3,"T15_S_3",2.5,0,2,-Inf
"20260127_015",5,"2026-01-27","S","T15",2,"T15_S_2",2.5,0,2,-Inf
"20260127_024",5,"2026-01-27","S","T18",3,"T18_S_3",2.5,0,2,-Inf
"20260127_037",5,"2026-01-27","S","T21",2,"T21_S_2",2.5,0,2,-Inf
"20260127_052",5,"2026-01-27","S","T21",1,"T21_S_1",2.5,0,2,-Inf
"20260127_059",5,"2026-01-27","S","T24",2,"T24_S_2",2.5,0,2,-Inf
"20260127_071",5,"2026-01-27","S","T24",1,"T24_S_1",2.5,0,2,-Inf
"20260127_075",5,"2026-01-27","S","T27",2,"T27_S_2",2.5,0,2,-Inf
"20260127_077",5,"2026-01-27","S","T27",1,"T27_S_1",2.5,0,2,-Inf
"20260127_081",20,"2026-01-27","C","T27",3,"T27_C_3",2.5,0,2,-Inf
"20260127_082",5,"2026-01-27","S","T27",3,"T27_S_3",2.5,0,2,-Inf
"20260128_002",1932.91208,"2026-01-28","D","T15",3,"T15_D_3",2.5,0.00034355585507727,3,-3.46400264556266
"20260128_003",33.0709677419355,"2026-01-28","S","T15",1,"T15_S_1",2.5,1.35292377588507e-06,3,-5.86872667098924
"20260128_004",68.07328,"2026-01-28","P","T15",2,"T15_P_2",2.5,5.71887556349841e-05,3,-4.24268935312529
"20260128_005",1522.62704,"2026-01-28","D","T15",1,"T15_D_1",2.5,0.00028323419452754,3,-3.54785431596057
"20260128_006",1065.1828,"2026-01-28","T","T15",1,"T15_T_1",2.5,5.46735828709434e-05,3,-4.2622224649763
"20260128_007",215.70208,"2026-01-28","C","T15",2,"T15_C_2",2.5,0.00013327186425326,3,-3.87526152717499
"20260128_008",162.80176,"2026-01-28","C","T15",1,"T15_C_1",2.5,0.00012095233763116,3,-3.91738573366421
"20260128_009",137.78688,"2026-01-28","P","T15",1,"T15_P_1",2.5,0.00020201097535025,3,-3.69462503449118
"20260128_010",3679.85288,"2026-01-28","L","T15",3,"T15_L_3",2.5,0.00036438219727565,3,-3.43844284962939
"20260128_011",3856.39232,"2026-01-28","L","T15",1,"T15_L_1",2.5,0.00036688131319316,3,-3.43547440812351
"20260128_012",66.638,"2026-01-28","C","T15",3,"T15_C_3",2.5,4.89329541181993e-05,3,-4.31039856477336
"20260128_013",95.75368,"2026-01-28","P","T15",3,"T15_P_3",2.5,0.00010414980049383,3,-3.98234155763665
"20260128_014",1250.12888,"2026-01-28","T","T15",2,"T15_T_2",2.5,6.11225213367708e-05,3,-4.21379873918267
"20260128_015",34.7025663716814,"2026-01-28","S","T15",2,"T15_S_2",2.5,0.00028931349817782,3,-3.53863130348514
"20260128_016",2254.00472,"2026-01-28","T","T15",3,"T15_T_3",2.5,0.00015103054850927,3,-3.82093520034145
"20260128_017",2194.13304,"2026-01-28","D","T15",2,"T15_D_2",2.5,0.00037460195780045,3,-3.42642995718046
"20260128_018",4393.18704,"2026-01-28","L","T15",2,"T15_L_2",2.5,0.00042965546358513,3,-3.36687966126057
"20260128_021",4341.51696,"2026-01-28","D","T18",2,"T18_D_2",2.5,0.00047560069085422,3,-3.32275752319978
"20260128_022",320.06744,"2026-01-28","P","T18",2,"T18_P_2",2.5,0.00020900257376521,3,-3.67984836573035
"20260128_023",7555.10888,"2026-01-28","L","T18",2,"T18_L_2",2.5,0.00026508139996167,3,-3.57662074445629
"20260128_025",5299.46384,"2026-01-28","T","T18",3,"T18_T_3",2.5,0.00022268071992795,3,-3.65231738328646
"20260128_026",202.16944,"2026-01-28","C","T18",3,"T18_C_3",2.5,0.00015127428406237,3,-3.82023489378141
"20260128_027",208.73072,"2026-01-28","P","T18",1,"T18_P_1",2.5,0.00024251103950831,3,-3.61526848680021
"20260128_028",6450.14832,"2026-01-28","L","T18",1,"T18_L_1",2.5,0.00023627881416017,3,-3.62657521745277
"20260128_029",315.14648,"2026-01-28","C","T18",2,"T18_C_2",2.5,0.00027061938131494,3,-3.56764110316814
"20260128_030",4778.66224,"2026-01-28","D","T18",3,"T18_D_3",2.5,0.00050470652480857,3,-3.29696108070313
"20260128_031",209.96096,"2026-01-28","C","T18",1,"T18_C_1",2.5,0.00013219365534717,3,-3.8787893883741
"20260128_032",6799.1264,"2026-01-28","L","T18",3,"T18_L_3",2.5,0.00026940237773739,3,-3.56959857552591
"20260128_033",255.68488,"2026-01-28","P","T18",3,"T18_P_3",2.5,0.00027870340560936,3,-3.55485772440361
"20260128_034",5086.0172,"2026-01-28","D","T18",1,"T18_D_1",2.5,0.00048469224134041,3,-3.31453393214441
"20260128_035",3678.62264,"2026-01-28","T","T18",2,"T18_T_2",2.5,0.00020340767669553,3,-3.69163266063847
"20260128_036",1963.258,"2026-01-28","T","T18",1,"T18_T_1",2.5,8.85409141426379e-05,3,-4.05285599845098
"20260128_038",1505.60872,"2026-01-28","T","T21",3,"T21_T_3",2.5,6.83724507278904e-05,3,-4.16511885305997
"20260128_039",603.02264,"2026-01-28","P","T21",2,"T21_P_2",2.5,0.00034801493112275,3,-3.45840212282034
"20260128_040",4621.80664,"2026-01-28","L","T21",2,"T21_L_2",2.5,0.00015773769728581,3,-3.80206450345779
"20260128_041",214.88192,"2026-01-28","C","T21",2,"T21_C_2",2.5,0.00018176542785904,3,-3.7404887169218
"20260128_042",2217.09752,"2026-01-28","T","T21",2,"T21_T_2",2.5,8.90503290946481e-05,3,-4.05036447121786
"20260128_043",365.58632,"2026-01-28","C","T21",1,"T21_C_1",2.5,0.00029459101354472,3,-3.53078050538024
"20260128_044",59.66664,"2026-01-28","S","T21",3,"T21_S_3",2.5,0.00050916450533609,3,-3.29314187931918
"20260128_045",6122.90448,"2026-01-28","L","T21",3,"T21_L_3",2.5,0.00020873285438269,3,-3.68040918795359
"20260128_046",1935.5776,"2026-01-28","T","T21",1,"T21_T_1",2.5,8.42144431736156e-05,3,-4.07461341856351
"20260128_047",7786.59904,"2026-01-28","L","T21",1,"T21_L_1",2.5,0.00029211659079638,3,-3.53444377651943
"20260128_048",7170.86392,"2026-01-28","D","T21",1,"T21_D_1",2.5,0.00055793891932002,3,-3.25341334309511
"20260128_049",994.03392,"2026-01-28","P","T21",3,"T21_P_3",2.5,0.00064810267456947,3,-3.18835618631052
"20260128_050",812.36848,"2026-01-28","C","T21",3,"T21_C_3",2.5,0.00033640038922592,3,-3.47314351038134
"20260128_051",475.6928,"2026-01-28","P","T21",1,"T21_P_1",2.5,0.00027231700501523,3,-3.56492523800749
"20260128_052",29.824,"2026-01-28","S","T21",1,"T21_S_1",2.5,3.47414388242078e-07,3,-6.4591521991165
"20260128_053",8501.77856,"2026-01-28","D","T21",2,"T21_D_2",2.5,0.00075210850446888,3,-3.12371950050837
"20260128_054",5672.4316,"2026-01-28","D","T21",3,"T21_D_3",2.5,0.00054373804625034,3,-3.26461027763194
"20260128_055",5747.47624,"2026-01-28","L","T24",1,"T24_L_1",2.5,0.0002338433564524,3,-3.63107496399387
"20260128_056",1537.8,"2026-01-28","T","T24",1,"T24_T_1",2.5,6.99393977195976e-05,3,-4.15527811192071
"20260128_057",367.84176,"2026-01-28","C","T24",1,"T24_C_1",2.5,0.00028693281627456,3,-3.54221977900414
"20260128_058",25.63,"2026-01-28","S","T24",3,"T24_S_3",2.5,2.97887269443451e-05,3,-4.52594805646471
"20260128_059",27.9409016393443,"2026-01-28","S","T24",2,"T24_S_2",2.5,0.0002700865476343,3,-3.56849704644448
"20260128_060",1104.34544,"2026-01-28","P","T24",2,"T24_P_2",2.5,0.00066139267999631,3,-3.1795406159763
"20260128_061",2986.20256,"2026-01-28","T","T24",2,"T24_T_2",2.5,0.00015118824008818,3,-3.82048198835489
"20260128_062",1309.38544,"2026-01-28","P","T24",1,"T24_P_1",2.5,0.00072814007642071,3,-3.13778506496628
"20260128_063",294.02736,"2026-01-28","C","T24",3,"T24_C_3",2.5,0.00030216994552073,3,-3.51974873372167
"20260128_064",6339.42672,"2026-01-28","D","T24",2,"T24_D_2",2.5,0.00038651992774526,3,-3.41282811031823
"20260128_065",5378.60928,"2026-01-28","L","T24",3,"T24_L_3",2.5,0.00019578114712496,3,-3.70822913119379
"20260128_066",6713.62472,"2026-01-28","D","T24",3,"T24_D_3",2.5,0.00045096329913648,3,-3.34585880098473
"20260128_067",2559.51432,"2026-01-28","T","T24",3,"T24_T_3",2.5,0.00011768483389214,3,-3.92927950131412
"20260128_068",6848.13096,"2026-01-28","D","T24",1,"T24_D_1",2.5,0.00052394868578691,3,-3.28071124464002
"20260128_069",5635.72944,"2026-01-28","L","T24",2,"T24_L_2",2.5,0.00022737925936366,3,-3.64324915246586
"20260128_070",1123.6192,"2026-01-28","P","T24",3,"T24_P_3",2.5,0.00065824900304902,3,-3.18160978998207
"20260128_071",25.63,"2026-01-28","S","T24",1,"T24_S_1",2.5,3.98660863698297e-07,3,-6.39939639667802
"20260128_072",383.62984,"2026-01-28","C","T24",2,"T24_C_2",2.5,0.0003448870125852,3,-3.46232315955775
"20260128_073",25.63,"2026-01-28","C","T27",1,"T27_C_1",2.5,1.31927983041561e-05,3,-4.87966307714824
"20260128_074",7058.502,"2026-01-28","D","T27",3,"T27_D_3",2.5,0.00049102594634858,3,-3.30889555867481
"20260128_076",6445.84248,"2026-01-28","L","T27",2,"T27_L_2",2.5,0.00023946610560748,3,-3.62075594859324
"20260128_078",7470.22232,"2026-01-28","D","T27",2,"T27_D_2",2.5,0.00046777920415198,3,-3.32995908933061
"20260128_079",7993.07432,"2026-01-28","T","T27",2,"T27_T_2",2.5,0.00025084872970382,3,-3.60058809389482
"20260128_080",1251.15408,"2026-01-28","P","T27",3,"T27_P_3",2.5,0.00059454998583593,3,-3.22581162689872
"20260128_081",73.40432,"2026-01-28","C","T27",3,"T27_C_3",2.5,2.96140195265509e-05,3,-4.5285026415899
"20260128_083",1096.75896,"2026-01-28","P","T27",2,"T27_P_2",2.5,0.00061134673911222,3,-3.21371239995279
"20260128_084",50.02976,"2026-01-28","C","T27",2,"T27_C_2",2.5,2.61164735274301e-05,3,-4.58308546564249
"20260128_085",6562.92032,"2026-01-28","T","T27",1,"T27_T_1",2.5,0.0002138165472418,3,-3.66995868781891
"20260128_086",6136.8472,"2026-01-28","D","T27",1,"T27_D_1",2.5,0.00041214533596847,3,-3.38494961047421
"20260128_087",6192.208,"2026-01-28","L","T27",3,"T27_L_3",2.5,0.00022433010179657,3,-3.64911244658198
"20260128_088",5894.9,"2026-01-28","L","T27",1,"T27_L_1",2.5,0.00020027431072369,3,-3.69837475428332
"20260128_089",859.32264,"2026-01-28","P","T27",1,"T27_P_1",2.5,0.00044638063150659,3,-3.35029465773602
"20260128_090",7748.4616,"2026-01-28","T","T27",3,"T27_T_3",2.5,0.00025135690928053,3,-3.59970917241654
"20260128_001",5,"2026-01-28","S","T15",3,"T15_S_3",2.5,0,3,-Inf
"20260128_019",5,"2026-01-28","S","T18",2,"T18_S_2",2.5,0,3,-Inf
"20260128_020",5,"2026-01-28","S","T18",1,"T18_S_1",2.5,0,3,-Inf
"20260128_024",5,"2026-01-28","S","T18",3,"T18_S_3",2.5,0,3,-Inf
"20260128_037",5,"2026-01-28","S","T21",2,"T21_S_2",2.5,0,3,-Inf
"20260128_075",5,"2026-01-28","S","T27",2,"T27_S_2",2.5,0,3,-Inf
"20260128_077",5,"2026-01-28","S","T27",1,"T27_S_1",2.5,0,3,-Inf
"20260128_082",5,"2026-01-28","S","T27",3,"T27_S_3",2.5,0,3,-Inf
"20260129_002",6831.31768,"2026-01-29","D","T15",3,"T15_D_3",2.5,0.00016221303180003,4,-3.78991425856201
"20260129_004",296.07776,"2026-01-29","P","T15",2,"T15_P_2",2.5,9.50461794839545e-05,4,-4.02206533553061
"20260129_005",5961.33296,"2026-01-29","D","T15",1,"T15_D_1",2.5,0.00016100823586696,4,-3.79315190843962
"20260129_006",4126.63504,"2026-01-29","T","T15",1,"T15_T_1",2.5,9.90343430564251e-05,4,-4.00421417496314
"20260129_007",287.26104,"2026-01-29","C","T15",2,"T15_C_2",2.5,5.79128428732861e-05,4,-4.23722511553845
"20260129_008",321.70776,"2026-01-29","C","T15",1,"T15_C_1",2.5,7.53616323307812e-05,4,-4.12284970330736
"20260129_009",275.7788,"2026-01-29","P","T15",1,"T15_P_1",2.5,9.36601266427232e-05,4,-4.02844525932141
"20260129_010",7512.6656,"2026-01-29","L","T15",3,"T15_L_3",2.5,8.77518860791466e-05,4,-4.05674354033265
"20260129_011",4832.38272,"2026-01-29","L","T15",1,"T15_L_1",2.5,5.55843724844447e-05,4,-4.25504729290994
"20260129_012",394.702,"2026-01-29","C","T15",3,"T15_C_3",2.5,9.31685644434704e-05,4,-4.03073059614016
"20260129_013",198.06864,"2026-01-29","P","T15",3,"T15_P_3",2.5,8.60196382617804e-05,4,-4.06540238811584
"20260129_014",3694.41072,"2026-01-29","T","T15",2,"T15_T_2",2.5,7.64836575928768e-05,4,-4.11643135145344
"20260129_015",25.63,"2026-01-29","S","T15",2,"T15_S_2",2.5,2.93200646969686e-08,4,-7.53283507572581
"20260129_016",5738.45448,"2026-01-29","T","T15",3,"T15_T_3",2.5,0.0001058281530215,4,-3.9753987833837
"20260129_017",5976.50592,"2026-01-29","D","T15",2,"T15_D_2",2.5,0.00013392256139661,4,-3.87314625297555
"20260129_018",7871.89568,"2026-01-29","L","T15",2,"T15_L_2",2.5,0.00010498451700656,4,-3.97887474544841
"20260129_021",8105.43624,"2026-01-29","D","T18",2,"T18_D_2",2.5,0.00013909500507932,4,-3.85668846530226
"20260129_022",262.04112,"2026-01-29","P","T18",2,"T18_P_2",2.5,6.02909190586035e-05,4,-4.21974809581556
"20260129_023",6855.92248,"2026-01-29","L","T18",2,"T18_L_2",2.5,7.97648654556364e-05,4,-4.09818836302027
"20260129_025",4400.56848,"2026-01-29","T","T18",3,"T18_T_3",2.5,6.91795830011931e-05,4,-4.16002206014222
"20260129_026",182.4856,"2026-01-29","C","T18",3,"T18_C_3",2.5,3.42351009159603e-05,4,-4.4655283876103
"20260129_027",603.22768,"2026-01-29","P","T18",1,"T18_P_1",2.5,0.00012762092389621,4,-3.89407811567998
"20260129_028",6869.66016,"2026-01-29","L","T18",1,"T18_L_1",2.5,8.14734931239493e-05,4,-4.08898366319182
"20260129_029",446.37208,"2026-01-29","C","T18",2,"T18_C_2",2.5,9.30517473815843e-05,4,-4.03127546701409
"20260129_030",5486.8704,"2026-01-29","D","T18",3,"T18_D_3",2.5,8.75936002576179e-05,4,-4.05752762299097
"20260129_031",471.79704,"2026-01-29","C","T18",1,"T18_C_1",2.5,9.15448542588267e-05,4,-4.03836606239236
"20260129_032",3934.7176,"2026-01-29","L","T18",3,"T18_L_3",2.5,4.52265144560704e-05,4,-4.34460688142996
"20260129_033",589.49,"2026-01-29","P","T18",3,"T18_P_3",2.5,0.0001250494598996,4,-3.90291817968822
"20260129_034",5468.00672,"2026-01-29","D","T18",1,"T18_D_1",2.5,9.17509083096191e-05,4,-4.03738962765459
"20260129_035",5154.29552,"2026-01-29","T","T18",2,"T18_T_2",2.5,7.06199283273112e-05,4,-4.15107272754139
"20260129_036",5247.9988,"2026-01-29","T","T18",1,"T18_T_1",2.5,6.96837667515671e-05,4,-4.15686838160536
"20260129_038",2783.21296,"2026-01-29","T","T21",3,"T21_T_3",2.5,3.66018509129279e-05,4,-4.43649695228466
"20260129_039",717.64,"2026-01-29","P","T21",2,"T21_P_2",2.5,0.00013860811395279,4,-3.85821134590184
"20260129_040",4568.2912,"2026-01-29","L","T21",2,"T21_L_2",2.5,5.10735096765611e-05,4,-4.29180429721023
"20260129_041",559.14408,"2026-01-29","C","T21",2,"T21_C_2",2.5,0.00012560018413439,4,-3.90100972390702
"20260129_042",2812.1236,"2026-01-29","T","T21",2,"T21_T_2",2.5,3.62554260303536e-05,4,-4.44062698719797
"20260129_043",326.0136,"2026-01-29","C","T21",1,"T21_C_1",2.5,7.6390680175733e-05,4,-4.11695962303617
"20260129_045",7989.99872,"2026-01-29","L","T21",3,"T21_L_3",2.5,8.56379058618706e-05,4,-4.06733396122526
"20260129_046",2660.394,"2026-01-29","T","T21",1,"T21_T_1",2.5,3.60374234304172e-05,4,-4.44324626735872
"20260129_047",6830.9076,"2026-01-29","L","T21",1,"T21_L_1",2.5,8.55933588902093e-05,4,-4.06755993052406
"20260129_048",4028.21584,"2026-01-29","D","T21",1,"T21_D_1",2.5,8.15053657825869e-05,4,-4.08881379919794
"20260129_049",639.92984,"2026-01-29","P","T21",3,"T21_P_3",2.5,0.00013234060369186,4,-3.87830688858735
"20260129_050",341.80168,"2026-01-29","C","T21",3,"T21_C_3",2.5,7.49703630752299e-05,4,-4.12511038589676
"20260129_051",723.17608,"2026-01-29","P","T21",1,"T21_P_1",2.5,0.00013141280975801,4,-3.88136229888532
"20260129_053",7107.09648,"2026-01-29","D","T21",2,"T21_D_2",2.5,0.0001391577528821,4,-3.85649259285046
"20260129_054",4984.72744,"2026-01-29","D","T21",3,"T21_D_3",2.5,9.54725548345931e-05,4,-4.02012145560918
"20260129_055",5527.8784,"2026-01-29","L","T24",1,"T24_L_1",2.5,6.51629659527448e-05,4,-4.18599915659809
"20260129_056",3633.51384,"2026-01-29","T","T24",1,"T24_T_1",2.5,5.06273790233101e-05,4,-4.29561455543317
"20260129_057",291.1568,"2026-01-29","C","T24",1,"T24_C_1",2.5,6.51503782934373e-05,4,-4.18608305822806
"20260129_059",57.9279674796748,"2026-01-29","S","T24",2,"T24_S_2",2.5,3.2947251094181e-06,4,-5.48218081428484
"20260129_060",748.60104,"2026-01-29","P","T24",2,"T24_P_2",2.5,0.00012957094534341,4,-3.88749237262955
"20260129_061",4073.52968,"2026-01-29","T","T24",2,"T24_T_2",2.5,5.5501852642181e-05,4,-4.25569251996115
"20260129_062",975.58032,"2026-01-29","P","T24",1,"T24_P_1",2.5,0.00018080626890696,4,-3.74278651576054
"20260129_063",351.43856,"2026-01-29","C","T24",3,"T24_C_3",2.5,7.63711542507932e-05,4,-4.11707064555084
"20260129_064",5102.21536,"2026-01-29","D","T24",2,"T24_D_2",2.5,8.98636770425279e-05,4,-4.04641581491495
"20260129_065",7246.52368,"2026-01-29","L","T24",3,"T24_L_3",2.5,8.33125636421632e-05,4,-4.07928950148597
"20260129_066",4750.36672,"2026-01-29","D","T24",3,"T24_D_3",2.5,9.15708599657167e-05,4,-4.03824270722185
"20260129_067",2774.39624,"2026-01-29","T","T24",3,"T24_T_3",2.5,3.82028630269848e-05,4,-4.417904088653
"20260129_068",5923.19552,"2026-01-29","D","T24",1,"T24_D_1",2.5,0.00010580427331833,4,-3.97549679126973
"20260129_069",7624.20736,"2026-01-29","L","T24",2,"T24_L_2",2.5,8.9394760864128e-05,4,-4.04868793304382
"20260129_070",1291.34192,"2026-01-29","P","T24",3,"T24_P_3",2.5,0.00017839082444977,4,-3.74862748736636
"20260129_072",389.78104,"2026-01-29","C","T24",2,"T24_C_2",2.5,9.61915757572644e-05,4,-4.0168629608347
"20260129_073",25.63,"2026-01-29","C","T27",1,"T27_C_1",2.5,4.87245684034295e-06,4,-5.31225199912341
"20260129_074",5091.96336,"2026-01-29","D","T27",3,"T27_D_3",2.5,9.8100741049086e-05,4,-4.00832771196446
"20260129_076",4929.77672,"2026-01-29","L","T27",2,"T27_L_2",2.5,4.81267836435847e-05,4,-4.31761316164527
"20260129_078",4701.15712,"2026-01-29","D","T27",2,"T27_D_2",2.5,8.48430762960963e-05,4,-4.07138359293485
"20260129_079",7937.0984,"2026-01-29","T","T27",2,"T27_T_2",2.5,6.6514079846612e-05,4,-4.17708641255484
"20260129_080",1112.75208,"2026-01-29","P","T27",3,"T27_P_3",2.5,0.00016642021294047,4,-3.7787939266307
"20260129_081",54.74568,"2026-01-29","C","T27",3,"T27_C_3",2.5,6.82871175171599e-06,4,-5.16566121899652
"20260129_083",989.93312,"2026-01-29","P","T27",2,"T27_P_2",2.5,0.00016822805062321,4,-3.77410158752042
"20260129_084",25.63,"2026-01-29","C","T27",2,"T27_C_2",2.5,2.41667353459693e-06,4,-5.61678201392799
"20260129_085",9086.96272,"2026-01-29","T","T27",1,"T27_T_1",2.5,8.08637172559181e-05,4,-4.09224629829017
"20260129_086",5488.51072,"2026-01-29","D","T27",1,"T27_D_1",2.5,0.00010350029262565,4,-3.98505842232759
"20260129_087",6038.428,"2026-01-29","L","T27",3,"T27_L_3",2.5,6.37884197718903e-05,4,-4.19525815647705
"20260129_088",5495.68712,"2026-01-29","L","T27",1,"T27_L_1",2.5,5.25330725055314e-05,4,-4.27956719784194
"20260129_089",575.34224,"2026-01-29","P","T27",1,"T27_P_1",2.5,9.00499010191606e-05,4,-4.04551676021098
"20260129_090",4453.67384,"2026-01-29","T","T27",3,"T27_T_3",2.5,3.68907409113936e-05,4,-4.43308262234168
"20260129_001",5,"2026-01-29","S","T15",3,"T15_S_3",2.5,0,4,-Inf
"20260129_003",5,"2026-01-29","S","T15",1,"T15_S_1",2.5,0,4,-Inf
"20260129_019",5,"2026-01-29","S","T18",2,"T18_S_2",2.5,0,4,-Inf
"20260129_020",5,"2026-01-29","S","T18",1,"T18_S_1",2.5,0,4,-Inf
"20260129_024",5,"2026-01-29","S","T18",3,"T18_S_3",2.5,0,4,-Inf
"20260129_037",5,"2026-01-29","S","T21",2,"T21_S_2",2.5,0,4,-Inf
"20260129_044",5,"2026-01-29","S","T21",3,"T21_S_3",2.5,0,4,-Inf
"20260129_052",5,"2026-01-29","S","T21",1,"T21_S_1",2.5,0,4,-Inf
"20260129_058",5,"2026-01-29","S","T24",3,"T24_S_3",2.5,0,4,-Inf
"20260129_071",5,"2026-01-29","S","T24",1,"T24_S_1",2.5,0,4,-Inf
"20260129_075",5,"2026-01-29","S","T27",2,"T27_S_2",2.5,0,4,-Inf
"20260129_077",5,"2026-01-29","S","T27",1,"T27_S_1",2.5,0,4,-Inf
"20260129_082",5,"2026-01-29","S","T27",3,"T27_S_3",2.5,0,4,-Inf
"20260130_001",53.72048,"2026-01-30","S","T15",3,"T15_S_3",2.5,0.00010899758906365,5,-3.9625831081872
"20260130_002",5998.03512,"2026-01-30","D","T15",3,"T15_D_3",2.5,0.00010157413957014,5,-3.99321684787453
"20260130_004",151.11448,"2026-01-30","P","T15",2,"T15_P_2",2.5,3.35950325068983e-05,5,-4.47372493434624
"20260130_005",8504.44408,"2026-01-30","D","T15",1,"T15_D_1",2.5,0.00015997936910857,5,-3.79593602021915
"20260130_006",2643.17064,"2026-01-30","T","T15",1,"T15_T_1",2.5,4.94840283502573e-05,5,-4.30553495295812
"20260130_007",615.53008,"2026-01-30","C","T15",2,"T15_C_2",2.5,0.00013217847696531,5,-3.87883925662183
"20260130_008",454.77872,"2026-01-30","C","T15",1,"T15_C_1",2.5,8.40098645044037e-05,5,-4.07566971574409
"20260130_009",336.88072,"2026-01-30","P","T15",1,"T15_P_1",2.5,8.35748352813044e-05,5,-4.07792447069102
"20260130_010",6074.31,"2026-01-30","L","T15",3,"T15_L_3",2.5,6.99259618905676e-05,5,-4.15536155082855
"20260130_011",8754.1828,"2026-01-30","L","T15",1,"T15_L_1",2.5,9.94901342510684e-05,5,-4.00221998310104
"20260130_012",514.6504,"2026-01-30","C","T15",3,"T15_C_3",2.5,0.00010482048792305,5,-3.97955382305553
"20260130_013",315.96664,"2026-01-30","P","T15",3,"T15_P_3",2.5,7.50325289996425e-05,5,-4.1247504152441
"20260130_014",3856.59736,"2026-01-30","T","T15",2,"T15_T_2",2.5,6.25438819841143e-05,5,-4.20381516639405
"20260130_016",5312.99648,"2026-01-30","T","T15",3,"T15_T_3",2.5,9.61996290403468e-05,5,-4.01682660266116
"20260130_017",7256.16056,"2026-01-30","D","T15",2,"T15_D_2",2.5,0.00012534529944123,5,-3.90189194782473
"20260130_018",6123.5196,"2026-01-30","L","T15",2,"T15_L_2",2.5,7.10540163549984e-05,5,-4.14841136838374
"20260130_021",8528.43376,"2026-01-30","D","T18",2,"T18_D_2",2.5,0.00013946149476378,5,-3.85554568428969
"20260130_022",295.87272,"2026-01-30","P","T18",2,"T18_P_2",2.5,5.60039208031595e-05,5,-4.25178156721576
"20260130_023",6275.65928,"2026-01-30","L","T18",2,"T18_L_2",2.5,6.88412476886587e-05,5,-4.16215126705759
"20260130_025",5924.83584,"2026-01-30","T","T18",3,"T18_T_3",2.5,0.00010778601636719,5,-3.96743757874567
"20260130_026",370.71232,"2026-01-30","C","T18",3,"T18_C_3",2.5,4.0014641033012e-05,5,-4.39778107476106
"20260130_027",519.57136,"2026-01-30","P","T18",1,"T18_P_1",2.5,0.00010925065733585,5,-3.96157594130057
"20260130_028",6472.70272,"2026-01-30","L","T18",1,"T18_L_1",2.5,6.85218230648602e-05,5,-4.16417109088346
"20260130_029",337.49584,"2026-01-30","C","T18",2,"T18_C_2",2.5,6.4270626412518e-05,5,-4.19198746722552
"20260130_030",5134.2016,"2026-01-30","D","T18",3,"T18_D_3",2.5,7.78015304021963e-05,5,-4.10901186009653
"20260130_031",336.06056,"2026-01-30","C","T18",1,"T18_C_1",2.5,5.78574993061899e-05,5,-4.23764034118566
"20260130_032",5457.34464,"2026-01-30","L","T18",3,"T18_L_3",2.5,5.65324157474635e-05,5,-4.24770245583872
"20260130_033",483.48432,"2026-01-30","P","T18",3,"T18_P_3",2.5,0.00010412920015133,5,-3.98242746754668
"20260130_034",5935.70296,"2026-01-30","D","T18",1,"T18_D_1",2.5,9.2556275321179e-05,5,-4.03359413072016
"20260130_035",4628.16288,"2026-01-30","T","T18",2,"T18_T_2",2.5,6.93846917143093e-05,5,-4.15873633699981
"20260130_036",3119.6836,"2026-01-30","T","T18",1,"T18_T_1",2.5,4.83989661968177e-05,5,-4.31516391479799
"20260130_037",25.63,"2026-01-30","S","T21",2,"T21_S_2",2.5,0.00012106580700105,5,-3.91697849870343
"20260130_038",2961.8028,"2026-01-30","T","T21",3,"T21_T_3",2.5,4.71687149439245e-05,5,-4.3263459554347
"20260130_039",941.74872,"2026-01-30","P","T21",2,"T21_P_2",2.5,0.00019867040347892,5,-3.70186682621259
"20260130_040",4897.58544,"2026-01-30","L","T21",2,"T21_L_2",2.5,4.94440264078197e-05,5,-4.30588617029188
"20260130_041",625.372,"2026-01-30","C","T21",2,"T21_C_2",2.5,0.00011320718468738,5,-3.9461260097991
"20260130_042",2217.71264,"2026-01-30","T","T21",2,"T21_T_2",2.5,3.33239041701763e-05,5,-4.47724412310451
"20260130_043",630.29296,"2026-01-30","C","T21",1,"T21_C_1",2.5,0.000105451235831,5,-3.97694832620009
"20260130_044",28.3610655737705,"2026-01-30","S","T21",3,"T21_S_3",2.5,0.00029371899790722,5,-3.53206796216144
"20260130_045",5447.50272,"2026-01-30","L","T21",3,"T21_L_3",2.5,5.18220324971212e-05,5,-4.28548555767644
"20260130_046",3394.84728,"2026-01-30","T","T21",1,"T21_T_1",2.5,4.80863247293256e-05,5,-4.31797841508193
"20260130_047",6128.6456,"2026-01-30","L","T21",1,"T21_L_1",2.5,6.69408261184899e-05,5,-4.17430893230558
"20260130_048",5804.47736,"2026-01-30","D","T21",1,"T21_D_1",2.5,0.00010458070559444,5,-3.9805484323597
"20260130_049",848.04544,"2026-01-30","P","T21",3,"T21_P_3",2.5,0.00016214129237144,5,-3.79010636969577
"20260130_050",347.5428,"2026-01-30","C","T21",3,"T21_C_3",2.5,5.84026752431712e-05,5,-4.2335672587654
"20260130_051",766.8496,"2026-01-30","P","T21",1,"T21_P_1",2.5,0.00014203205642076,5,-3.84761362494477
"20260130_052",25.63,"2026-01-30","S","T21",1,"T21_S_1",2.5,0.00025853675216601,5,-3.5874777112611
"20260130_053",5379.42944,"2026-01-30","D","T21",2,"T21_D_2",2.5,0.0001028935915862,5,-3.98761167310364
"20260130_054",4482.78952,"2026-01-30","D","T21",3,"T21_D_3",2.5,7.9550167866706e-05,5,-4.09935889956853
"20260130_055",5434.79024,"2026-01-30","L","T24",1,"T24_L_1",2.5,5.40719369666463e-05,5,-4.26702807283497
"20260130_056",3449.38792,"2026-01-30","T","T24",1,"T24_T_1",2.5,5.08818122902189e-05,5,-4.2934374285384
"20260130_057",354.7192,"2026-01-30","C","T24",1,"T24_C_1",2.5,6.46519431703404e-05,5,-4.18941841748933
"20260130_058",25.63,"2026-01-30","S","T24",3,"T24_S_3",2.5,3.57143216924917e-05,5,-4.44715759383862
"20260130_059",25.63,"2026-01-30","S","T24",2,"T24_S_2",2.5,1.75140168813516e-07,5,-6.75661423602184
"20260130_060",858.50248,"2026-01-30","P","T24",2,"T24_P_2",2.5,0.00014702760670105,5,-3.83260111210721
"20260130_061",4317.93736,"2026-01-30","T","T24",2,"T24_T_2",2.5,6.80438099355949e-05,5,-4.16721137719232
"20260130_062",1028.68568,"2026-01-30","P","T24",1,"T24_P_1",2.5,0.0001679578319388,5,-3.77479974003012
"20260130_063",337.08576,"2026-01-30","C","T24",3,"T24_C_3",2.5,6.08105744333736e-05,5,-4.2160208941031
"20260130_064",4118.43344,"2026-01-30","D","T24",2,"T24_D_2",2.5,6.60359996770492e-05,5,-4.18021924326515
"20260130_065",4919.52472,"2026-01-30","L","T24",3,"T24_L_3",2.5,4.60074158146388e-05,5,-4.33717215988802
"20260130_066",3865.61912,"2026-01-30","D","T24",3,"T24_D_3",2.5,6.62128459942442e-05,5,-4.17905774465105
"20260130_067",3228.96992,"2026-01-30","T","T24",3,"T24_T_3",2.5,5.32713848622699e-05,5,-4.27350601299132
"20260130_068",3679.23776,"2026-01-30","D","T24",1,"T24_D_1",2.5,6.0846979552273e-05,5,-4.21576097530307
"20260130_069",4503.49856,"2026-01-30","L","T24",2,"T24_L_2",2.5,4.39505814117359e-05,5,-4.35703537537432
"20260130_070",1124.43936,"2026-01-30","P","T24",3,"T24_P_3",2.5,0.00019084996059854,5,-3.71930792537607
"20260130_071",25.63,"2026-01-30","S","T24",1,"T24_S_1",2.5,0.00018006258510216,5,-3.74457651911684
"20260130_072",427.09832,"2026-01-30","C","T24",2,"T24_C_2",2.5,8.20589169575026e-05,5,-4.08587421930287
"20260130_073",30.14088,"2026-01-30","C","T27",1,"T27_C_1",2.5,3.13877613863161e-06,5,-5.50323965761117
"20260130_074",5400.54856,"2026-01-30","D","T27",3,"T27_D_3",2.5,8.07752851163732e-05,5,-4.09272150035768
"20260130_076",5406.08464,"2026-01-30","L","T27",2,"T27_L_2",2.5,4.55357328924874e-05,5,-4.34164766911116
"20260130_078",4485.86512,"2026-01-30","D","T27",2,"T27_D_2",2.5,6.9272762609926e-05,5,-4.15943749227766
"20260130_079",5193.04808,"2026-01-30","T","T27",2,"T27_T_2",2.5,3.84892864651059e-05,5,-4.41466014001322
"20260130_080",1295.44272,"2026-01-30","P","T27",3,"T27_P_3",2.5,0.0001983159995869,5,-3.7026422467024
"20260130_083",1120.95368,"2026-01-30","P","T27",2,"T27_P_2",2.5,0.00015474835305533,5,-3.8103739643614
"20260130_084",25.63,"2026-01-30","C","T27",2,"T27_C_2",2.5,1.09112825474505e-06,5,-5.96212419803281
"20260130_085",6447.89288,"2026-01-30","T","T27",1,"T27_T_1",2.5,4.94680472606489e-05,5,-4.30567523296841
"20260130_086",4170.5136,"2026-01-30","D","T27",1,"T27_D_1",2.5,6.24391592160097e-05,5,-4.20454295362861
"20260130_087",4279.59488,"2026-01-30","L","T27",3,"T27_L_3",2.5,3.8956149739756e-05,5,-4.40942397349283
"20260130_088",5379.83952,"2026-01-30","L","T27",1,"T27_L_1",2.5,4.42853696063961e-05,5,-4.35373972634243
"20260130_089",729.32728,"2026-01-30","P","T27",1,"T27_P_1",2.5,0.00011044256528585,5,-3.95686351441461
"20260130_090",5043.36888,"2026-01-30","T","T27",3,"T27_T_3",2.5,3.70927044112573e-05,5,-4.43071150131501
"20260130_003",5,"2026-01-30","S","T15",1,"T15_S_1",2.5,0,5,-Inf
"20260130_015",5,"2026-01-30","S","T15",2,"T15_S_2",2.5,0,5,-Inf
"20260130_019",5,"2026-01-30","S","T18",2,"T18_S_2",2.5,0,5,-Inf
"20260130_020",5,"2026-01-30","S","T18",1,"T18_S_1",2.5,0,5,-Inf
"20260130_024",5,"2026-01-30","S","T18",3,"T18_S_3",2.5,0,5,-Inf
"20260130_075",5,"2026-01-30","S","T27",2,"T27_S_2",2.5,0,5,-Inf
"20260130_077",5,"2026-01-30","S","T27",1,"T27_S_1",2.5,0,5,-Inf
"20260130_081",20,"2026-01-30","C","T27",3,"T27_C_3",2.5,0,5,-Inf
"20260130_082",5,"2026-01-30","S","T27",3,"T27_S_3",2.5,0,5,-Inf
"20260202_002",7879.6872,"2026-02-02","D","T15",3,"T15_D_3",2.5,0.00011456733812872,8,-3.9409391772399
"20260202_004",589.28496,"2026-02-02","P","T15",2,"T15_P_2",2.5,0.00013898637984775,8,-3.85702775691704
"20260202_005",8045.15448,"2026-02-02","D","T15",1,"T15_D_1",2.5,0.00013011763355506,8,-3.88566384381721
"20260202_006",3724.34656,"2026-02-02","T","T15",1,"T15_T_1",2.5,6.15496989272368e-05,8,-4.21077406709594
"20260202_007",393.47176,"2026-02-02","C","T15",2,"T15_C_2",2.5,5.81274936374504e-05,8,-4.23561840270836
"20260202_008",490.66072,"2026-02-02","C","T15",1,"T15_C_1",2.5,7.05031967072108e-05,8,-4.15179119108197
"20260202_009",409.66992,"2026-02-02","P","T15",1,"T15_P_1",2.5,9.00771574432497e-05,8,-4.04538532726837
"20260202_010",4949.25552,"2026-02-02","L","T15",3,"T15_L_3",2.5,4.88854725252496e-05,8,-4.31082018258377
"20260202_011",6656.41856,"2026-02-02","L","T15",1,"T15_L_1",2.5,6.64667539416204e-05,8,-4.17739553048817
"20260202_012",662.89432,"2026-02-02","C","T15",3,"T15_C_3",2.5,8.6206370144812e-05,8,-4.06446064117617
"20260202_013",647.31128,"2026-02-02","P","T15",3,"T15_P_3",2.5,0.00013872177786582,8,-3.85785535389059
"20260202_014",2832.42256,"2026-02-02","T","T15",2,"T15_T_2",2.5,4.73900189085013e-05,8,-4.32431311801813
"20260202_016",4450.80328,"2026-02-02","T","T15",3,"T15_T_3",2.5,6.6624700126647e-05,8,-4.17636473269161
"20260202_017",6732.28336,"2026-02-02","D","T15",2,"T15_D_2",2.5,0.00010058989433376,8,-3.99744564806276
"20260202_018",6312.77152,"2026-02-02","L","T15",2,"T15_L_2",2.5,6.07813935410874e-05,8,-4.21622934702892
"20260202_020",30.3839516129032,"2026-02-02","S","T18",1,"T18_S_1",2.5,7.88392449414171e-05,8,-4.1032575436943
"20260202_021",6682.86872,"2026-02-02","D","T18",2,"T18_D_2",2.5,9.53852653756602e-05,8,-4.02051870768871
"20260202_022",822.00536,"2026-02-02","P","T18",2,"T18_P_2",2.5,0.00015897503600189,8,-3.79867106799291
"20260202_023",6410.5756,"2026-02-02","L","T18",2,"T18_L_2",2.5,5.77101573784846e-05,8,-4.23874774134696
"20260202_025",4286.15616,"2026-02-02","T","T18",3,"T18_T_3",2.5,5.68887583594648e-05,8,-4.24497354493705
"20260202_026",386.91048,"2026-02-02","C","T18",3,"T18_C_3",2.5,3.00765946166122e-05,8,-4.52177133772589
"20260202_027",824.67088,"2026-02-02","P","T18",1,"T18_P_1",2.5,0.00015574922030894,8,-3.8075741187707
"20260202_028",4811.87872,"2026-02-02","L","T18",1,"T18_L_1",2.5,4.16486048014059e-05,8,-4.38039954256931
"20260202_029",285.41568,"2026-02-02","C","T18",2,"T18_C_2",2.5,3.68323735389979e-05,8,-4.43377029358943
"20260202_030",6896.5204,"2026-02-02","D","T18",3,"T18_D_3",2.5,9.94976282721983e-05,8,-4.00218727142084
"20260202_031",530.23344,"2026-02-02","C","T18",1,"T18_C_1",2.5,6.90019821638164e-05,8,-4.16113843345922
"20260202_032",4629.8032,"2026-02-02","L","T18",3,"T18_L_3",2.5,3.94393868667139e-05,8,-4.40406984531482
"20260202_033",1267.96736,"2026-02-02","P","T18",3,"T18_P_3",2.5,0.00021489156661912,8,-3.66778062798295
"20260202_034",5717.33536,"2026-02-02","D","T18",1,"T18_D_1",2.5,7.50642656659989e-05,8,-4.12456675963295
"20260202_035",3561.95488,"2026-02-02","T","T18",2,"T18_T_2",2.5,5.42792240182227e-05,8,-4.26536636968977
"20260202_036",3460.25504,"2026-02-02","T","T18",1,"T18_T_1",2.5,5.02600834927527e-05,8,-4.29877679428678
"20260202_038",3225.68928,"2026-02-02","T","T21",3,"T21_T_3",2.5,4.43850619980192e-05,8,-4.35276316915129
"20260202_039",728.71216,"2026-02-02","P","T21",2,"T21_P_2",2.5,0.00013685897290631,8,-3.86372672360316
"20260202_040",5479.07888,"2026-02-02","L","T21",2,"T21_L_2",2.5,4.55530502217963e-05,8,-4.34148253745842
"20260202_041",486.97,"2026-02-02","C","T21",2,"T21_C_2",2.5,6.62967616684048e-05,8,-4.17850768462524
"20260202_042",4126.63504,"2026-02-02","T","T21",2,"T21_T_2",2.5,6.01977223748624e-05,8,-4.22041994028273
"20260202_043",407.82456,"2026-02-02","C","T21",1,"T21_C_1",2.5,5.37739842516434e-05,8,-4.26942778434492
"20260202_044",92.268,"2026-02-02","S","T21",3,"T21_S_3",2.5,0.00030333824614497,8,-3.51807282858635
"20260202_045",5618.30104,"2026-02-02","L","T21",3,"T21_L_3",2.5,4.5151440760835e-05,8,-4.34532838700059
"20260202_046",2379.89928,"2026-02-02","T","T21",1,"T21_T_1",2.5,3.43317902518371e-05,8,-4.46430354943699
"20260202_047",5183.20616,"2026-02-02","L","T21",1,"T21_L_1",2.5,4.6679934479645e-05,8,-4.33086976220569
"20260202_048",5130.92096,"2026-02-02","D","T21",1,"T21_D_1",2.5,7.70504979173854e-05,8,-4.11322455042935
"20260202_049",1134.69136,"2026-02-02","P","T21",3,"T21_P_3",2.5,0.0002179723204366,8,-3.66159865247279
"20260202_050",446.9872,"2026-02-02","C","T21",3,"T21_C_3",2.5,4.55633012914821e-05,8,-4.34138481662252
"20260202_051",1311.02576,"2026-02-02","P","T21",1,"T21_P_1",2.5,0.00022160437649495,8,-3.65442166691816
"20260202_052",33.339837398374,"2026-02-02","S","T21",1,"T21_S_1",2.5,5.26864454693794e-05,8,-4.27830110044234
"20260202_053",5540.79592,"2026-02-02","D","T21",2,"T21_D_2",2.5,7.70451828096368e-05,8,-4.11325451002271
"20260202_054",5012.61288,"2026-02-02","D","T21",3,"T21_D_3",2.5,7.5463930889137e-05,8,-4.12226057630177
"20260202_055",4451.4184,"2026-02-02","L","T24",1,"T24_L_1",2.5,3.76177022691409e-05,8,-4.42460773516279
"20260202_056",2956.47176,"2026-02-02","T","T24",1,"T24_T_1",2.5,3.70282246580796e-05,8,-4.43146710997818
"20260202_057",375.42824,"2026-02-02","C","T24",1,"T24_C_1",2.5,4.83088702450673e-05,8,-4.31597311883868
"20260202_058",38.9659349593496,"2026-02-02","S","T24",3,"T24_S_3",2.5,0.00010405484248555,8,-3.98273770386354
"20260202_060",708.4132,"2026-02-02","P","T24",2,"T24_P_2",2.5,0.00010678141767475,8,-3.9715043175647
"20260202_061",3085.852,"2026-02-02","T","T24",2,"T24_T_2",2.5,3.71669597355945e-05,8,-4.42984296282293
"20260202_062",747.98592,"2026-02-02","P","T24",1,"T24_P_1",2.5,0.00010388462178766,8,-3.98344873701514
"20260202_063",391.6264,"2026-02-02","C","T24",3,"T24_C_3",2.5,4.76554084271793e-05,8,-4.32188780401225
"20260202_064",6918.25464,"2026-02-02","D","T24",2,"T24_D_2",2.5,8.04678221672202e-05,8,-4.09437775253856
"20260202_065",4381.90984,"2026-02-02","L","T24",3,"T24_L_3",2.5,3.35737761167898e-05,8,-4.4739998099448
"20260202_066",4364.68648,"2026-02-02","D","T24",3,"T24_D_3",2.5,5.50938998185661e-05,8,-4.2588964850284
"20260202_067",4717.56032,"2026-02-02","T","T24",3,"T24_T_3",2.5,6.0211733952599e-05,8,-4.22031886597999
"20260202_068",6073.07976,"2026-02-02","D","T24",1,"T24_D_1",2.5,7.53799749786782e-05,8,-4.12274401104433
"20260202_069",4713.8696,"2026-02-02","L","T24",2,"T24_L_2",2.5,4.00289192171209e-05,8,-4.39762613570996
"20260202_070",1007.97664,"2026-02-02","P","T24",3,"T24_P_3",2.5,0.00014166607910919,8,-3.84873412589405
"20260202_072",265.32176,"2026-02-02","C","T24",2,"T24_C_2",2.5,3.24651464057125e-05,8,-4.48858263428053
"20260202_073",25.63,"2026-02-02","C","T27",1,"T27_C_1",2.5,6.88725698514685e-07,8,-6.16195371182389
"20260202_074",4903.73664,"2026-02-02","D","T27",3,"T27_D_3",2.5,5.02543263955437e-05,8,-4.298826543881
"20260202_076",2794.08008,"2026-02-02","L","T27",2,"T27_L_2",2.5,1.46304992378587e-05,8,-4.83474085415166
"20260202_078",5022.04472,"2026-02-02","D","T27",2,"T27_D_2",2.5,5.01742592886026e-05,8,-4.29951903018571
"20260202_079",1639.2948,"2026-02-02","T","T27",2,"T27_T_2",2.5,9.17652959995279e-06,8,-5.03732153018744
"20260202_080",616.35024,"2026-02-02","P","T27",3,"T27_P_3",2.5,5.52237993675031e-05,8,-4.25787371744361
"20260202_083",1020.68912,"2026-02-02","P","T27",2,"T27_P_2",2.5,0.00011492539901177,8,-3.93958397973942
"20260202_085",2412.91072,"2026-02-02","T","T27",1,"T27_T_1",2.5,1.31936693245536e-05,8,-4.87963440492446
"20260202_086",4493.4516,"2026-02-02","D","T27",1,"T27_D_1",2.5,4.90780739948646e-05,8,-4.3091124889323
"20260202_087",4296.40816,"2026-02-02","L","T27",3,"T27_L_3",2.5,2.37664332441586e-05,8,-4.62403599027895
"20260202_088",3262.80152,"2026-02-02","L","T27",1,"T27_L_1",2.5,1.72173305282575e-05,8,-4.76403418312149
"20260202_089",1375.8184,"2026-02-02","P","T27",1,"T27_P_1",2.5,0.00013145779113558,8,-3.88121366937566
"20260202_090",537.81992,"2026-02-02","T","T27",3,"T27_T_3",2.5,3.04543757019197e-06,8,-5.51635029887116
"20260202_001",5,"2026-02-02","S","T15",3,"T15_S_3",2.5,0,8,-Inf
"20260202_003",5,"2026-02-02","S","T15",1,"T15_S_1",2.5,0,8,-Inf
"20260202_015",5,"2026-02-02","S","T15",2,"T15_S_2",2.5,0,8,-Inf
"20260202_019",5,"2026-02-02","S","T18",2,"T18_S_2",2.5,0,8,-Inf
"20260202_024",5,"2026-02-02","S","T18",3,"T18_S_3",2.5,0,8,-Inf
"20260202_037",5,"2026-02-02","S","T21",2,"T21_S_2",2.5,0,8,-Inf
"20260202_059",5,"2026-02-02","S","T24",2,"T24_S_2",2.5,0,8,-Inf
"20260202_071",5,"2026-02-02","S","T24",1,"T24_S_1",2.5,0,8,-Inf
"20260202_075",5,"2026-02-02","S","T27",2,"T27_S_2",2.5,0,8,-Inf
"20260202_077",5,"2026-02-02","S","T27",1,"T27_S_1",2.5,0,8,-Inf
"20260202_081",20,"2026-02-02","C","T27",3,"T27_C_3",2.5,0,8,-Inf
"20260202_082",5,"2026-02-02","S","T27",3,"T27_S_3",2.5,0,8,-Inf
"20260202_084",20,"2026-02-02","C","T27",2,"T27_C_2",2.5,0,8,-Inf
"20260203_002",153.57496,"2026-02-03","D","T30",3,"T30_D_3",2.5,5.63317667274361e-06,1,-5.24924662781765
"20260203_003",33.1929508196721,"2026-02-03","S","T30",1,"T30_S_1",2.5,9.02000675490524e-05,1,-4.04479313722336
"20260203_004",137.58184,"2026-02-03","P","T30",2,"T30_P_2",2.5,4.43697923047956e-05,1,-4.35291260421318
"20260203_005",104.16032,"2026-02-03","D","T30",1,"T30_D_1",2.5,2.70919848843774e-06,1,-5.5671591753746
"20260203_006",3212.15664,"2026-02-03","T","T30",1,"T30_T_1",2.5,4.160821481926e-05,1,-4.38082091700629
"20260203_009",126.30464,"2026-02-03","P","T30",1,"T30_P_1",2.5,3.59555295795359e-05,1,-4.44423431025439
"20260203_010",30.34592,"2026-02-03","L","T30",3,"T30_L_3",2.5,2.00484094640469e-07,1,-6.69792007632997
"20260203_011",66.638,"2026-02-03","L","T30",1,"T30_L_1",2.5,6.09840227093478e-07,1,-6.21478393151458
"20260203_013",233.33552,"2026-02-03","P","T30",3,"T30_P_3",2.5,8.07763974953357e-05,1,-4.09271551960852
"20260203_014",2403.88896,"2026-02-03","T","T30",2,"T30_T_2",2.5,3.12528943733521e-05,1,-4.50510975585057
"20260203_016",3543.0912,"2026-02-03","T","T30",3,"T30_T_3",2.5,4.0435359622769e-05,1,-4.39323869002116
"20260203_017",102.52,"2026-02-03","D","T30",2,"T30_D_2",2.5,4.62361190564226e-06,1,-5.33501862664452
"20260203_018",25.63,"2026-02-03","L","T30",2,"T30_L_2",2.5,3.54716528819488e-07,1,-6.45011857412223
"20260203_020",25.63,"2026-02-03","S","T33",1,"T33_S_1",2.5,7.11174285546978e-08,1,-7.14802395485976
"20260203_021",25.63,"2026-02-03","D","T33",2,"T33_D_2",2.5,6.98624785022316e-07,1,-6.15575601101517
"20260203_022",256.71008,"2026-02-03","P","T33",2,"T33_P_2",2.5,9.79371106413164e-05,1,-4.00905271276463
"20260203_024",25.63,"2026-02-03","S","T33",3,"T33_S_3",2.5,2.51647629538276e-05,1,-4.59920715619986
"20260203_025",5809.8084,"2026-02-03","T","T33",3,"T33_T_3",2.5,6.42431847871048e-05,1,-4.19217293751173
"20260203_027",114.41232,"2026-02-03","P","T33",1,"T33_P_1",2.5,3.73557572860897e-05,1,-4.42764245502953
"20260203_028",76.89,"2026-02-03","L","T33",1,"T33_L_1",2.5,5.51250989123489e-07,1,-6.25865061825791
"20260203_030",25.63,"2026-02-03","D","T33",3,"T33_D_3",2.5,4.90877683290674e-07,1,-6.30902671172581
"20260203_031",25.63,"2026-02-03","C","T33",1,"T33_C_1",2.5,3.92236900756774e-08,1,-7.40645155130774
"20260203_032",25.63,"2026-02-03","L","T33",3,"T33_L_3",2.5,1.95168879767164e-07,1,-6.70958943063894
"20260203_033",89.39744,"2026-02-03","P","T33",3,"T33_P_3",2.5,2.63731881097331e-05,1,-4.57883736756059
"20260203_034",76.89,"2026-02-03","D","T33",1,"T33_D_1",2.5,9.60715141933971e-07,1,-6.01740536428268
"20260203_035",3229.79008,"2026-02-03","T","T33",2,"T33_T_2",2.5,3.57838779570191e-05,1,-4.44631259601927
"20260203_036",5500.198,"2026-02-03","T","T33",1,"T33_T_1",2.5,6.178740393275e-05,1,-4.20910005177307
"20260203_001",5,"2026-02-03","S","T30",3,"T30_S_3",2.5,0,1,-Inf
"20260203_007",20,"2026-02-03","C","T30",2,"T30_C_2",2.5,0,1,-Inf
"20260203_008",20,"2026-02-03","C","T30",1,"T30_C_1",2.5,0,1,-Inf
"20260203_012",20,"2026-02-03","C","T30",3,"T30_C_3",2.5,0,1,-Inf
"20260203_015",5,"2026-02-03","S","T30",2,"T30_S_2",2.5,0,1,-Inf
"20260203_019",5,"2026-02-03","S","T33",2,"T33_S_2",2.5,0,1,-Inf
"20260203_023",50,"2026-02-03","L","T33",2,"T33_L_2",2.5,0,1,-Inf
"20260203_026",20,"2026-02-03","C","T33",3,"T33_C_3",2.5,0,1,-Inf
"20260203_029",20,"2026-02-03","C","T33",2,"T33_C_2",2.5,0,1,-Inf
"20260204_002",25.63,"2026-02-04","D","T30",3,"T30_D_3",2.5,2.79760442217271e-06,2,-5.55321369420907
"20260204_004",1062.31224,"2026-02-04","P","T30",2,"T30_P_2",2.5,0.00020121524245937,2,-3.69633912368937
"20260204_005",76.89,"2026-02-04","D","T30",1,"T30_D_1",2.5,4.07075448875546e-06,2,-5.39032508956214
"20260204_006",6920.71512,"2026-02-04","T","T30",1,"T30_T_1",2.5,7.59666245169242e-05,2,-4.11937717050557
"20260204_009",749.01112,"2026-02-04","P","T30",1,"T30_P_1",2.5,0.00012671608842915,2,-3.89716824168778
"20260204_010",52.69528,"2026-02-04","L","T30",3,"T30_L_3",2.5,4.33357687461865e-07,2,-6.36315349495185
"20260204_011",43.0584,"2026-02-04","L","T30",1,"T30_L_1",2.5,7.26981176957916e-07,2,-6.13847683377527
"20260204_013",673.96648,"2026-02-04","P","T30",3,"T30_P_3",2.5,0.00011346852218064,2,-3.94512460137212
"20260204_014",6239.98232,"2026-02-04","T","T30",2,"T30_T_2",2.5,8.06183967318139e-05,2,-4.09356584296602
"20260204_016",7223.14912,"2026-02-04","T","T30",3,"T30_T_3",2.5,7.85842119018146e-05,2,-4.10466469788747
"20260204_017",112.97704,"2026-02-04","D","T30",2,"T30_D_2",2.5,4.71983068543671e-06,2,-5.32607358053952
"20260204_022",1221.62832,"2026-02-04","P","T33",2,"T33_P_2",2.5,0.0001969961237044,2,-3.70554231937319
"20260204_025",5668.74088,"2026-02-04","T","T33",3,"T33_T_3",2.5,5.20094486142749e-05,2,-4.2839177504368
"20260204_027",464.21056,"2026-02-04","P","T33",1,"T33_P_1",2.5,7.5667730410392e-05,2,-4.12108929213293
"20260204_030",25.63,"2026-02-04","D","T33",3,"T33_D_3",2.5,2.70709827906997e-07,2,-6.56749597722432
"20260204_033",845.79,"2026-02-04","P","T33",3,"T33_P_3",2.5,0.0001580276288991,2,-3.80126697615049
"20260204_034",25.63,"2026-02-04","D","T33",1,"T33_D_1",2.5,4.01502286803835e-07,2,-6.39631197680259
"20260204_035",5716.5152,"2026-02-04","T","T33",2,"T33_T_2",2.5,5.48286977192131e-05,2,-4.26099206927385
"20260204_036",6487.4656,"2026-02-04","T","T33",1,"T33_T_1",2.5,5.78938130707452e-05,2,-4.23736784547469
"20260204_001",5,"2026-02-04","S","T30",3,"T30_S_3",2.5,0,2,-Inf
"20260204_003",5,"2026-02-04","S","T30",1,"T30_S_1",2.5,0,2,-Inf
"20260204_007",20,"2026-02-04","C","T30",2,"T30_C_2",2.5,0,2,-Inf
"20260204_008",20,"2026-02-04","C","T30",1,"T30_C_1",2.5,0,2,-Inf
"20260204_012",20,"2026-02-04","C","T30",3,"T30_C_3",2.5,0,2,-Inf
"20260204_015",5,"2026-02-04","S","T30",2,"T30_S_2",2.5,0,2,-Inf
"20260204_018",50,"2026-02-04","L","T30",2,"T30_L_2",2.5,0,2,-Inf
"20260204_019",5,"2026-02-04","S","T33",2,"T33_S_2",2.5,0,2,-Inf
"20260204_020",5,"2026-02-04","S","T33",1,"T33_S_1",2.5,0,2,-Inf
"20260204_021",50,"2026-02-04","D","T33",2,"T33_D_2",2.5,0,2,-Inf
"20260204_023",50,"2026-02-04","L","T33",2,"T33_L_2",2.5,0,2,-Inf
"20260204_024",5,"2026-02-04","S","T33",3,"T33_S_3",2.5,0,2,-Inf
"20260204_026",20,"2026-02-04","C","T33",3,"T33_C_3",2.5,0,2,-Inf
"20260204_028",50,"2026-02-04","L","T33",1,"T33_L_1",2.5,0,2,-Inf
"20260204_029",20,"2026-02-04","C","T33",2,"T33_C_2",2.5,0,2,-Inf
"20260204_031",20,"2026-02-04","C","T33",1,"T33_C_1",2.5,0,2,-Inf
"20260204_032",50,"2026-02-04","L","T33",3,"T33_L_3",2.5,0,2,-Inf
"20260204_001",25.63,"2026-02-04","S","T15",3,"T15_S_3",2.5,1.27612529302959e-07,10,-6.89410668345182
"20260204_002",5885.05808,"2026-02-04","D","T15",3,"T15_D_3",2.5,8.51176321613088e-05,10,-4.06998046627061
"20260204_003",91.2428,"2026-02-04","S","T15",1,"T15_S_1",2.5,0.00012257140580326,10,-3.91161083283762
"20260204_004",643.62056,"2026-02-04","P","T15",2,"T15_P_2",2.5,0.00012582638486363,10,-3.90022828099581
"20260204_005",4738.88448,"2026-02-04","D","T15",1,"T15_D_1",2.5,6.43030036732659e-05,10,-4.19176874016664
"20260204_006",3971.21472,"2026-02-04","T","T15",1,"T15_T_1",2.5,7.50798871788648e-05,10,-4.12447638865636
"20260204_007",360.46032,"2026-02-04","C","T15",2,"T15_C_2",2.5,3.14752805525618e-05,10,-4.50203039015143
"20260204_008",392.6516,"2026-02-04","C","T15",1,"T15_C_1",2.5,3.89048357611207e-05,10,-4.40999641374257
"20260204_009",765.8244,"2026-02-04","P","T15",1,"T15_P_1",2.5,0.00015270043545384,10,-3.8161597244699
"20260204_010",6886.2684,"2026-02-04","L","T15",3,"T15_L_3",2.5,6.66438308022884e-05,10,-4.17624004688821
"20260204_011",5995.57464,"2026-02-04","L","T15",1,"T15_L_1",2.5,5.56611599903648e-05,10,-4.25444774711867
"20260204_012",506.03872,"2026-02-04","C","T15",3,"T15_C_3",2.5,4.41076023378623e-05,10,-4.35548654956091
"20260204_013",634.39376,"2026-02-04","P","T15",3,"T15_P_3",2.5,0.00012820199935608,10,-3.89210520178645
"20260204_014",3817.43472,"2026-02-04","T","T15",2,"T15_T_2",2.5,5.94883346189402e-05,10,-4.22556818901634
"20260204_015",25.63,"2026-02-04","S","T15",2,"T15_S_2",2.5,6.8049798348238e-05,10,-4.16717315740227
"20260204_016",4876.26128,"2026-02-04","T","T15",3,"T15_T_3",2.5,6.89797950377507e-05,10,-4.16127810040218
"20260204_017",6292.06248,"2026-02-04","D","T15",2,"T15_D_2",2.5,8.67334202578988e-05,10,-4.06181352724229
"20260204_018",7190.95784,"2026-02-04","L","T15",2,"T15_L_2",2.5,6.7991617373354e-05,10,-4.16754462777767
"20260204_019",36.3989075630252,"2026-02-04","S","T18",2,"T18_S_2",2.5,7.95047245544471e-07,10,-6.09960706270253
"20260204_021",7948.3756,"2026-02-04","D","T18",2,"T18_D_2",2.5,0.0001029864043853,10,-3.98722010432553
"20260204_022",602.8176,"2026-02-04","P","T18",2,"T18_P_2",2.5,0.00010113436059907,10,-3.99510126692839
"20260204_023",6935.88808,"2026-02-04","L","T18",2,"T18_L_2",2.5,6.04514498034976e-05,10,-4.21859327901978
"20260204_025",3643.5608,"2026-02-04","T","T18",3,"T18_T_3",2.5,4.49680890851936e-05,10,-4.34709556734397
"20260204_026",460.72488,"2026-02-04","C","T18",3,"T18_C_3",2.5,3.75410783550783e-05,10,-4.42549325656993
"20260204_027",459.2896,"2026-02-04","P","T18",1,"T18_P_1",2.5,8.3039230221754e-05,10,-4.08071668541077
"20260204_028",5794.63544,"2026-02-04","L","T18",1,"T18_L_1",2.5,4.92010540015996e-05,10,-4.30802559352988
"20260204_029",770.33528,"2026-02-04","C","T18",2,"T18_C_2",2.5,7.13589638138173e-05,10,-4.14655146487084
"20260204_030",5556.584,"2026-02-04","D","T18",3,"T18_D_3",2.5,6.67798850434789e-05,10,-4.17535433288611
"20260204_031",405.36408,"2026-02-04","C","T18",1,"T18_C_1",2.5,3.97217955554326e-05,10,-4.40097112819802
"20260204_032",5351.544,"2026-02-04","L","T18",3,"T18_L_3",2.5,4.39795850962117e-05,10,-4.35674887209382
"20260204_033",649.77176,"2026-02-04","P","T18",3,"T18_P_3",2.5,0.00010972779551315,10,-3.95968334590819
"20260204_034",6451.78864,"2026-02-04","D","T18",1,"T18_D_1",2.5,7.71171443472823e-05,10,-4.11284906075952
"20260204_035",3803.90208,"2026-02-04","T","T18",2,"T18_T_2",2.5,5.00774302502244e-05,10,-4.3003579652765
"20260204_036",3845.32016,"2026-02-04","T","T18",1,"T18_T_1",2.5,4.73975279154303e-05,10,-4.32424430897327
"20260204_038",3072.5244,"2026-02-04","T","T21",3,"T21_T_3",2.5,3.81906040043049e-05,10,-4.41804347297881
"20260204_039",696.1108,"2026-02-04","P","T21",2,"T21_P_2",2.5,0.0001073359664919,10,-3.96925472881071
"20260204_040",4677.9876,"2026-02-04","L","T21",2,"T21_L_2",2.5,3.7650522640804e-05,10,-4.42422899081941
"20260204_041",499.88752,"2026-02-04","C","T21",2,"T21_C_2",2.5,4.21080684446498e-05,10,-4.3756346798115
"20260204_042",3746.49088,"2026-02-04","T","T21",2,"T21_T_2",2.5,4.45043655583472e-05,10,-4.35159738576269
"20260204_043",377.88872,"2026-02-04","C","T21",1,"T21_C_1",2.5,3.61834520504892e-05,10,-4.4414900020157
"20260204_045",5137.2772,"2026-02-04","L","T21",3,"T21_L_3",2.5,3.80501083162222e-05,10,-4.4196441025972
"20260204_046",3139.1624,"2026-02-04","T","T21",1,"T21_T_1",2.5,3.7914191784316e-05,10,-4.42119819742113
"20260204_047",4273.85376,"2026-02-04","L","T21",1,"T21_L_1",2.5,3.38048491113186e-05,10,-4.47102099820643
"20260204_048",5045.0092,"2026-02-04","D","T21",1,"T21_D_1",2.5,6.86507051013692e-05,10,-4.1633549978291
"20260204_049",1020.89416,"2026-02-04","P","T21",3,"T21_P_3",2.5,0.0001458735401336,10,-3.83602347723685
"20260204_050",462.77528,"2026-02-04","C","T21",3,"T21_C_3",2.5,3.24788793152577e-05,10,-4.48839896451696
"20260204_051",1076.66504,"2026-02-04","P","T21",1,"T21_P_1",2.5,0.00013154400916643,10,-3.88092892595309
"20260204_053",5133.1764,"2026-02-04","D","T21",2,"T21_D_2",2.5,6.02635544584227e-05,10,-4.21994525639725
"20260204_054",4364.2764,"2026-02-04","D","T21",3,"T21_D_3",2.5,5.97673403859038e-05,10,-4.22353606960425
"20260204_055",3826.0464,"2026-02-04","L","T24",1,"T24_L_1",2.5,2.9364171869792e-05,10,-4.5321822426484
"20260204_056",3005.27128,"2026-02-04","T","T24",1,"T24_T_1",2.5,3.05566848497422e-05,10,-4.51489376493802
"20260204_057",440.22088,"2026-02-04","C","T24",1,"T24_C_1",2.5,3.63894893682302e-05,10,-4.43902403856369
"20260204_058",25.63,"2026-02-04","S","T24",3,"T24_S_3",2.5,8.75343623340123e-05,10,-4.05782142763463
"20260204_059",40.8413008130081,"2026-02-04","S","T24",2,"T24_S_2",2.5,0.00011482073818755,10,-3.9399796653612
"20260204_060",817.90456,"2026-02-04","P","T24",2,"T24_P_2",2.5,0.00010415326579255,10,-3.9823271079203
"20260204_061",2425.82824,"2026-02-04","T","T24",2,"T24_T_2",2.5,2.36933900490866e-05,10,-4.62537279599822
"20260204_062",907.50704,"2026-02-04","P","T24",1,"T24_P_1",2.5,0.00011196394623383,10,-3.95092180297674
"20260204_063",170.38824,"2026-02-04","C","T24",3,"T24_C_3",2.5,1.1530329409958e-05,10,-4.93815828516987
"20260204_064",5398.90824,"2026-02-04","D","T24",2,"T24_D_2",2.5,5.81300790087252e-05,10,-4.23559908676269
"20260204_065",3997.66488,"2026-02-04","L","T24",3,"T24_L_3",2.5,2.79743626078822e-05,10,-4.55323980002868
"20260204_066",5364.8716,"2026-02-04","D","T24",3,"T24_D_3",2.5,6.10470736666241e-05,10,-4.21433514942422
"20260204_067",2722.31608,"2026-02-04","T","T24",3,"T24_T_3",2.5,3.00116920275298e-05,10,-4.52270951882026
"20260204_068",4807.1628,"2026-02-04","D","T24",1,"T24_D_1",2.5,5.47935362775571e-05,10,-4.26127067006593
"20260204_069",3634.53904,"2026-02-04","L","T24",2,"T24_L_2",2.5,2.42951032419589e-05,10,-4.61448125106412
"20260204_070",1320.66264,"2026-02-04","P","T24",3,"T24_P_3",2.5,0.00015619912647754,10,-3.806321399185
"20260204_072",270.24272,"2026-02-04","C","T24",2,"T24_C_2",2.5,2.30987913228954e-05,10,-4.63641074458969
"20260204_074",4067.58352,"2026-02-04","D","T27",3,"T27_D_3",2.5,3.17245726121391e-05,10,-4.4986042199327
"20260204_076",2704.88768,"2026-02-04","L","T27",2,"T27_L_2",2.5,1.75541160894565e-05,10,-4.75562103387941
"20260204_078",4684.34384,"2026-02-04","D","T27",2,"T27_D_2",2.5,3.92422257974516e-05,10,-4.40624636764946
"20260204_079",626.80728,"2026-02-04","T","T27",2,"T27_T_2",2.5,3.80389787398532e-06,10,-5.41977115139814
"20260204_080",597.48656,"2026-02-04","P","T27",3,"T27_P_3",2.5,4.2120912585188e-05,10,-4.37550222802744
"20260204_081",25.63,"2026-02-04","C","T27",3,"T27_C_3",2.5,1.14506621923116e-06,10,-5.94116939732836
"20260204_083",384.86008,"2026-02-04","P","T27",2,"T27_P_2",2.5,3.41779868588926e-05,10,-4.46625352153987
"20260204_085",695.49568,"2026-02-04","T","T27",1,"T27_T_1",2.5,3.81609634677626e-06,10,-5.41838066899282
"20260204_086",3607.26872,"2026-02-04","D","T27",1,"T27_D_1",2.5,2.86008732460913e-05,10,-4.54362070672518
"20260204_087",1855.40696,"2026-02-04","L","T27",3,"T27_L_3",2.5,1.19715214077313e-05,10,-4.92185065352045
"20260204_088",1800.66128,"2026-02-04","L","T27",1,"T27_L_1",2.5,1.109048820917e-05,10,-4.95504933555673
"20260204_089",828.3616,"2026-02-04","P","T27",1,"T27_P_1",2.5,7.25030553256476e-05,10,-4.139643691593
"20260204_090",912.83808,"2026-02-04","T","T27",3,"T27_T_3",2.5,4.81145765309507e-06,10,-5.31772333219306
"20260204_020",5,"2026-02-04","S","T18",1,"T18_S_1",2.5,0,10,-Inf
"20260204_024",5,"2026-02-04","S","T18",3,"T18_S_3",2.5,0,10,-Inf
"20260204_037",5,"2026-02-04","S","T21",2,"T21_S_2",2.5,0,10,-Inf
"20260204_044",5,"2026-02-04","S","T21",3,"T21_S_3",2.5,0,10,-Inf
"20260204_052",5,"2026-02-04","S","T21",1,"T21_S_1",2.5,0,10,-Inf
"20260204_071",5,"2026-02-04","S","T24",1,"T24_S_1",2.5,0,10,-Inf
"20260204_073",20,"2026-02-04","C","T27",1,"T27_C_1",2.5,0,10,-Inf
"20260204_075",5,"2026-02-04","S","T27",2,"T27_S_2",2.5,0,10,-Inf
"20260204_077",5,"2026-02-04","S","T27",1,"T27_S_1",2.5,0,10,-Inf
"20260204_082",5,"2026-02-04","S","T27",3,"T27_S_3",2.5,0,10,-Inf
"20260204_084",20,"2026-02-04","C","T27",2,"T27_C_2",2.5,0,10,-Inf
"20260205_001",28.214537815126,"2026-02-05","S","T30",3,"T30_S_3",2.5,1.18870231504116e-07,3,-6.9249268914887
"20260205_002",102.52,"2026-02-05","D","T30",3,"T30_D_3",2.5,6.78376063158639e-06,3,-5.16852948478071
"20260205_003",48.38944,"2026-02-05","S","T30",1,"T30_S_1",2.5,1.17743022396847e-06,3,-5.92906482028684
"20260205_004",648.9516,"2026-02-05","P","T30",2,"T30_P_2",2.5,0.00011100592160262,3,-3.9546538531886
"20260205_006",6152.84032,"2026-02-05","T","T30",1,"T30_T_1",2.5,6.1508885979096e-05,3,-4.21106213864871
"20260205_009",745.52544,"2026-02-05","P","T30",1,"T30_P_1",2.5,0.00011975637698082,3,-3.92170135128423
"20260205_013",218.3676,"2026-02-05","P","T30",3,"T30_P_3",2.5,3.19176268199411e-05,3,-4.49596940733759
"20260205_014",4952.12608,"2026-02-05","T","T30",2,"T30_T_2",2.5,5.29640121135778e-05,3,-4.27601912378003
"20260205_016",6231.1656,"2026-02-05","T","T30",3,"T30_T_3",2.5,6.67783692138831e-05,3,-4.17536419100282
"20260205_017",39.16264,"2026-02-05","D","T30",2,"T30_D_2",2.5,2.28980065985352e-06,3,-5.64020232381463
"20260205_018",25.63,"2026-02-05","L","T30",2,"T30_L_2",2.5,1.5050129032965e-07,3,-6.8224597766107
"20260205_022",377.88872,"2026-02-05","P","T33",2,"T33_P_2",2.5,5.35944044185627e-05,3,-4.27088055092285
"20260205_025",6138.07744,"2026-02-05","T","T33",3,"T33_T_3",2.5,4.65273643112364e-05,3,-4.33229154874563
"20260205_027",507.26896,"2026-02-05","P","T33",1,"T33_P_1",2.5,6.9023604764694e-05,3,-4.1610023633793
"20260205_033",297.308,"2026-02-05","P","T33",3,"T33_P_3",2.5,3.95268646685129e-05,3,-4.40310763319477
"20260205_035",4886.92336,"2026-02-05","T","T33",2,"T33_T_2",2.5,4.34829287896771e-05,3,-4.36168121172562
"20260205_036",5111.03208,"2026-02-05","T","T33",1,"T33_T_1",2.5,4.05353748322607e-05,3,-4.39216580668939
"20260205_005",50,"2026-02-05","D","T30",1,"T30_D_1",2.5,0,3,-Inf
"20260205_007",20,"2026-02-05","C","T30",2,"T30_C_2",2.5,0,3,-Inf
"20260205_008",20,"2026-02-05","C","T30",1,"T30_C_1",2.5,0,3,-Inf
"20260205_010",50,"2026-02-05","L","T30",3,"T30_L_3",2.5,0,3,-Inf
"20260205_011",50,"2026-02-05","L","T30",1,"T30_L_1",2.5,0,3,-Inf
"20260205_012",20,"2026-02-05","C","T30",3,"T30_C_3",2.5,0,3,-Inf
"20260205_015",5,"2026-02-05","S","T30",2,"T30_S_2",2.5,0,3,-Inf
"20260205_019",5,"2026-02-05","S","T33",2,"T33_S_2",2.5,0,3,-Inf
"20260205_020",5,"2026-02-05","S","T33",1,"T33_S_1",2.5,0,3,-Inf
"20260205_021",50,"2026-02-05","D","T33",2,"T33_D_2",2.5,0,3,-Inf
"20260205_023",50,"2026-02-05","L","T33",2,"T33_L_2",2.5,0,3,-Inf
"20260205_024",5,"2026-02-05","S","T33",3,"T33_S_3",2.5,0,3,-Inf
"20260205_026",20,"2026-02-05","C","T33",3,"T33_C_3",2.5,0,3,-Inf
"20260205_028",50,"2026-02-05","L","T33",1,"T33_L_1",2.5,0,3,-Inf
"20260205_029",20,"2026-02-05","C","T33",2,"T33_C_2",2.5,0,3,-Inf
"20260205_030",50,"2026-02-05","D","T33",3,"T33_D_3",2.5,0,3,-Inf
"20260205_031",20,"2026-02-05","C","T33",1,"T33_C_1",2.5,0,3,-Inf
"20260205_032",50,"2026-02-05","L","T33",3,"T33_L_3",2.5,0,3,-Inf
"20260205_034",50,"2026-02-05","D","T33",1,"T33_D_1",2.5,0,3,-Inf
"20260206_002",50.64488,"2026-02-06","D","T30",3,"T30_D_3",2.5,1.81285825106518e-06,4,-5.74163615243339
"20260206_004",719.28032,"2026-02-06","P","T30",2,"T30_P_2",2.5,0.00010475339112656,4,-3.97983190894674
"20260206_005",39.9828,"2026-02-06","D","T30",1,"T30_D_1",2.5,1.34472210765663e-06,4,-5.87136745512676
"20260206_006",5074.32992,"2026-02-06","T","T30",1,"T30_T_1",2.5,3.71661441472737e-05,4,-4.42985249304537
"20260206_009",689.75456,"2026-02-06","P","T30",1,"T30_P_1",2.5,8.21026109248344e-05,4,-4.08564303176949
"20260206_011",25.63,"2026-02-06","L","T30",1,"T30_L_1",2.5,6.0263000605294e-08,4,-7.21994924780574
"20260206_013",1026.84032,"2026-02-06","P","T30",3,"T30_P_3",2.5,0.00012710324491952,4,-3.89584336185628
"20260206_014",4107.77136,"2026-02-06","T","T30",2,"T30_T_2",2.5,3.2655896735692e-05,4,-4.4860383859496
"20260206_016",5171.51888,"2026-02-06","T","T30",3,"T30_T_3",2.5,3.66827898807226e-05,4,-4.4355376418208
"20260206_017",25.63,"2026-02-06","D","T30",2,"T30_D_2",2.5,1.01920435093909e-06,4,-5.9917387310205
"20260206_022",90.87,"2026-02-06","P","T33",2,"T33_P_2",2.5,9.58263336592173e-06,4,-5.01851512775524
"20260206_025",2648.70672,"2026-02-06","T","T33",3,"T33_T_3",2.5,1.54610092194028e-05,4,-4.81076216086321
"20260206_027",494.35144,"2026-02-06","P","T33",1,"T33_P_1",2.5,5.13757979087543e-05,4,-4.28924142010997
"20260206_028",25.63,"2026-02-06","L","T33",1,"T33_L_1",2.5,1.36209039532231e-07,4,-6.8657940694519
"20260206_033",359.23008,"2026-02-06","P","T33",3,"T33_P_3",2.5,4.40808060934736e-05,4,-4.35575047226093
"20260206_035",3508.64448,"2026-02-06","T","T33",2,"T33_T_2",2.5,2.2417944316832e-05,4,-4.64940421389929
"20260206_036",3157.20592,"2026-02-06","T","T33",1,"T33_T_1",2.5,1.8312726406097e-05,4,-4.73724699294696
"20260206_001",5,"2026-02-06","S","T30",3,"T30_S_3",2.5,0,4,-Inf
"20260206_003",5,"2026-02-06","S","T30",1,"T30_S_1",2.5,0,4,-Inf
"20260206_007",20,"2026-02-06","C","T30",2,"T30_C_2",2.5,0,4,-Inf
"20260206_008",20,"2026-02-06","C","T30",1,"T30_C_1",2.5,0,4,-Inf
"20260206_010",50,"2026-02-06","L","T30",3,"T30_L_3",2.5,0,4,-Inf
"20260206_012",20,"2026-02-06","C","T30",3,"T30_C_3",2.5,0,4,-Inf
"20260206_015",5,"2026-02-06","S","T30",2,"T30_S_2",2.5,0,4,-Inf
"20260206_018",50,"2026-02-06","L","T30",2,"T30_L_2",2.5,0,4,-Inf
"20260206_019",5,"2026-02-06","S","T33",2,"T33_S_2",2.5,0,4,-Inf
"20260206_020",5,"2026-02-06","S","T33",1,"T33_S_1",2.5,0,4,-Inf
"20260206_021",50,"2026-02-06","D","T33",2,"T33_D_2",2.5,0,4,-Inf
"20260206_023",50,"2026-02-06","L","T33",2,"T33_L_2",2.5,0,4,-Inf
"20260206_024",5,"2026-02-06","S","T33",3,"T33_S_3",2.5,0,4,-Inf
"20260206_026",20,"2026-02-06","C","T33",3,"T33_C_3",2.5,0,4,-Inf
"20260206_029",20,"2026-02-06","C","T33",2,"T33_C_2",2.5,0,4,-Inf
"20260206_030",50,"2026-02-06","D","T33",3,"T33_D_3",2.5,0,4,-Inf
"20260206_031",20,"2026-02-06","C","T33",1,"T33_C_1",2.5,0,4,-Inf
"20260206_032",50,"2026-02-06","L","T33",3,"T33_L_3",2.5,0,4,-Inf
"20260206_034",50,"2026-02-06","D","T33",1,"T33_D_1",2.5,0,4,-Inf
"20260206_001",51.26,"2026-02-06","S","T15",3,"T15_S_3",2.5,0.0001731176102284,12,-3.76165875167393
"20260206_002",5708.10856,"2026-02-06","D","T15",3,"T15_D_3",2.5,7.39834514771189e-05,12,-4.13086541183514
"20260206_004",279.05944,"2026-02-06","P","T15",2,"T15_P_2",2.5,5.73907389590262e-05,12,-4.24115818327253
"20260206_005",6413.24112,"2026-02-06","D","T15",1,"T15_D_1",2.5,8.82899932142182e-05,12,-4.05408851655968
"20260206_006",2985.3824,"2026-02-06","T","T15",1,"T15_T_1",2.5,4.80524178573665e-05,12,-4.31828475501534
"20260206_007",807.03744,"2026-02-06","C","T15",2,"T15_C_2",2.5,7.59650830933178e-05,12,-4.11938598277758
"20260206_008",625.16696,"2026-02-06","C","T15",1,"T15_C_1",2.5,5.90400100801373e-05,12,-4.22885357703617
"20260206_009",341.80168,"2026-02-06","P","T15",1,"T15_P_1",2.5,6.8198001900602e-05,12,-4.16622834933553
"20260206_010",6053.39592,"2026-02-06","L","T15",3,"T15_L_3",2.5,5.86124437368196e-05,12,-4.23201017114029
"20260206_011",6442.76688,"2026-02-06","L","T15",1,"T15_L_1",2.5,8.83738892707968e-05,12,-4.05367603160065
"20260206_012",422.79248,"2026-02-06","C","T15",3,"T15_C_3",2.5,3.51969393098613e-05,12,-4.45349510068753
"20260206_013",767.05464,"2026-02-06","P","T15",3,"T15_P_3",2.5,0.00017676579679649,12,-3.75260176477297
"20260206_014",2673.92664,"2026-02-06","T","T15",2,"T15_T_2",2.5,3.97652324985741e-05,12,-4.40049647397942
"20260206_016",4119.04856,"2026-02-06","T","T15",3,"T15_T_3",2.5,5.52705453023886e-05,12,-4.25750625062267
"20260206_017",6487.87568,"2026-02-06","D","T15",2,"T15_D_2",2.5,9.79098106440369e-05,12,-4.00917378935009
"20260206_018",5939.59872,"2026-02-06","L","T15",2,"T15_L_2",2.5,5.75363770280552e-05,12,-4.24005748840087
"20260206_021",5850.61136,"2026-02-06","D","T18",2,"T18_D_2",2.5,6.98599314300922e-05,12,-4.15577184497302
"20260206_022",339.13616,"2026-02-06","P","T18",2,"T18_P_2",2.5,4.85954498512632e-05,12,-4.31340439322742
"20260206_023",6236.49664,"2026-02-06","L","T18",2,"T18_L_2",2.5,5.3792118190352e-05,12,-4.26928135402138
"20260206_025",1984.58216,"2026-02-06","T","T18",3,"T18_T_3",2.5,2.15016401581765e-05,12,-4.66752841057384
"20260206_026",241.53712,"2026-02-06","C","T18",3,"T18_C_3",2.5,1.39393787434475e-05,12,-4.85575658164009
"20260206_027",812.77856,"2026-02-06","P","T18",1,"T18_P_1",2.5,0.00014575796742683,12,-3.83636769650079
"20260206_028",5310.33096,"2026-02-06","L","T18",1,"T18_L_1",2.5,4.58058108453336e-05,12,-4.33907942466019
"20260206_029",392.44656,"2026-02-06","C","T18",2,"T18_C_2",2.5,3.05323958734383e-05,12,-4.51523911532833
"20260206_030",4919.31968,"2026-02-06","D","T18",3,"T18_D_3",2.5,5.09177520644993e-05,12,-4.29313077798644
"20260206_031",468.72144,"2026-02-06","C","T18",1,"T18_C_1",2.5,3.25801896554641e-05,12,-4.48704639190959
"20260206_032",5047.26464,"2026-02-06","L","T18",3,"T18_L_3",2.5,4.08223356438713e-05,12,-4.3891021508148
"20260206_033",487.38008,"2026-02-06","P","T18",3,"T18_P_3",2.5,8.2283376963085e-05,12,-4.08468789288473
"20260206_034",4635.74936,"2026-02-06","D","T18",1,"T18_D_1",2.5,4.94187127257289e-05,12,-4.30610857142673
"20260206_035",2162.35184,"2026-02-06","T","T18",2,"T18_T_2",2.5,2.73010153616673e-05,12,-4.56382120066001
"20260206_036",2596.8316,"2026-02-06","T","T18",1,"T18_T_1",2.5,2.79125806388922e-05,12,-4.55420000925054
"20260206_038",3036.84744,"2026-02-06","T","T21",3,"T21_T_3",2.5,2.95704887888524e-05,12,-4.52914149669313
"20260206_039",508.70424,"2026-02-06","P","T21",2,"T21_P_2",2.5,6.86346749861905e-05,12,-4.16345641854256
"20260206_040",3903.34648,"2026-02-06","L","T21",2,"T21_L_2",2.5,2.8563001987845e-05,12,-4.54419614989862
"20260206_041",501.93792,"2026-02-06","C","T21",2,"T21_C_2",2.5,3.76293657748987e-05,12,-4.42447310144583
"20260206_042",3194.72824,"2026-02-06","T","T21",2,"T21_T_2",2.5,3.23207692274553e-05,12,-4.49051831165786
"20260206_043",342.62184,"2026-02-06","C","T21",1,"T21_C_1",2.5,2.26499052755632e-05,12,-4.64493360991544
"20260206_044",75.24968,"2026-02-06","S","T21",3,"T21_S_3",2.5,0.00018058689583554,12,-3.74331376716091
"20260206_045",4529.53864,"2026-02-06","L","T21",3,"T21_L_3",2.5,3.26289936724427e-05,12,-4.48639632030482
"20260206_046",2268.15248,"2026-02-06","T","T21",1,"T21_T_1",2.5,2.38672999219943e-05,12,-4.62219670940988
"20260206_047",4814.13416,"2026-02-06","L","T21",1,"T21_L_1",2.5,3.8103440811532e-05,12,-4.41903580495458
"20260206_048",4395.0324,"2026-02-06","D","T21",1,"T21_D_1",2.5,5.03001928466294e-05,12,-4.29843034989305
"20260206_049",579.238,"2026-02-06","P","T21",3,"T21_P_3",2.5,8.89178563713802e-05,12,-4.05101101580326
"20260206_050",205.86016,"2026-02-06","C","T21",3,"T21_C_3",2.5,1.04425094946131e-05,12,-4.98119512119033
"20260206_051",580.67328,"2026-02-06","P","T21",1,"T21_P_1",2.5,8.06408206534811e-05,12,-4.09344506121273
"20260206_052",25.63,"2026-02-06","S","T21",1,"T21_S_1",2.5,2.03613449135244e-05,12,-4.69119353924139
"20260206_053",5192.43296,"2026-02-06","D","T21",2,"T21_D_2",2.5,6.25942757322737e-05,12,-4.20346538135118
"20260206_054",5295.36304,"2026-02-06","D","T21",3,"T21_D_3",2.5,5.92782333407188e-05,12,-4.22710474804172
"20260206_055",3284.53576,"2026-02-06","L","T24",1,"T24_L_1",2.5,2.30314494795798e-05,12,-4.63767872894094
"20260206_056",1349.57328,"2026-02-06","T","T24",1,"T24_T_1",2.5,1.23448776689043e-05,12,-4.90851320933537
"20260206_057",166.28744,"2026-02-06","C","T24",1,"T24_C_1",2.5,8.25337573823659e-06,12,-5.08336838301033
"20260206_058",28.1103225806452,"2026-02-06","S","T24",3,"T24_S_3",2.5,0.00015575886140344,12,-3.80754723616709
"20260206_059",25.63,"2026-02-06","S","T24",2,"T24_S_2",2.5,0.00010719714482733,12,-3.9698167818284
"20260206_060",591.33536,"2026-02-06","P","T24",2,"T24_P_2",2.5,6.77168826344152e-05,12,-4.16930304297057
"20260206_061",2550.6976,"2026-02-06","T","T24",2,"T24_T_2",2.5,2.23036037927308e-05,12,-4.65162495843857
"20260206_062",797.81064,"2026-02-06","P","T24",1,"T24_P_1",2.5,8.6701519249891e-05,12,-4.06197329241925
"20260206_063",163.41688,"2026-02-06","C","T24",3,"T24_C_3",2.5,9.32080436269938e-06,12,-5.03054660747347
"20260206_064",4582.43896,"2026-02-06","D","T24",2,"T24_D_2",2.5,4.10611450292667e-05,12,-4.38656894407993
"20260206_065",4471.51232,"2026-02-06","L","T24",3,"T24_L_3",2.5,3.05862956900816e-05,12,-4.51447311728703
"20260206_066",5091.75832,"2026-02-06","D","T24",3,"T24_D_3",2.5,4.82090853353139e-05,12,-4.31687110825137
"20260206_067",1929.63144,"2026-02-06","T","T24",3,"T24_T_3",2.5,1.81719221951429e-05,12,-4.74059913132761
"20260206_068",3464.97096,"2026-02-06","D","T24",1,"T24_D_1",2.5,3.55283056540566e-05,12,-4.44942550353346
"20260206_069",4023.29488,"2026-02-06","L","T24",2,"T24_L_2",2.5,2.82597289892616e-05,12,-4.54883200735061
"20260206_070",809.08784,"2026-02-06","P","T24",3,"T24_P_3",2.5,7.34228470121671e-05,12,-4.13416877949286
"20260206_071",25.63,"2026-02-06","S","T24",1,"T24_S_1",2.5,4.04850522508156e-08,12,-7.39270529587832
"20260206_072",171.82352,"2026-02-06","C","T24",2,"T24_C_2",2.5,9.71840706481044e-06,12,-5.0124049140507
"20260206_074",2545.36656,"2026-02-06","D","T27",3,"T27_D_3",2.5,1.63180830927016e-05,12,-4.78733085974623
"20260206_076",1535.95464,"2026-02-06","L","T27",2,"T27_L_2",2.5,1.13231402136641e-05,12,-4.9460331148136
"20260206_078",3123.37432,"2026-02-06","D","T27",2,"T27_D_2",2.5,1.95708070811117e-05,12,-4.70839126408928
"20260206_079",158.906,"2026-02-06","T","T27",2,"T27_T_2",2.5,1.01057678134e-06,12,-5.99543068418185
"20260206_080",375.83832,"2026-02-06","P","T27",3,"T27_P_3",2.5,2.6119038688223e-05,12,-4.58304281132051
"20260206_083",356.15448,"2026-02-06","P","T27",2,"T27_P_2",2.5,2.30038922337778e-05,12,-4.6381986756068
"20260206_085",618.1956,"2026-02-06","T","T27",1,"T27_T_1",2.5,3.38989871091485e-06,12,-5.46981327818274
"20260206_086",2976.77072,"2026-02-06","D","T27",1,"T27_D_1",2.5,1.92179462284171e-05,12,-4.71629302610158
"20260206_087",1602.59264,"2026-02-06","L","T27",3,"T27_L_3",2.5,1.14281579390108e-05,12,-4.94202376622709
"20260206_088",1135.51152,"2026-02-06","L","T27",1,"T27_L_1",2.5,8.12067017342709e-06,12,-5.09040812831903
"20260206_089",376.65848,"2026-02-06","P","T27",1,"T27_P_1",2.5,2.19397701984015e-05,12,-4.65876792562589
"20260206_090",285.82576,"2026-02-06","T","T27",3,"T27_T_3",2.5,1.58683737822351e-06,12,-5.79946757819724
"20260206_003",5,"2026-02-06","S","T15",1,"T15_S_1",2.5,0,12,-Inf
"20260206_015",5,"2026-02-06","S","T15",2,"T15_S_2",2.5,0,12,-Inf
"20260206_019",5,"2026-02-06","S","T18",2,"T18_S_2",2.5,0,12,-Inf
"20260206_020",5,"2026-02-06","S","T18",1,"T18_S_1",2.5,0,12,-Inf
"20260206_024",5,"2026-02-06","S","T18",3,"T18_S_3",2.5,0,12,-Inf
"20260206_037",5,"2026-02-06","S","T21",2,"T21_S_2",2.5,0,12,-Inf
"20260206_073",20,"2026-02-06","C","T27",1,"T27_C_1",2.5,0,12,-Inf
"20260206_075",5,"2026-02-06","S","T27",2,"T27_S_2",2.5,0,12,-Inf
"20260206_077",5,"2026-02-06","S","T27",1,"T27_S_1",2.5,0,12,-Inf
"20260206_081",20,"2026-02-06","C","T27",3,"T27_C_3",2.5,0,12,-Inf
"20260206_082",5,"2026-02-06","S","T27",3,"T27_S_3",2.5,0,12,-Inf
"20260206_084",20,"2026-02-06","C","T27",2,"T27_C_2",2.5,0,12,-Inf
"20260207_T30T33_002",25.63,"2026-02-07","D","T30",3,"T30_D_3",2.5,5.35824892283788e-07,5,-6.2709771146726
"20260207_T30T33_004",725.22648,"2026-02-07","P","T30",2,"T30_P_2",2.5,0.00010393252420954,5,-3.98324852487421
"20260207_T30T33_006",4236.1264,"2026-02-07","T","T30",1,"T30_T_1",2.5,3.5451544409174e-05,5,-4.45036484048734
"20260207_T30T33_009",618.81072,"2026-02-07","P","T30",1,"T30_P_1",2.5,8.09283745777708e-05,5,-4.09189918219479
"20260207_T30T33_011",25.63,"2026-02-07","L","T30",1,"T30_L_1",2.5,1.68659169033912e-08,5,-7.77299004372714
"20260207_T30T33_013",810.72816,"2026-02-07","P","T30",3,"T30_P_3",2.5,9.43887748340028e-05,5,-4.02507965101465
"20260207_T30T33_014",3819.28008,"2026-02-07","T","T30",2,"T30_T_2",2.5,3.57175723001137e-05,5,-4.44711806749051
"20260207_T30T33_016",2253.59464,"2026-02-07","T","T30",3,"T30_T_3",2.5,1.7672252460378e-05,5,-4.75270809289455
"20260207_T30T33_017",25.63,"2026-02-07","D","T30",2,"T30_D_2",2.5,3.67365929527806e-07,5,-6.43490112376289
"20260207_T30T33_022",389.78104,"2026-02-07","P","T33",2,"T33_P_2",2.5,4.24111731841495e-05,5,-4.37251971385589
"20260207_T30T33_023",25.63,"2026-02-07","L","T33",2,"T33_L_2",2.5,2.34719497165907e-07,5,-6.62945083387871
"20260207_T30T33_025",616.55528,"2026-02-07","T","T33",3,"T33_T_3",2.5,4.43644083890596e-06,5,-5.35296530553645
"20260207_T30T33_026",25.63,"2026-02-07","C","T33",3,"T33_C_3",2.5,4.08129675741495e-08,5,-7.3892018258535
"20260207_T30T33_027",957.33176,"2026-02-07","P","T33",1,"T33_P_1",2.5,0.00012318267772619,5,-3.90945035951619
"20260207_T30T33_033",452.52328,"2026-02-07","P","T33",3,"T33_P_3",2.5,5.50421797721985e-05,5,-4.25930437556665
"20260207_T30T33_035",663.50944,"2026-02-07","T","T33",2,"T33_T_2",2.5,5.41411509039276e-06,5,-5.26647251646517
"20260207_T30T33_036",985.62728,"2026-02-07","T","T33",1,"T33_T_1",2.5,6.53748589460114e-06,5,-5.18458923516536
"20260207_T30T33_001",5,"2026-02-07","S","T30",3,"T30_S_3",2.5,0,5,-Inf
"20260207_T30T33_003",5,"2026-02-07","S","T30",1,"T30_S_1",2.5,0,5,-Inf
"20260207_T30T33_005",50,"2026-02-07","D","T30",1,"T30_D_1",2.5,0,5,-Inf
"20260207_T30T33_007",20,"2026-02-07","C","T30",2,"T30_C_2",2.5,0,5,-Inf
"20260207_T30T33_008",20,"2026-02-07","C","T30",1,"T30_C_1",2.5,0,5,-Inf
"20260207_T30T33_010",50,"2026-02-07","L","T30",3,"T30_L_3",2.5,0,5,-Inf
"20260207_T30T33_012",20,"2026-02-07","C","T30",3,"T30_C_3",2.5,0,5,-Inf
"20260207_T30T33_015",5,"2026-02-07","S","T30",2,"T30_S_2",2.5,0,5,-Inf
"20260207_T30T33_018",50,"2026-02-07","L","T30",2,"T30_L_2",2.5,0,5,-Inf
"20260207_T30T33_019",5,"2026-02-07","S","T33",2,"T33_S_2",2.5,0,5,-Inf
"20260207_T30T33_020",5,"2026-02-07","S","T33",1,"T33_S_1",2.5,0,5,-Inf
"20260207_T30T33_021",50,"2026-02-07","D","T33",2,"T33_D_2",2.5,0,5,-Inf
"20260207_T30T33_024",5,"2026-02-07","S","T33",3,"T33_S_3",2.5,0,5,-Inf
"20260207_T30T33_028",50,"2026-02-07","L","T33",1,"T33_L_1",2.5,0,5,-Inf
"20260207_T30T33_029",20,"2026-02-07","C","T33",2,"T33_C_2",2.5,0,5,-Inf
"20260207_T30T33_030",50,"2026-02-07","D","T33",3,"T33_D_3",2.5,0,5,-Inf
"20260207_T30T33_031",20,"2026-02-07","C","T33",1,"T33_C_1",2.5,0,5,-Inf
"20260207_T30T33_032",50,"2026-02-07","L","T33",3,"T33_L_3",2.5,0,5,-Inf
"20260207_T30T33_034",50,"2026-02-07","D","T33",1,"T33_D_1",2.5,0,5,-Inf
"20260209_T30T33_004",1140.0224,"2026-02-09","P","T30",2,"T30_P_2",2.5,0.00011150709339996,7,-3.9526975045757
"20260209_T30T33_006",792.27456,"2026-02-09","T","T30",1,"T30_T_1",2.5,5.37000392021823e-06,7,-5.27002539725603
"20260209_T30T33_009",1073.17936,"2026-02-09","P","T30",1,"T30_P_1",2.5,0.0001037596548168,7,-3.98397148171396
"20260209_T30T33_013",773.20584,"2026-02-09","P","T30",3,"T30_P_3",2.5,8.04409367667551e-05,7,-4.09452288051359
"20260209_T30T33_014",1307.74512,"2026-02-09","T","T30",2,"T30_T_2",2.5,9.39762221914896e-06,7,-5.02698201743572
"20260209_T30T33_016",807.65256,"2026-02-09","T","T30",3,"T30_T_3",2.5,5.94744468215913e-06,7,-5.22566958869293
"20260209_T30T33_017",25.63,"2026-02-09","D","T30",2,"T30_D_2",2.5,6.58668242491734e-07,7,-6.18133327544278
"20260209_T30T33_018",25.63,"2026-02-09","L","T30",2,"T30_L_2",2.5,1.89269786377083e-07,7,-6.72291870804874
"20260209_T30T33_022",465.4408,"2026-02-09","P","T33",2,"T33_P_2",2.5,4.11513224818142e-05,7,-4.38561620328706
"20260209_T30T33_025",426.89328,"2026-02-09","T","T33",3,"T33_T_3",2.5,3.60570650448886e-06,7,-5.44300962666198
"20260209_T30T33_027",654.69272,"2026-02-09","P","T33",1,"T33_P_1",2.5,6.1269410510576e-05,7,-4.21275629811158
"20260209_T30T33_033",549.30216,"2026-02-09","P","T33",3,"T33_P_3",2.5,5.41229570637652e-05,7,-4.26661848329776
"20260209_T30T33_035",386.5004,"2026-02-09","T","T33",2,"T33_T_2",2.5,2.71926943167413e-06,7,-5.56554775935175
"20260209_T30T33_036",198.06864,"2026-02-09","T","T33",1,"T33_T_1",2.5,1.30833249081061e-06,7,-5.88328187330954
"20260209_T30T33_001",5,"2026-02-09","S","T30",3,"T30_S_3",2.5,0,7,-Inf
"20260209_T30T33_002",50,"2026-02-09","D","T30",3,"T30_D_3",2.5,0,7,-Inf
"20260209_T30T33_003",5,"2026-02-09","S","T30",1,"T30_S_1",2.5,0,7,-Inf
"20260209_T30T33_005",50,"2026-02-09","D","T30",1,"T30_D_1",2.5,0,7,-Inf
"20260209_T30T33_007",20,"2026-02-09","C","T30",2,"T30_C_2",2.5,0,7,-Inf
"20260209_T30T33_008",20,"2026-02-09","C","T30",1,"T30_C_1",2.5,0,7,-Inf
"20260209_T30T33_010",50,"2026-02-09","L","T30",3,"T30_L_3",2.5,0,7,-Inf
"20260209_T30T33_011",50,"2026-02-09","L","T30",1,"T30_L_1",2.5,0,7,-Inf
"20260209_T30T33_012",20,"2026-02-09","C","T30",3,"T30_C_3",2.5,0,7,-Inf
"20260209_T30T33_015",5,"2026-02-09","S","T30",2,"T30_S_2",2.5,0,7,-Inf
"20260209_T30T33_019",5,"2026-02-09","S","T33",2,"T33_S_2",2.5,0,7,-Inf
"20260209_T30T33_020",5,"2026-02-09","S","T33",1,"T33_S_1",2.5,0,7,-Inf
"20260209_T30T33_021",50,"2026-02-09","D","T33",2,"T33_D_2",2.5,0,7,-Inf
"20260209_T30T33_023",50,"2026-02-09","L","T33",2,"T33_L_2",2.5,0,7,-Inf
"20260209_T30T33_024",5,"2026-02-09","S","T33",3,"T33_S_3",2.5,0,7,-Inf
"20260209_T30T33_026",20,"2026-02-09","C","T33",3,"T33_C_3",2.5,0,7,-Inf
"20260209_T30T33_028",50,"2026-02-09","L","T33",1,"T33_L_1",2.5,0,7,-Inf
"20260209_T30T33_029",20,"2026-02-09","C","T33",2,"T33_C_2",2.5,0,7,-Inf
"20260209_T30T33_030",50,"2026-02-09","D","T33",3,"T33_D_3",2.5,0,7,-Inf
"20260209_T30T33_031",20,"2026-02-09","C","T33",1,"T33_C_1",2.5,0,7,-Inf
"20260209_T30T33_032",50,"2026-02-09","L","T33",3,"T33_L_3",2.5,0,7,-Inf
"20260209_T30T33_034",50,"2026-02-09","D","T33",1,"T33_D_1",2.5,0,7,-Inf
NA,50,"2026-01-26","D","T15",3,"T15_D_3",2.5,1.28139375710879e-05,0,-4.89231739620166
NA,5,"2026-01-26","S","T15",1,"T15_S_1",2.5,2.96049873723993e-07,0,-6.52863511982429
NA,10,"2026-01-26","P","T15",2,"T15_P_2",2.5,7.08463608206975e-06,0,-5.14968245333581
NA,50,"2026-01-26","D","T15",1,"T15_D_1",2.5,8.0359339284578e-06,0,-5.09496364268339
NA,50,"2026-01-26","T","T15",1,"T15_T_1",2.5,4.78350266263662e-06,0,-5.32025397996036
NA,20,"2026-01-26","C","T15",2,"T15_C_2",2.5,3.81119455297226e-06,0,-5.41893888089835
NA,20,"2026-01-26","C","T15",1,"T15_C_1",2.5,1.29941933028668e-05,0,-4.8862506769162
NA,10,"2026-01-26","P","T15",1,"T15_P_1",2.5,1.46274916251364e-05,0,-4.83483014186931
NA,50,"2026-01-26","L","T15",3,"T15_L_3",2.5,9.79596994087837e-06,0,-5.00895255618623
NA,50,"2026-01-26","L","T15",1,"T15_L_1",2.5,8.74590688043497e-06,0,-5.05819515099397
NA,20,"2026-01-26","C","T15",3,"T15_C_3",2.5,9.29705871309e-06,0,-5.03165442636164
NA,50,"2026-01-26","T","T15",2,"T15_T_2",2.5,4.71509194492075e-06,0,-5.32650983404386
NA,50,"2026-01-26","T","T15",3,"T15_T_3",2.5,4.87537022672833e-06,0,-5.31199239918184
NA,50,"2026-01-26","D","T15",2,"T15_D_2",2.5,1.3697262448845e-05,0,-4.86336622278231
NA,50,"2026-01-26","L","T15",2,"T15_L_2",2.5,1.00057375855387e-05,0,-4.9997508912834
NA,50,"2026-01-26","D","T18",2,"T18_D_2",2.5,9.30762313728372e-06,0,-5.0311612094755
NA,10,"2026-01-26","P","T18",2,"T18_P_2",2.5,1.67359960110093e-06,0,-5.77634843632602
NA,50,"2026-01-26","L","T18",2,"T18_L_2",2.5,1.13648849172576e-05,0,-4.94443495765595
NA,50,"2026-01-26","T","T18",3,"T18_T_3",2.5,3.64527378662488e-06,0,-5.43826984744065
NA,20,"2026-01-26","C","T18",3,"T18_C_3",2.5,6.00431523259273e-06,0,-5.22153651493282
NA,50,"2026-01-26","L","T18",1,"T18_L_1",2.5,8.78512022009136e-06,0,-5.05625229101956
NA,20,"2026-01-26","C","T18",2,"T18_C_2",2.5,1.16634868587182e-07,0,-6.93317159562155
NA,20,"2026-01-26","C","T18",1,"T18_C_1",2.5,5.99437905288297e-06,0,-5.22225579803194
NA,50,"2026-01-26","L","T18",3,"T18_L_3",2.5,8.20701311238994e-06,0,-5.08581487270152
NA,50,"2026-01-26","D","T18",1,"T18_D_1",2.5,1.49904890810426e-05,0,-4.82418419758981
NA,50,"2026-01-26","T","T18",2,"T18_T_2",2.5,3.27325251141241e-06,0,-5.48502049023647
NA,50,"2026-01-26","T","T18",1,"T18_T_1",2.5,3.51215337268535e-06,0,-5.45442652708925
NA,50,"2026-01-26","T","T21",3,"T21_T_3",2.5,2.71468253225035e-06,0,-5.566280951546
NA,10,"2026-01-26","P","T21",2,"T21_P_2",2.5,1.29751714448764e-05,0,-4.88688689497685
NA,50,"2026-01-26","L","T21",2,"T21_L_2",2.5,8.15343380934355e-06,0,-5.08865945010918
NA,20,"2026-01-26","C","T21",2,"T21_C_2",2.5,8.47118907043324e-06,0,-5.0720556250314
NA,50,"2026-01-26","T","T21",2,"T21_T_2",2.5,2.52962733576885e-06,0,-5.5969434542946
NA,20,"2026-01-26","C","T21",1,"T21_C_1",2.5,9.38693018126342e-06,0,-5.02747641234665
NA,50,"2026-01-26","L","T21",3,"T21_L_3",2.5,9.40554898421928e-06,0,-5.02661585042101
NA,50,"2026-01-26","T","T21",1,"T21_T_1",2.5,2.44650772163432e-06,0,-5.61145340918756
NA,50,"2026-01-26","L","T21",1,"T21_L_1",2.5,1.10961014541901e-05,0,-4.95482958106297
NA,50,"2026-01-26","D","T21",1,"T21_D_1",2.5,1.38041558134296e-05,0,-4.85999014728472
NA,20,"2026-01-26","C","T21",3,"T21_C_3",2.5,8.9213104322896e-06,0,-5.04957134834671
NA,5,"2026-01-26","S","T21",1,"T21_S_1",2.5,2.99685048143884e-07,0,-6.52333492429022
NA,50,"2026-01-26","D","T21",2,"T21_D_2",2.5,1.25110696906643e-05,0,-4.90270555674204
NA,50,"2026-01-26","D","T21",3,"T21_D_3",2.5,1.06574995879495e-05,0,-4.97234467547194
NA,50,"2026-01-26","L","T24",1,"T24_L_1",2.5,9.95765145683559e-06,0,-5.00184307920759
NA,50,"2026-01-26","T","T24",1,"T24_T_1",2.5,2.06208257868494e-06,0,-5.68569394683665
NA,20,"2026-01-26","C","T24",1,"T24_C_1",2.5,1.56013970864357e-05,0,-4.80683650935309
NA,5,"2026-01-26","S","T24",2,"T24_S_2",2.5,5.33788048150428e-05,0,-4.2726311545658
NA,10,"2026-01-26","P","T24",2,"T24_P_2",2.5,6.30395974196305e-06,0,-5.20038656897966
NA,50,"2026-01-26","T","T24",2,"T24_T_2",2.5,2.10855339257055e-06,0,-5.67601539735001
NA,10,"2026-01-26","P","T24",1,"T24_P_1",2.5,5.95655336041809e-06,0,-5.22500496333543
NA,20,"2026-01-26","C","T24",3,"T24_C_3",2.5,1.0054456951777e-05,0,-4.99764138098127
NA,50,"2026-01-26","D","T24",2,"T24_D_2",2.5,1.24215768998023e-05,0,-4.9058232676529
NA,50,"2026-01-26","L","T24",3,"T24_L_3",2.5,9.38372002748709e-06,0,-5.02762495830209
NA,50,"2026-01-26","D","T24",3,"T24_D_3",2.5,1.57519010759244e-05,0,-4.80266702428963
NA,50,"2026-01-26","T","T24",3,"T24_T_3",2.5,2.26048388144282e-06,0,-5.64579858538943
NA,50,"2026-01-26","D","T24",1,"T24_D_1",2.5,1.25233275365684e-05,0,-4.90228026068132
NA,50,"2026-01-26","L","T24",2,"T24_L_2",2.5,9.00736768521708e-06,0,-5.04540210877821
NA,10,"2026-01-26","P","T24",3,"T24_P_3",2.5,9.44033511255674e-06,0,-5.0250125888639
NA,20,"2026-01-26","C","T24",2,"T24_C_2",2.5,2.99854692034666e-06,0,-5.52308915106558
NA,20,"2026-01-26","C","T27",1,"T27_C_1",2.5,1.38894242639064e-05,0,-4.85731575600397
NA,50,"2026-01-26","D","T27",3,"T27_D_3",2.5,1.51316946866891e-05,0,-4.82011243008243
NA,50,"2026-01-26","L","T27",2,"T27_L_2",2.5,1.00648590685984e-05,0,-4.99719230186411
NA,5,"2026-01-26","S","T27",1,"T27_S_1",2.5,1.48618658018896e-08,0,-7.82792666455938
NA,50,"2026-01-26","D","T27",2,"T27_D_2",2.5,1.61789237555787e-05,0,-4.79105037163347
NA,50,"2026-01-26","T","T27",2,"T27_T_2",2.5,2.35097241372643e-06,0,-5.62875246684983
NA,10,"2026-01-26","P","T27",3,"T27_P_3",2.5,1.05150151036271e-05,0,-4.97819009916242
NA,20,"2026-01-26","C","T27",3,"T27_C_3",2.5,8.30886888884951e-06,0,-5.08045809399762
NA,5,"2026-01-26","S","T27",3,"T27_S_3",2.5,1.79396077027101e-07,0,-6.74618705819332
NA,10,"2026-01-26","P","T27",2,"T27_P_2",2.5,1.08444081224184e-05,0,-4.96479414638674
NA,20,"2026-01-26","C","T27",2,"T27_C_2",2.5,8.66797888642489e-06,0,-5.06208215521105
NA,50,"2026-01-26","T","T27",1,"T27_T_1",2.5,2.29593733042367e-06,0,-5.63903997055222
NA,50,"2026-01-26","D","T27",1,"T27_D_1",2.5,1.1384127451134e-05,0,-4.94370025074753
NA,50,"2026-01-26","L","T27",3,"T27_L_3",2.5,9.82047350390057e-06,0,-5.00786757176768
NA,50,"2026-01-26","L","T27",1,"T27_L_1",2.5,1.0146415512865e-05,0,-4.99368735656135
NA,10,"2026-01-26","P","T27",1,"T27_P_1",2.5,8.87385389679272e-06,0,-5.05188772598447
NA,50,"2026-01-26","T","T27",3,"T27_T_3",2.5,2.30859621890558e-06,0,-5.63665201997837
NA,5,"2026-01-26","S","T15",3,"T15_S_3",2.5,0,0,-Inf
NA,10,"2026-01-26","P","T15",3,"T15_P_3",2.5,0,0,-Inf
NA,5,"2026-01-26","S","T15",2,"T15_S_2",2.5,0,0,-Inf
NA,5,"2026-01-26","S","T18",2,"T18_S_2",2.5,0,0,-Inf
NA,5,"2026-01-26","S","T18",1,"T18_S_1",2.5,0,0,-Inf
NA,5,"2026-01-26","S","T18",3,"T18_S_3",2.5,0,0,-Inf
NA,10,"2026-01-26","P","T18",1,"T18_P_1",2.5,0,0,-Inf
NA,50,"2026-01-26","D","T18",3,"T18_D_3",2.5,0,0,-Inf
NA,10,"2026-01-26","P","T18",3,"T18_P_3",2.5,0,0,-Inf
NA,5,"2026-01-26","S","T21",2,"T21_S_2",2.5,0,0,-Inf
NA,5,"2026-01-26","S","T21",3,"T21_S_3",2.5,0,0,-Inf
NA,10,"2026-01-26","P","T21",3,"T21_P_3",2.5,0,0,-Inf
NA,10,"2026-01-26","P","T21",1,"T21_P_1",2.5,0,0,-Inf
NA,5,"2026-01-26","S","T24",3,"T24_S_3",2.5,0,0,-Inf
NA,5,"2026-01-26","S","T24",1,"T24_S_1",2.5,0,0,-Inf
NA,5,"2026-01-26","S","T27",2,"T27_S_2",2.5,0,0,-Inf
NA,50,"2026-02-03","D","T30",3,"T30_D_3",2.5,1.8340153475357e-06,0,-5.73659703435729
NA,5,"2026-02-03","S","T30",1,"T30_S_1",2.5,1.35872324276145e-05,0,-4.86686899535126
NA,10,"2026-02-03","P","T30",2,"T30_P_2",2.5,3.22497448099223e-06,0,-5.49147371755836
NA,50,"2026-02-03","D","T30",1,"T30_D_1",2.5,1.30049451097968e-06,0,-5.88589147649869
NA,50,"2026-02-03","T","T30",1,"T30_T_1",2.5,6.47667898587598e-07,0,-6.18864762805304
NA,10,"2026-02-03","P","T30",1,"T30_P_1",2.5,2.84673069647607e-06,0,-5.545653615595
NA,50,"2026-02-03","L","T30",3,"T30_L_3",2.5,3.30331218563268e-07,0,-6.48105038056509
NA,50,"2026-02-03","L","T30",1,"T30_L_1",2.5,4.5757692839932e-07,0,-6.33953588133362
NA,10,"2026-02-03","P","T30",3,"T30_P_3",2.5,3.46181316480816e-06,0,-5.46069637484376
NA,50,"2026-02-03","T","T30",2,"T30_T_2",2.5,6.500486273158e-07,0,-6.18705415445713
NA,50,"2026-02-03","T","T30",3,"T30_T_3",2.5,5.70622619349581e-07,0,-6.24365101700421
NA,50,"2026-02-03","D","T30",2,"T30_D_2",2.5,2.25498044559221e-06,0,-5.64685721982071
NA,50,"2026-02-03","L","T30",2,"T30_L_2",2.5,6.91994788957253e-07,0,-6.15989717597046
NA,5,"2026-02-03","S","T33",1,"T33_S_1",2.5,1.38738643298279e-08,0,-7.85780255670799
NA,50,"2026-02-03","D","T33",2,"T33_D_2",2.5,1.36290437967678e-06,0,-5.86553461286339
NA,10,"2026-02-03","P","T33",2,"T33_P_2",2.5,3.81508628883277e-06,0,-5.41849563481523
NA,5,"2026-02-03","S","T33",3,"T33_S_3",2.5,4.90923974908849e-06,0,-5.30898575804809
NA,50,"2026-02-03","T","T33",3,"T33_T_3",2.5,5.5288557181253e-07,0,-6.25736474332942
NA,10,"2026-02-03","P","T33",1,"T33_P_1",2.5,3.26501178248022e-06,0,-5.4861152471433
NA,50,"2026-02-03","L","T33",1,"T33_L_1",2.5,3.58467283862329e-07,0,-6.4455504748258
NA,50,"2026-02-03","D","T33",3,"T33_D_3",2.5,9.57623260418795e-07,0,-6.01880531357403
NA,20,"2026-02-03","C","T33",1,"T33_C_1",2.5,3.06076395440323e-08,0,-7.514170161828
NA,50,"2026-02-03","L","T33",3,"T33_L_3",2.5,3.80743035051042e-07,0,-6.41936803248717
NA,10,"2026-02-03","P","T33",3,"T33_P_3",2.5,2.95010551865166e-06,0,-5.53016245000536
NA,50,"2026-02-03","D","T33",1,"T33_D_1",2.5,6.24733477652472e-07,0,-6.20430522085056
NA,50,"2026-02-03","T","T33",2,"T33_T_2",2.5,5.53966001979595e-07,0,-6.2565168879895
NA,50,"2026-02-03","T","T33",1,"T33_T_1",2.5,5.61683451511655e-07,0,-6.25050837125123
NA,5,"2026-02-03","S","T30",3,"T30_S_3",2.5,0,0,-Inf
NA,20,"2026-02-03","C","T30",2,"T30_C_2",2.5,0,0,-Inf
NA,20,"2026-02-03","C","T30",1,"T30_C_1",2.5,0,0,-Inf
NA,20,"2026-02-03","C","T30",3,"T30_C_3",2.5,0,0,-Inf
NA,5,"2026-02-03","S","T30",2,"T30_S_2",2.5,0,0,-Inf
NA,5,"2026-02-03","S","T33",2,"T33_S_2",2.5,0,0,-Inf
NA,50,"2026-02-03","L","T33",2,"T33_L_2",2.5,0,0,-Inf
NA,20,"2026-02-03","C","T33",3,"T33_C_3",2.5,0,0,-Inf
NA,20,"2026-02-03","C","T33",2,"T33_C_2",2.5,0,0,-Inf
